Workbook
Name \M: #REF!
Name \Q: #REF!
Name \S: #REF!
Name \W: #REF!
Name \WQ: '[1]BAG-2'!#REF!
Name __ahu100: #REF!
Name __ahu150: #REF!
Name __bsc100: #REF!
Name __ewr4: #REF!
Name __grc1: #REF!
Name __gyp7: '[3]Harga Material'!#REF!
Name __ker1020: #REF!
Name __ker40: '[4]HB '!#REF!
Name __pah150: #REF!
Name __pav8: #REF!
Name __ph100: #REF!
Name __ph150: #REF!
Name __phf100: #REF!
Name __phf150: #REF!
Name __pv100: #REF!
Name __pv50: #REF!
Name __pv80: #REF!
Name __pvc1: #REF!
Name __pvc12: #REF!
Name __pvc3: #REF!
Name __pvc34: #REF!
Name __pvf100: #REF!
Name __pvf80: #REF!
Name __vnt100: #REF!
Name __vnt50: #REF!
Name __vnt80: #REF!
Name _abs100: #REF!
Name _ako100: #REF!
Name _ako150: #REF!
Name _ako50: #REF!
Name _ako80: #REF!
Name _aku100: #REF!
Name _aku150: #REF!
Name _bcv100: #REF!
Name _bcv125: #REF!
Name _bcv150: #REF!
Name _cas80: #REF!
Name _cvd100: #REF!
Name _cvd15: #REF!
Name _cvd150: #REF!
Name _cvd50: #REF!
Name _cvd65: #REF!
Name _dia6: #REF!
Name _fjd100: #REF!
Name _fjd150: #REF!
Name _fjd50: #REF!
Name _fjd65: #REF!
Name _fmd150: #REF!
Name _gra4040: #REF!
Name _gvd100: #REF!
Name _gvd15: #REF!
Name _gvd150: #REF!
Name _gvd25: #REF!
Name _gvd50: #REF!
Name _gvd65: #REF!

Sheet REKAP (Final Harga Kontrak)
A1: REKAPITULASI RENCANA ANGGARAN BIAYA
A2: PEKERJAAN | C2: : | D2: RUMAH Qur'an Az'Zakir
A3: OWNER | C3: : | D3: PT. Cipta Karya Serasi
A4: LOKASI | C4: : | D4: Cibinong, Bogor
A5: No | B5: URAIAN PEKERJAAN | E5: JUMLAH
E6: (Rp)
A8: ='BOQ (Final Harga Kontrak)'!A11 -> I | B8: ='BOQ (Final Harga Kontrak)'!B11 -> PEKERJAAN PERSIAPAN | E8: ='BOQ (Final Harga Kontrak)'!I21 -> 48550323
A9: ='BOQ (Final Harga Kontrak)'!A23 -> II | B9: ='BOQ (Final Harga Kontrak)'!B23 -> PEKERJAAN TANAH + PONDASI | E9: ='BOQ (Final Harga Kontrak)'!I62 -> 3.3891559e+08
A10: ='BOQ (Final Harga Kontrak)'!A65 -> III | B10: ='BOQ (Final Harga Kontrak)'!B65 -> PEKERJAAN BETON | E10: ='BOQ (Final Harga Kontrak)'!I87 -> 1.9741013e+08
A11: ='BOQ (Final Harga Kontrak)'!A89 -> IV | B11: ='BOQ (Final Harga Kontrak)'!B89 -> PEKERJAAN STRUKTUR BAJA | E11: ='BOQ (Final Harga Kontrak)'!I95 -> 2.0728286e+08
A12: ='BOQ (Final Harga Kontrak)'!A97 -> V | B12: ='BOQ (Final Harga Kontrak)'!B97 -> PEKERJAAN PASANGAN DINDING, LANTAI, PLESTERAN DAN ACIAN | E12: ='BOQ (Final Harga Kontrak)'!I109 -> 2.2252371e+08
A13: ='BOQ (Final Harga Kontrak)'!A111 -> VI | B13: ='BOQ (Final Harga Kontrak)'!B111 -> PEKERJAAN M & E | E13: ='BOQ (Final Harga Kontrak)'!I116 -> 14497640
A14: ='BOQ (Final Harga Kontrak)'!A118 -> VII | B14: ='BOQ (Final Harga Kontrak)'!B118 -> PEKERJAAN SANITAIR | E14: ='BOQ (Final Harga Kontrak)'!I124 -> 47623613
A15: ='BOQ (Final Harga Kontrak)'!A127 -> VIII | B15: ='BOQ (Final Harga Kontrak)'!B127 -> PEKERJAAN ATAP | E15: ='BOQ (Final Harga Kontrak)'!I135 -> 1.4153106e+08
A16: ='BOQ (Final Harga Kontrak)'!A137 -> IX | B16: ='BOQ (Final Harga Kontrak)'!B137 -> PEKERJAAN CARPORT | E16: ='BOQ (Final Harga Kontrak)'!I140 -> 24658510
A17: ='BOQ (Final Harga Kontrak)'!A142 -> X | B17: ='BOQ (Final Harga Kontrak)'!B142 -> PEKERJAAN LAIN-LAIN | E17: ='BOQ (Final Harga Kontrak)'!I149 -> 55506571
D18: JUMLAH I | E18: =SUM(E8:E17) -> 1.2985e+09
D19: PPH 23 (2%) | E19: ='BOQ (Final Harga Kontrak)'!I151 -> 26500000
E21: =E18+E19 -> 1.325e+09
D22: DIBULATKAN | E22: =ROUND(E21,-6) -> 1325000000

Sheet BOQ (Final Harga Kontrak)
A1: RENCANA ANGGARAN BIAYA | K1: NK Incl. PPh | L1: 1325000000
A2: PEKERJAAN | C2: : | D2: RUMAH Qur'an Az'Zakir | K2: PPh 2% | L2: =L1*2% -> 26500000
A3: OWNER | C3: : | D3: PT. Cipta Karya Serasi
A4: LOKASI | C4: : | D4: Cibinong, Bogor
A5: OWNER | C5: : | D5: PT. Cipta Karya Serasi | L5: =L1-L2 -> 1298500000
A6: LOKASI | C6: : | D6: Cibinong, Bogor
A8: NO | B8: URAIAN PEKERJAAN | E8: VOLUME | H8: Harga Satuan Material + Upah | I8: Jumlah Material + Upah
H9: (Rp) | I9: (Rp)
A10: I | B10: LANTAI 1
A11: I | B11: PEKERJAAN PERSIAPAN
A12: 1 | B12: Uitzet / Bowplank : | E12: 128 | F12: m1 | G12: 0.0020935991 | H12: =I12/E12 -> 21238.581 | I12: =$L$5*G12 -> 2718538.4
A13: 2 | B13: Pembersihan | E13: 854 | F13: m2 | G13: 0.0013968231 | H13: =I13/E13 -> 2123.8581 | I13: =$L$5*G13 -> 1813774.8
A14: 3 | B14: Instalasi Air Bersih, Sumur Bor | E14: 30 | F14: m | G14: 0.006951395 | H14: =I14/E14 -> 300879.55 | I14: =$L$5*G14 -> 9026386.5
A15: 4 | B15: Token Listrik | D15: (Daya Listrik 2200 Watt By owner) | E15: 1 | F15: ls | G15: 0.0020445304 | H15: =I15/E15 -> 2654822.7 | I15: =$L$5*G15 -> 2654822.7
A16: 5 | B16: Mobilisasi dan Remobilisasi | E16: 1 | F16: ls | G16: 0.0053335575 | H16: =I16/E16 -> 6925624.4 | I16: =$L$5*G16 -> 6925624.4
A17: 6 | B17: MCK | E17: 3 | F17: unit | G17: 0.00036883246 | H17: =I17/E17 -> 159642.98 | I17: =$L$5*G17 -> 478928.95
A18: 7 | B18: K3 Tools | E18: 1 | F18: ls | G18: 0.0071114099 | H18: =I18/E18 -> 9234165.8 | I18: =$L$5*G18 -> 9234165.8
A19: 8 | B19: Keamanan | E19: 8 | F19: ls | G19: 0.005689128 | H19: =I19/E19 -> 923416.58 | I19: =$L$5*G19 -> 7387332.7
A20: 9 | B20: Direksi Keet, Bedeng tenaga dan gudang material | E20: 30 | F20: m2 | G20: 0.006400269 | H20: =I20/E20 -> 277024.97 | I20: =$L$5*G20 -> 8310749.2
H21: 0 | I21: =SUM(I12:I20) -> 48550323
H22: 0
A23: II | B23: PEKERJAAN TANAH + PONDASI | H23: 0
A24: 1 | B24: Urugan Field | E24: 1 | F24: ls | G24: 0.04977987 | H24: =I24/E24 -> 64639161 | I24: =$L$5*G24 -> 64639161
A25: =A24+1 -> 2 | B25: Pekerjaan Beton Bore Pile BP-01 - K175 | E25: =3.14*0.15*0.15*6*18 -> 7.6302 | F25: m3 | G25: 0.0063336713 | H25: =I25/E25 -> 1077858 | I25: =$L$5*G25 -> 8224272.1
A26: =A25+1 -> 3 | B26: Pekerjaan Beton Bore Pile BP-02 - K175 | E26: =3.14*0.1*0.1*4*42 -> 5.2752 | F26: m3 | G26: 0.0043788345 | H26: =I26/E26 -> 1077858 | I26: =$L$5*G26 -> 5685916.5
A27: =A26+1 -> 4 | B27: Pekerjaan Pembesian Bore Pile BP-01 | E27: 877.61 | F27: kg | G27: 0.0080671741 | H27: =I27/E27 -> 11936.083 | I27: =$L$5*G27 -> 10475226
A28: =A27+1 -> 5 | B28: Pekerjaan Pembesian Bore Pile BP-02 | E28: 1411.64 | F28: kg | G28: 0.012976089 | H28: =I28/E28 -> 11936.083 | I28: =$L$5*G28 -> 16849452
A29: =A28+1 -> 6 | B29: Galian Tanah : PC-01 (0,6x0,6) | E29: =0.6*0.6*0.3*50 -> 5.4 | F29: m3 | G29: 0.00034465448 | H29: =I29/E29 -> 82876.638 | I29: =$L$5*G29 -> 447533.85
A30: =A29+1 -> 7 | B30: Galian Tanah : PC-02 (0,8x0,8) | E30: =0.8*0.8*0.3*30 -> 5.76 | F30: m3 | G30: 0.00036763145 | H30: =I30/E30 -> 82876.638 | I30: =$L$5*G30 -> 477369.44
A31: =A30+1 -> 8 | B31: Pasir Urug : PC-01 (Tebal 5 cm) | E31: =(0.6*0.6*0.05)*50 -> 0.9 | F31: m3 | G31: 5.5896749e-05 | H31: =I31/E31 -> 80646.587 | I31: =$L$5*G31 -> 72581.928
A32: =A31+1 -> 9 | B32: Pasir Urug : PC-02 (Tebal 5 cm) | E32: =(0.8*0.8*0.05)*30 -> 0.96 | F32: m3 | G32: 5.9623199e-05 | H32: =I32/E32 -> 80646.587 | I32: =$L$5*G32 -> 77420.724
A33: =A32+1 -> 10 | B33: Lantai Kerja : PC-01 (Tebal 5 cm) | E33: =0.6*0.6*50 -> 18 | F33: m2 | G33: 0.0009162625 | H33: =I33/E33 -> 66098.159 | I33: =$L$5*G33 -> 1189766.9
A34: =A33+1 -> 11 | B34: Lantai Kerja : PC-02 (Tebal 5 cm) | E34: =0.8*0.8*30 -> 19.2 | F34: m2 | G34: 0.00097734667 | H34: =I34/E34 -> 66098.159 | I34: =$L$5*G34 -> 1269084.7
A35: =A34+1 -> 12 | B35: Pekerjaan Beton Pile Cap : PC-01 | E35: ='[40]VOLUME PC'!G16 -> 5.4 | F35: m3 | G35: 0.0044824284 | H35: =I35/E35 -> 1077858 | I35: =$L$5*G35 -> 5820433.2
A36: =A35+1 -> 13 | B36: Pekerjaan Beton Pile Cap : PC-02 | E36: ='[40]VOLUME PC'!G17 -> 7.488 | F36: m3 | G36: 0.006215634 | H36: =I36/E36 -> 1077858 | I36: =$L$5*G36 -> 8071000.7
A37: =A36+1 -> 14 | B37: Pekerjaan Pembesian Pile Cap : PC-01 | E37: 588.6 | F37: kg | G37: 0.0054105339 | H37: =I37/E37 -> 11936.083 | I37: =$L$5*G37 -> 7025578.3
A38: =A37+1 -> 15 | B38: Pekerjaan Pembesian Pile Cap : PC-02 | E38: 900.25 | F38: kg | G38: 0.0082752857 | H38: =I38/E38 -> 11936.083 | I38: =$L$5*G38 -> 10745458
A39: =A38+1 -> 16 | B39: Pekerjaan Bekisting Pile Cap : PC-01 | E39: ='[40]VOLUME PC'!I10 -> 39.6 | F39: m2 | G39: 0.0045987212 | H39: =I39/E39 -> 150793.93 | I39: =$L$5*G39 -> 5971439.5
A40: =A39+1 -> 17 | B40: Pekerjaan Bekisting Pile Cap : PC-02 | E40: ='[40]VOLUME PC'!I11 -> 62.4 | F40: m2 | G40: 0.0072464698 | H40: =I40/E40 -> 150793.93 | I40: =$L$5*G40 -> 9409541.1
A41: =A40+1 -> 18 | B41: Galian Tie Footplate F2 | E41: =(0.6*0.6*0.3)*17 -> 1.836 | F41: m3 | G41: 0.00011718252 | H41: =I41/E41 -> 82876.638 | I41: =$L$5*G41 -> 152161.51
A42: =A41+1 -> 19 | B42: Pasir Urug F2 (Tebal 5 cm) | E42: =(0.6*0.6*0.5)*17 -> 3.06 | F42: m3 | G42: 0.00019004895 | H42: =I42/E42 -> 80646.587 | I42: =$L$5*G42 -> 246778.56
A43: =A42+1 -> 20 | B43: Lantai Kerja F2 (Tebal 5 cm) | E43: =E42 -> 3.06 | F43: m3 | G43: 0.00015576463 | H43: =I43/E43 -> 66098.159 | I43: =$L$5*G43 -> 202260.37
A44: =A43+1 -> 21 | B44: Galian Tie Beam 2 | E44: ='[40]VOLUME BP & GALIAN'!F61 -> 18.013 | F44: m3 | G44: 0.001149678 | H44: =I44/E44 -> 82876.638 | I44: =$L$5*G44 -> 1492856.9
A45: =A44+1 -> 22 | B45: Galian Tie Beam 3 | E45: ='[40]VOLUME BP & GALIAN'!F76 -> 9.769375 | F45: m3 | G45: 0.00062352942 | H45: =I45/E45 -> 82876.638 | I45: =$L$5*G45 -> 809652.96
A46: =A45+1 -> 23 | B46: Galian Tie Beam 4 | E46: ='[40]VOLUME BP & GALIAN'!F108 -> 5.57388 | F46: m3 | G46: 0.00035575236 | H46: =I46/E46 -> 82876.638 | I46: =$L$5*G46 -> 461944.44
A47: =A46+1 -> 24 | B47: Urugan Tanah Kembali | E47: =E29+E30 -> 11.16 | F47: m3 | G47: 0.00043848243 | H47: =I47/E47 -> 51018.766 | I47: =$L$5*G47 -> 569369.43
A48: =A47+1 -> 25 | B48: Pekerjaan Pembesian Wiremesh M10 | E48: 326.21 | F48: m2 | G48: 0.01947483 | H48: =I48/E48 -> 77520.822 | I48: =$L$5*G48 -> 25288067
A49: =A48+1 -> 26 | B49: Pekerjaan Pengecoran beton Lantai K-175 | E49: ='[40]Volume Wiremesh & Lantai'!G3 -> 39.1452 | F49: m3 | G49: 0.032493621 | H49: =I49/E49 -> 1077858 | I49: =$L$5*G49 -> 42192967
A50: =A49+1 -> 27 | B50: Pekerjaan Beton Tie Beam 2 | E50: ='[40]VOLUME BP & GALIAN'!T61 -> 14.4104 | F50: m3 | G50: 0.011961775 | H50: =I50/E50 -> 1077858 | I50: =$L$5*G50 -> 15532365
A51: =A50+1 -> 28 | B51: Pekerjaan Beton Tie Beam 3 | E51: ='[40]VOLUME BP & GALIAN'!T76 -> 7.993125 | F51: m3 | G51: 0.0024186436 | H51: =I51/E51 -> 392913.76 | I51: =$L$5*G51 -> 3140608.8
A52: =A51+1 -> 29 | B52: Pekerjaan Beton Tie Beam 4 | E52: ='[40]VOLUME BP & GALIAN'!T109 -> 3.71592 | F52: m3 | G52: 0.0030845084 | H52: =I52/E52 -> 1077858 | I52: =$L$5*G52 -> 4005234.1
A53: =A52+1 -> 30 | B53: Pekerjaan Pembesian Tie Beam 2 | E53: ='[40]TB, Balok, Kolom'!R2 -> 1525.64 | F53: kg | G53: 0.014024001 | H53: =I53/E53 -> 11936.083 | I53: =$L$5*G53 -> 18210165
A54: =A53+1 -> 31 | B54: Pekerjaan Pembesian Tie Beam 3 | E54: ='[40]TB, Balok, Kolom'!R3 -> 641.28 | F54: kg | G54: 0.0058947795 | H54: =I54/E54 -> 11936.083 | I54: =$L$5*G54 -> 7654371.1
A55: =A54+1 -> 32 | B55: Pekerjaan Pembesian Tie Beam 4 | E55: 624.35 | F55: kg | G55: 0.0057391554 | H55: =I55/E55 -> 11936.083 | I55: =$L$5*G55 -> 7452293.3
A56: =A55+1 -> 33 | B56: Pekerjaan Bekisting Tie Beam 2 | E56: ='[40]VOLUME BP & GALIAN'!M61 -> 144.104 | F56: m2 | G56: 0.0167347 | H56: =I56/E56 -> 150793.93 | I56: =$L$5*G56 -> 21730008
A57: =A56+1 -> 34 | B57: Pekerjaan Bekisting Tie Beam 3 | E57: ='[40]VOLUME BP & GALIAN'!M76 -> 63.945 | F57: m2 | G57: 0.0074258897 | H57: =I57/E57 -> 150793.93 | I57: =$L$5*G57 -> 9642517.7
A58: =A57+1 -> 35 | B58: Pekerjaan Bekisting Tie Beam 4 | E58: ='[40]VOLUME BP & GALIAN'!M109 -> 57.168 | F58: m2 | G58: 0.0066388812 | H58: =I58/E58 -> 150793.93 | I58: =$L$5*G58 -> 8620587.3
A59: =A58+1 -> 36 | B59: Pekerjaan Pembesian Footplate F1 | E59: ='[40]VOLUME PC'!U5 -> 770.4 | F59: kg | G59: 0.0070816774 | H59: =I59/E59 -> 11936.083 | I59: =$L$5*G59 -> 9195558.1
A60: =A59+1 -> 37 | B60: Pekerjaan Bekisting Footplate 'F1 | E60: ='[40]VOLUME PC'!I12 -> 22.68 | F60: m2 | G60: 0.0026338131 | H60: =I60/E60 -> 150793.93 | I60: =$L$5*G60 -> 3420006.3
A61: =A60+1 -> 38 | B61: Pekerjaan Beton Footplate F1 | E61: ='[40]VOLUME PC'!G18 -> 2.268 | F61: m3 | G61: 0.0018826199 | H61: =I61/E61 -> 1077858 | I61: =$L$5*G61 -> 2444582
B62: SUB TOTAL | H62: 0 | I62: =SUM(I24:I61) -> 3.3891559e+08
H63: 0
H64: 0
A65: III | B65: PEKERJAAN BETON | H65: 0
A66: =A61+1 -> 39 | B66: Pekerjaan Pembesian Kolom K3 | E66: ='[40]TB, Balok, Kolom'!N28 -> 1062.5 | F66: kg | G66: 0.0097667215 | H66: =I66/E66 -> 11936.083 | I66: =$L$5*G66 -> 12682088
A67: =A66+1 -> 40 | B67: Pekerjaan Bekisting Kolom K3 | E67: ='[40]TB, Balok, Kolom'!O28 -> 144.48 | F67: m2 | G67: 0.016778365 | H67: =I67/E67 -> 150793.93 | I67: =$L$5*G67 -> 21786707
A68: =A67+1 -> 41 | B68: Pekerjaan Beton Kolom K3 | E68: ='[40]TB, Balok, Kolom'!P28 -> 6.552 | F68: m3 | G68: 0.0066469776 | H68: =I68/E68 -> 1317323 | I68: =$L$5*G68 -> 8631100.4
A69: =A68+1 -> 42 | B69: Pekerjaan Pembesian Kolom K3a | E69: ='[40]TB, Balok, Kolom'!N29 -> 387.5 | F69: kg | G69: 0.0035619808 | H69: =I69/E69 -> 11936.083 | I69: =$L$5*G69 -> 4625232.1
A70: =A69+1 -> 43 | B70: Pekerjaan Bekisting Kolom K3a | E70: ='[40]TB, Balok, Kolom'!O29 -> 69.6 | F70: m2 | G70: 0.008082601 | H70: =I70/E70 -> 150793.93 | I70: =$L$5*G70 -> 10495257
A71: =A70+1 -> 44 | B71: Pekerjaan Beton Kolom K3a | E71: ='[40]TB, Balok, Kolom'!P29 -> 3.51 | F71: m3 | G71: 0.0035608808 | H71: =I71/E71 -> 1317323 | I71: =$L$5*G71 -> 4623803.8
A72: =A71+1 -> 45 | B72: Pekerjaan Pembesian Balok B1 | E72: ='[40]TB, Balok, Kolom'!S7 -> 595.508 | F72: kg | G72: 0.0054740337 | H72: =I72/E72 -> 11936.083 | I72: =$L$5*G72 -> 7108032.8
A73: =A72+1 -> 46 | B73: Pekerjaan Bekisting Balok B1 | E73: ='[40]TB, Balok, Kolom'!P43 -> 58.52 | F73: m2 | G73: 0.0067958881 | H73: =I73/E73 -> 150793.93 | I73: =$L$5*G73 -> 8824460.7
A74: =A73+1 -> 47 | B74: Pekerjaan Beton Balok B1 | E74: ='[40]TB, Balok, Kolom'!Q43 -> 4.788 | F74: m3 | G74: 0.0039744198 | H74: =I74/E74 -> 1077858 | I74: =$L$5*G74 -> 5160784.1
A75: =A74+1 -> 48 | B75: Pekerjaan Pembesian Balok B2 | E75: ='[40]TB, Balok, Kolom'!S8 -> 740.268 | F75: kg | G75: 0.0068046978 | H75: =I75/E75 -> 11936.083 | I75: =$L$5*G75 -> 8835900.1
A76: =A75+1 -> 49 | B76: Pekerjaan Bekisting Balok B2 | E76: ='[40]TB, Balok, Kolom'!P60 -> 33.516 | F76: m2 | G76: 0.0038921904 | H76: =I76/E76 -> 150793.93 | I76: =$L$5*G76 -> 5054009.3
A77: =A76+1 -> 50 | B77: Pekerjaan Beton Balok B2 | E77: ='[40]TB, Balok, Kolom'!Q60 -> 1.729 | F77: m3 | G77: 0.0014352072 | H77: =I77/E77 -> 1077858 | I77: =$L$5*G77 -> 1863616.5
A78: =A77+1 -> 51 | B78: Pekerjaan Pembesian Balok B3 | E78: 814.69 | F78: kg | G78: 0.0074888003 | H78: =I78/E78 -> 11936.083 | I78: =$L$5*G78 -> 9724207.2
A79: =A78+1 -> 52 | B79: Pekerjaan Bekisting Balok B3 | E79: ='[40]TB, Balok, Kolom'!P85 -> 69.975 | F79: m2 | G79: 0.0081261495 | H79: =I79/E79 -> 150793.93 | I79: =$L$5*G79 -> 10551805
A80: =A79+1 -> 53 | B80: Pekerjaan Beton Balok B3 | E80: ='[40]TB, Balok, Kolom'!Q85 -> 4.1985 | F80: m3 | G80: 0.0034850881 | H80: =I80/E80 -> 1077858 | I80: =$L$5*G80 -> 4525386.8
A81: =A80+1 -> 54 | B81: Pekerjaan Pembesian RB1 | E81: ='[40]TB, Balok, Kolom'!S10 -> 146.74413 | F81: kg | G81: 0.0013489026 | H81: =I81/E81 -> 11936.083 | I81: =$L$5*G81 -> 1751550.1
A82: =A81+1 -> 55 | B82: Pekerjaan Bekisting RB1 | E82: ='[40]TB, Balok, Kolom'!Q205 -> 8.984 | F82: m2 | G82: 0.0010433059 | H82: =I82/E82 -> 150793.93 | I82: =$L$5*G82 -> 1354732.6
A83: =A82+1 -> 56 | B83: Pekerjaan Beton RB1 | E83: ='[40]TB, Balok, Kolom'!R205 -> 0.3369 | F83: m3 | G83: 0.00027965372 | H83: =I83/E83 -> 1077858 | I83: =$L$5*G83 -> 363130.36
A84: =A83+1 -> 57 | B84: Pekerjaan Pembesian Dak Atap | E84: ='[40]Volume Wiremesh & Lantai'!Q19 -> 1057.02 | F84: kg | G84: 0.0097163482 | H84: =I84/E84 -> 11936.083 | I84: =$L$5*G84 -> 12616678
A85: =A84+1 -> 58 | B85: Pekerjaan Bekisting Dak Atap | E85: ='[40]Volume Wiremesh & Lantai'!F9 -> 183.997 | F85: m2 | G85: 0.021367447 | H85: =I85/E85 -> 150793.93 | I85: =$L$5*G85 -> 27745630
A86: =A85+1 -> 59 | B86: Pekerjaan Beton Dak Atap | E86: ='[40]Volume Wiremesh & Lantai'!G9 -> 22.07964 | F86: m3 | G86: 0.022399706 | H86: =I86/E86 -> 1317323 | I86: =$L$5*G86 -> 29086018
H87: 0 | I87: =SUM(I66:I86) -> 1.9741013e+08
H88: 0
A89: IV | B89: PEKERJAAN STRUKTUR BAJA | H89: 0
A90: 1 | B90: Pekerjaan kolom baja : WF-250.125 .6.9mm | E90: 1065 | F90: kg | G90: 0.031506391 | H90: =I90/E90 -> 38414.13 | I90: =$L$5*G90 -> 40911048
A91: =A90+1 -> 2 | B91: Pekerjaan balok baja : WF-250.125.6.9mm | E91: 2340 | F91: kg | G91: 0.069225309 | H91: =I91/E91 -> 38414.13 | I91: =$L$5*G91 -> 89889064
A92: 3 | B92: Pekerjaan Atap Gording WF-200.100.5,5.8mm | E92: 742.4 | F92: kg | G92: 0.021962765 | H92: =I92/E92 -> 38414.13 | I92: =$L$5*G92 -> 28518650
A93: 4 | B93: Pekerjaan Atap Gording WF-150.75.5.7mm | E93: 1184.4 | F93: kg | G93: 0.035038656 | H93: =I93/E93 -> 38414.13 | I93: =$L$5*G93 -> 45497695
A94: 5 | B94: Pekerjaan Beton Komposit Kolom WF | E94: =0.25*0.25*2.65*10 -> 1.65625 | F94: m3 | G94: 0.001899422 | H94: =I94/E94 -> 1489146.8 | I94: =$L$5*G94 -> 2466399.4
H95: 0 | I95: =SUM(I90:I94) -> 2.0728286e+08
A97: V | B97: PEKERJAAN PASANGAN DINDING, LANTAI, PLESTERAN DAN ACIAN | H97: 0 | I97: =E97*H97 -> 0
A98: 1 | B98: Pek. Pasangan dinding 1/2 Batu (@ Bata Merah) | E98: =497 -> 497 | F98: m2 | G98: 0.03558051 | H98: =I98/E98 -> 92960.347 | I98: =$L$5*G98 -> 46201293
A99: =A98+1 -> 2 | B99: Pek. Plesteran dinding | E99: =E98*2 -> 994 | F99: m2 | G99: 0.038820114 | H99: =I99/E99 -> 50712.192 | I99: =$L$5*G99 -> 50407919
A100: 3 | B100: Pek. Acian | E100: 994 | F100: m2 | G100: 0.024740595 | H100: =I100/E100 -> 32319.58 | I100: =$L$5*G100 -> 32125663
A101: 3 | B101: Openingan | E101: 314.55 | F101: m1 | G101: 0.016557042 | H101: =I101/E101 -> 68349.449 | I101: =$L$5*G101 -> 21499319
A102: 4 | B102: Pek. Pasangan Dinding Trasram | E102: 138.73 | F102: m2 | G102: 0.016509588 | H102: =I102/E102 -> 154528.22 | I102: =$L$5*G102 -> 21437701
...

Sheet Schedule & S-Cuve 
A1: RENCANA ANGGARAN BIAYA | S1: NK | T1: 1325000000 | Z1: Set | AA1: 350 | AB1: M2 | AD1: =1.8*1.2 -> 2.16 | AE1: M2/Set | AF1: =(AA1/AD1)*2.5 -> 405.09259 | AG1: set | AH1: 35000
A2: PEKERJAAN | C2: : | D2: RUMAH Qur'an Az'Zakir | Q2: Nilai Kontrak | R2: 1325000000 | T2: =21500000 -> 21500000 | V2: =T2/T1 -> 0.016226415 | AF2: =AF1*20% -> 81.018519 | AG2: set | AW2: Total
A3: OWNER | C3: : | D3: PT. Cipta Karya Serasi | Q3: BOQ | R3: =REKAP!E16 -> 26703560 | S3: RAP | T3: =T4*#REF! -> #REF! | X3: =#REF!*X4 -> #REF! | AB3: =#REF!*AB4 -> #REF! | AF3: =AF4*#REF! -> #REF! | AJ3: =AJ4*#REF! -> #REF! | AW3: =SUM(T3:AU3) -> #REF!
A4: LOKASI | C4: : | D4: Cibinong, Bogor | R4: =#REF!-R3 -> #REF! | T4: =SUM(T6:W6) -> 1.6018858e+08 | X4: =SUM(X6:Z6) -> 2.4688701e+08 | AB4: =SUM(AB6:AD6) -> 1.2978999e+08 | AF4: =SUM(AF6:AH6) -> 2.4755137e+08 | AJ4: =SUM(AJ6:AL6) -> 2.2569665e+08 | AW4: =SUM(T4:AU4) -> 1.0101136e+09
A5: OWNER | C5: : | D5: PT. Cipta Karya Serasi | S5: DP | T5: 0.2 | U5: =T1*T5 -> 265000000 | X5: =U5/7 -> 37857143 | AB5: =X5/U5 -> 0.14285714
A6: LOKASI | C6: : | D6: Cibinong, Bogor | Q6: BOQ | R6: =REKAP!E18 -> 1.4061909e+09 | S6: BOQ | T6: =T8*T1 -> 1.6018858e+08 | X6: =T1*X8 -> 2.4688701e+08 | AB6: =T1*AB8 -> 1.2978999e+08 | AF6: =AF8*T1 -> 2.4755137e+08 | AJ6: =AJ8*$T$1 -> 2.2569665e+08 | AN6: =AN8*$T$1 -> 1.8172446e+08 | AR6: =AR8*$T$1 -> 1.3316195e+08 | AW6: =SUM(T6:AU6) -> 1.325e+09
Q7: BOQ | R7: =REKAP!E19 -> 28123818 | S7: Rencana Pembayaran | T7: =T6-$X$5 -> 1.2233144e+08 | X7: =X6-$X$5 -> 2.0902987e+08 | AB7: =AB6-$X$5 -> 91932843 | AF7: =AF6-$X$5 -> 2.0969423e+08 | AJ7: =AJ6-$X$5 -> 1.878395e+08 | AN7: =AN6-$X$5 -> 1.4386732e+08 | AR7: =AR6-$X$5 -> 95304807 | AW7: =SUM(T7:AU7) -> 1.06e+09 | AX7: =AW6-AW7-U5 -> 2.3841858e-07
R8: =R2-R6 -> -81190907 | S8: Rencana Bobot Perbulan | T8: =SUM(T9:W9) -> 0.12089704 | X8: =SUM(X9:AA9) -> 0.18632982 | AB8: =SUM(AB9:AE9) -> 0.097954706 | AF8: =SUM(AF9:AI9) -> 0.18683122 | AJ8: =SUM(AJ9:AM9) -> 0.17033709 | AN8: =SUM(AN9:AQ9) -> 0.13715053 | AR8: =SUM(AR9:AU9) -> 0.10049958 | AW8: =SUM(T8:AU8) -> 1 | AX8: =1-AW8 -> 0
T9: =SUM(T13:T152) -> 0.039571671 | U9: =SUM(U13:U152) -> 0.039571671 | V9: =SUM(V13:V152) -> 0.028493141 | W9: =SUM(W13:W152) -> 0.013260559 | X9: =SUM(X13:X152) -> 0.025336916 | Y9: =SUM(Y13:Y152) -> 0.057689753 | Z9: =SUM(Z13:Z152) -> 0.057689753 | AA9: =SUM(AA13:AA152) -> 0.045613395 | ... AU9: =SUM(AU13:AU152) -> 0.0013145949 | AX9: Balance
A10: NO | B10: URAIAN PEKERJAAN | E10: VOLUME | G10: Haga Satuan Material | H10: Harga Satuan Upah | I10: Material + Upah | J10: Jumlah Harga Material | K10: Jumlah Harga Upah | L10: Jumlah Material + Upah | M10: K1 (10%) | N10: K2 (2,5%) | O10: K3 (2,5%) | P10: GM (15%) | Q10: Harga Satuan Material + Upah | R10: Total | S10: Bobot | T10: Juli 24 | X10: Agustus 24 | AB10: September 24 | AF10: Oktober 24 | AJ10: November 24 | AN10: Desember 24 | AR10: Januari 25
G11: (Rp) | H11: (Rp) | I11: (Rp) | J11: (Rp) | K11: (Rp) | L11: (Rp) | S11: (%) | T11: M1 | U11: M2 | V11: M3 | W11: M4 | X11: M5 | Y11: M6 | Z11: M7 | AA11: M8 | AB11: M9 | AC11: M10 | AD11: M11 | AE11: M12 | AF11: M13 | AG11: M14 | AH11: M15 | AI11: M16 | AJ11: M17 | AK11: M18 | AL11: M19 | AM11: M20 | AN11: M21 | AO11: M22 | AP11: M23 | AQ11: M24 | AR11: M25 | AS11: M26 | AT11: M27 | AU11: M28
A12: I | B12: LANTAI 1
A13: I | B13: PEKERJAAN PERSIAPAN
A14: 1 | B14: Uitzet / Bowplank : | E14: 128 | F14: m1 | G14: 10000 | H14: 10000 | I14: =H14+G14 -> 20000 | J14: =E14*G14 -> 1280000 | K14: =E14*H14 -> 1280000 | L14: 2944000 | P14: =I14*15% -> 3000 | Q14: =I14+M14+N14+O14+P14 -> 23000 | R14: =Q14*E14 -> 2944000 | S14: =R14/$R$6 -> 0.0020935991 | T14: =S14/2 -> 0.0010467995 | U14: =T14 -> 0.0010467995 | AW14: =SUM(T14:AU14) -> 0.0020935991 | AX14: =S14-AW14 -> 0
A15: 2 | B15: Pembersihan | E15: 854 | F15: m2 | G15: 0 | H15: 2000 | I15: =H15+G15 -> 2000 | J15: =E15*G15 -> 0 | K15: =E15*H15 -> 1708000 | L15: 1964200 | P15: =I15*15% -> 300 | Q15: =I15+M15+N15+O15+P15 -> 2300 | R15: =Q15*E15 -> 1964200 | S15: =R15/$R$6 -> 0.0013968231 | T15: =S15/2 -> 0.00069841157 | U15: =T15 -> 0.00069841157 | AW15: =SUM(T15:AU15) -> 0.0013968231 | AX15: =S15-AW15 -> 0
A16: 3 | B16: Instalasi Air Bersih, Sumur Bor | E16: 30 | F16: m | G16: 183333 | H16: 100000 | I16: =H16+G16 -> 283333 | J16: =E16*G16 -> 5499990 | K16: =E16*H16 -> 3000000 | L16: 9774988.5 | P16: =I16*15% -> 42499.95 | Q16: =I16+M16+N16+O16+P16 -> 325832.95 | R16: =Q16*E16 -> 9774988.5 | S16: =R16/$R$6 -> 0.006951395 | T16: =S16/2 -> 0.0034756975 | U16: =T16 -> 0.0034756975 | AW16: =SUM(T16:AU16) -> 0.006951395 | AX16: =S16-AW16 -> 0
A17: 4 | B17: Token Listrik | D17: (Daya Listrik 2200 Watt By owner) | E17: 1 | F17: ls | G17: 1500000 | H17: 1000000 | I17: =H17+G17 -> 2500000 | J17: =E17*G17 -> 1500000 | K17: =E17*H17 -> 1000000 | L17: 2875000 | P17: =I17*15% -> 375000 | Q17: =I17+M17+N17+O17+P17 -> 2875000 | R17: =Q17*E17 -> 2875000 | S17: =R17/$R$6 -> 0.0020445304 | T17: =S17/2 -> 0.0010222652 | U17: =T17 -> 0.0010222652 | AW17: =SUM(T17:AU17) -> 0.0020445304 | AX17: =S17-AW17 -> 0
A18: 5 | B18: Mobilisasi dan Remobilisasi | E18: 1 | F18: ls | G18: 0 | H18: 7500000 | I18: =H18+G18 -> 7500000 | J18: =E18*G18 -> 0 | K18: =E18*H18 -> 7500000 | L18: 7500000 | Q18: =I18+M18+N18+O18+P18 -> 7500000 | R18: =Q18*E18 -> 7500000 | S18: =R18/$R$6 -> 0.0053335575 | T18: =S18/2 -> 0.0026667787 | U18: =T18 -> 0.0026667787 | AW18: =SUM(T18:AU18) -> 0.0053335575 | AX18: =S18-AW18 -> 0
A19: 6 | B19: MCK | E19: 3 | F19: unit | G19: 111333 | H19: 39000 | I19: =H19+G19 -> 150333 | J19: =E19*G19 -> 333999 | K19: =E19*H19 -> 117000 | L19: 518648.85 | P19: =I19*15% -> 22549.95 | Q19: =I19+M19+N19+O19+P19 -> 172882.95 | R19: =Q19*E19 -> 518648.85 | S19: =R19/$R$6 -> 0.00036883246 | T19: =S19/2 -> 0.00018441623 | U19: =T19 -> 0.00018441623 | AW19: =SUM(T19:AU19) -> 0.00036883246 | AX19: =S19-AW19 -> 0
A20: 7 | B20: K3 Tools | E20: 1 | F20: ls | G20: 10000000 | J20: =E20*G20 -> 10000000 | L20: 10000000 | R20: =Q20+L20 -> 10000000 | S20: =R20/$R$6 -> 0.0071114099 | T20: =S20/2 -> 0.003555705 | U20: =T20 -> 0.003555705 | AW20: =SUM(T20:AU20) -> 0.0071114099 | AX20: =S20-AW20 -> 0
A21: 8 | B21: Keamanan | E21: 8 | F21: ls | H21: 1000000 | J21: =E21*G21 -> 0 | K21: =H21*E21 -> 8000000 | L21: 8000000 | P21: =I21*15% -> 0 | R21: 8000000 | S21: =R21/$R$6 -> 0.005689128 | T21: =S21/28 -> 0.00020318314 | U21: =T21 -> 0.00020318314 | V21: =U21 -> 0.00020318314 | W21: =V21 -> 0.00020318314 | X21: =W21 -> 0.00020318314 | Y21: =X21 -> 0.00020318314 | Z21: =Y21 -> 0.00020318314 | AA21: =Z21 -> 0.00020318314 | AB21: =AA21 -> 0.00020318314 | ... AU21: =AT21 -> 0.00020318314 | AW21: =SUM(T21:AU21) -> 0.005689128 | AX21: =S21-AW21 -> 0
A22: 9 | B22: Direksi Keet, Bedeng tenaga dan gudang material | E22: 30 | F22: m2 | G22: 250000 | H22: 50000 | I22: =H22+G22 -> 300000 | J22: =E22*G22 -> 7500000 | K22: =E22*H22 -> 1500000 | L22: 9000000 | Q22: =I22+M22+N22+O22+P22 -> 300000 | R22: =Q22*E22 -> 9000000 | S22: =R22/$R$6 -> 0.006400269 | T22: =S22/28 -> 0.00022858103 | U22: =T22 -> 0.00022858103 | V22: =U22 -> 0.00022858103 | W22: =V22 -> 0.00022858103 | X22: =W22 -> 0.00022858103 | Y22: =X22 -> 0.00022858103 | Z22: =Y22 -> 0.00022858103 | AA22: =Z22 -> 0.00022858103 | AB22: =AA22 -> 0.00022858103 | ... AU22: =AT22 -> 0.00022858103 | AW22: =SUM(T22:AU22) -> 0.006400269 | AX22: =S22-AW22 -> 0
L23: =SUM(L14:L22) -> 52576837 | Q23: Total | R23: =SUM(R14:R22) -> 52576837 | AW23: =SUM(T23:AU23) -> 0 | AX23: =S23-AW23 -> 0
AW24: =SUM(T24:AU24) -> 0 | AX24: =S24-AW24 -> 0
A25: II | B25: PEKERJAAN TANAH + PONDASI | AW25: =SUM(T25:AU25) -> 0 | AX25: =S25-AW25 -> 0
A26: 1 | B26: Urugan Field | E26: 1 | F26: ls | H26: 60000000 | I26: =H26+G26 -> 60000000 | J26: =E26*G26 -> 0 | K26: =E26*H26 -> 60000000 | L26: =K26+J26 -> 60000000 | M26: 10000000 | Q26: =M26+I26 -> 70000000 | R26: =Q26*E26 -> 70000000 | S26: =R26/$R$6 -> 0.04977987 | T26: =S26/3 -> 0.01659329 | U26: =T26 -> 0.01659329 | V26: =U26 -> 0.01659329 | AW26: =SUM(T26:AU26) -> 0.04977987 | AX26: =S26-AW26 -> 0
A27: =A26+1 -> 2 | B27: Pekerjaan Beton Bore Pile BP-01 - K175 | E27: =3.14*0.15*0.15*6*18 -> 7.6302 | F27: m3 | G27: =650000+(650000*10%) -> 715000 | H27: 300000 | I27: =H27+G27 -> 1015000 | J27: =E27*G27 -> 5455593 | K27: =E27*H27 -> 2289060 | L27: =K27+J27 -> 7744653 | P27: 152250 | Q27: =I27+M27+N27+O27+P27 -> 1167250 | R27: =Q27*E27 -> 8906350.9 | S27: =R27/$R$6 -> 0.0063336713 | V27: =S27/3 -> 0.0021112238 | W27: =V27 -> 0.0021112238 | X27: =W27 -> 0.0021112238 | AW27: =SUM(T27:AU27) -> 0.0063336713 | AX27: =S27-AW27 -> 0
A28: =A27+1 -> 3 | B28: Pekerjaan Beton Bore Pile BP-02 - K175 | E28: =3.14*0.1*0.1*4*42 -> 5.2752 | F28: m3 | G28: =G27 -> 715000 | H28: 300000 | I28: =H28+G28 -> 1015000 | J28: =E28*G28 -> 3771768 | K28: =E28*H28 -> 1582560 | L28: =K28+J28 -> 5354328 | P28: 152250 | Q28: =I28+M28+N28+O28+P28 -> 1167250 | R28: =Q28*E28 -> 6157477.2 | S28: =R28/$R$6 -> 0.0043788345 | V28: =S28/3 -> 0.0014596115 | W28: =V28 -> 0.0014596115 | X28: =W28 -> 0.0014596115 | AW28: =SUM(T28:AU28) -> 0.0043788345 | AX28: =S28-AW28 -> 0
A29: =A28+1 -> 4 | B29: Pekerjaan Pembesian Bore Pile BP-01 | E29: 877.61 | F29: kg | G29: =8400+(8400*10%) -> 9240 | H29: 2000 | I29: =H29+G29 -> 11240 | J29: =E29*G29 -> 8109116.4 | K29: =E29*H29 -> 1755220 | L29: =K29+J29 -> 9864336.4 | P29: 1686 | Q29: =I29+M29+N29+O29+P29 -> 12926 | R29: =Q29*E29 -> 11343987 | S29: =R29/$R$6 -> 0.0080671741 | V29: =S29/3 -> 0.002689058 | W29: =V29 -> 0.002689058 | X29: =W29 -> 0.002689058 | AW29: =SUM(T29:AU29) -> 0.0080671741 | AX29: =S29-AW29 -> 0
A30: =A29+1 -> 5 | B30: Pekerjaan Pembesian Bore Pile BP-02 | E30: 1411.64 | F30: kg | G30: =G29 -> 9240 | H30: 2000 | I30: =H30+G30 -> 11240 | J30: =E30*G30 -> 13043554 | K30: =E30*H30 -> 2823280 | L30: =K30+J30 -> 15866834 | P30: 1686 | Q30: =I30+M30+N30+O30+P30 -> 12926 | R30: =Q30*E30 -> 18246859 | S30: =R30/$R$6 -> 0.012976089 | V30: =S30/3 -> 0.0043253631 | W30: =V30 -> 0.0043253631 | X30: =W30 -> 0.0043253631 | AW30: =SUM(T30:AU30) -> 0.012976089 | AX30: =S30-AW30 -> 0
A31: =A30+1 -> 6 | B31: Galian Tanah : PC-01 (0,6x0,6) | E31: =0.6*0.6*0.3*50 -> 5.4 | F31: m3 | G31: 0 | H31: 65000 | I31: =H31+G31 -> 65000 | J31: =E31*G31 -> 0 | K31: =E31*H31 -> 351000 | L31: =(K31+J31)*130% -> 456300 | M31: 6500 | N31: 10000 | O31: 5000 | P31: 9750 | Q31: =I31+N31+O31+P31 -> 89750 | R31: =Q31*E31 -> 484650 | S31: =R31/$R$6 -> 0.00034465448 | W31: =S31/2 -> 0.00017232724 | X31: =W31 -> 0.00017232724 | AW31: =SUM(T31:AU31) -> 0.00034465448 | AX31: =S31-AW31 -> 0
A32: =A31+1 -> 7 | B32: Galian Tanah : PC-02 (0,8x0,8) | E32: =0.8*0.8*0.3*30 -> 5.76 | F32: m3 | G32: 0 | H32: 65000 | I32: =H32+G32 -> 65000 | J32: =E32*G32 -> 0 | K32: =E32*H32 -> 374400 | L32: =(K32+J32)*130% -> 486720 | M32: 6500 | N32: 10000 | O32: 5000 | P32: 9750 | Q32: =I32+N32+O32+P32 -> 89750 | R32: =Q32*E32 -> 516960 | S32: =R32/$R$6 -> 0.00036763145 | W32: =S32/2 -> 0.00018381572 | X32: =W32 -> 0.00018381572 | AW32: =SUM(T32:AU32) -> 0.00036763145 | AX32: =S32-AW32 -> 0
A33: =A32+1 -> 8 | B33: Pasir Urug : PC-01 (Tebal 5 cm) | E33: =(0.6*0.6*0.05)*50 -> 0.9 | F33: m3 | G33: 15400 | H33: 47500 | I33: =H33+G33 -> 62900 | J33: =E33*G33 -> 13860 | K33: =E33*H33 -> 42750 | L33: =K33+J33 -> 56610 | M33: 6290 | N33: 10000 | O33: 5000 | P33: 9435 | Q33: =I33+N33+O33+P33 -> 87335 | R33: =Q33*E33 -> 78601.5 | S33: =R33/$R$6 -> 5.5896749e-05 | W33: =S33/2 -> 2.7948374e-05 | X33: =W33 -> 2.7948374e-05 | AW33: =SUM(T33:AU33) -> 5.5896749e-05 | AX33: =S33-AW33 -> 0
A34: =A33+1 -> 9 | B34: Pasir Urug : PC-02 (Tebal 5 cm) | E34: =(0.8*0.8*0.05)*30 -> 0.96 | F34: m3 | G34: 15400 | H34: 47500 | I34: =H34+G34 -> 62900 | J34: =E34*G34 -> 14784 | K34: =E34*H34 -> 45600 | L34: =K34+J34 -> 60384 | M34: 6290 | N34: 10000 | O34: 5000 | P34: 9435 | Q34: =I34+N34+O34+P34 -> 87335 | R34: =Q34*E34 -> 83841.6 | S34: =R34/$R$6 -> 5.9623199e-05 | W34: =S34/2 -> 2.9811599e-05 | X34: =W34 -> 2.9811599e-05 | AW34: =SUM(T34:AU34) -> 5.9623199e-05 | AX34: =S34-AW34 -> 0
A35: =A34+1 -> 10 | B35: Lantai Kerja : PC-01 (Tebal 5 cm) | E35: =0.6*0.6*50 -> 18 | F35: m2 | G35: 13200 | H35: 36000 | I35: =H35+G35 -> 49200 | J35: =E35*G35 -> 237600 | K35: =E35*H35 -> 648000 | L35: =K35+J35 -> 885600 | M35: 4920 | N35: 10000 | O35: 5000 | P35: 7380 | Q35: =I35+N35+O35+P35 -> 71580 | R35: =Q35*E35 -> 1288440 | S35: =R35/$R$6 -> 0.0009162625 | W35: =S35/2 -> 0.00045813125 | X35: =W35 -> 0.00045813125 | AW35: =SUM(T35:AU35) -> 0.0009162625 | AX35: =S35-AW35 -> 0
A36: =A35+1 -> 11 | B36: Lantai Kerja : PC-02 (Tebal 5 cm) | E36: =0.8*0.8*30 -> 19.2 | F36: m2 | G36: 13200 | H36: 36000 | I36: =H36+G36 -> 49200 | J36: =E36*G36 -> 253440 | K36: =E36*H36 -> 691200 | L36: =K36+J36 -> 944640 | M36: 4920 | N36: 10000 | O36: 5000 | P36: 7380 | Q36: =I36+N36+O36+P36 -> 71580 | R36: =Q36*E36 -> 1374336 | S36: =R36/$R$6 -> 0.00097734667 | W36: =S36/2 -> 0.00048867334 | X36: =W36 -> 0.00048867334 | AW36: =SUM(T36:AU36) -> 0.00097734667 | AX36: =S36-AW36 -> 0
A37: =A36+1 -> 12 | B37: Pekerjaan Beton Pile Cap : PC-01 | E37: ='[40]VOLUME PC'!G16 -> 5.4 | F37: m3 | G37: =G28 -> 715000 | H37: 300000 | I37: =H37+G37 -> 1015000 | J37: =E37*G37 -> 3861000 | K37: =E37*H37 -> 1620000 | L37: =K37+J37 -> 5481000 | P37: 152250 | Q37: =I37+M37+N37+O37+P37 -> 1167250 | R37: =Q37*E37 -> 6303150 | S37: =R37/$R$6 -> 0.0044824284 | X37: =S37/3 -> 0.0014941428 | Y37: =X37 -> 0.0014941428 | Z37: =Y37 -> 0.0014941428 | AW37: =SUM(T37:AU37) -> 0.0044824284 | AX37: =S37-AW37 -> 0
A38: =A37+1 -> 13 | B38: Pekerjaan Beton Pile Cap : PC-02 | E38: ='[40]VOLUME PC'!G17 -> 7.488 | F38: m3 | G38: 715000 | H38: 300000 | I38: =H38+G38 -> 1015000 | J38: =E38*G38 -> 5353920 | K38: =E38*H38 -> 2246400 | L38: =K38+J38 -> 7600320 | P38: 152250 | Q38: =I38+M38+N38+O38+P38 -> 1167250 | R38: =Q38*E38 -> 8740368 | S38: =R38/$R$6 -> 0.006215634 | X38: =S38/3 -> 0.002071878 | Y38: =X38 -> 0.002071878 | Z38: =Y38 -> 0.002071878 | AW38: =SUM(T38:AU38) -> 0.006215634 | AX38: =S38-AW38 -> 0
A39: =A38+1 -> 14 | B39: Pekerjaan Pembesian Pile Cap : PC-01 | E39: 588.6 | F39: kg | G39: =G30 -> 9240 | H39: 2000 | I39: =H39+G39 -> 11240 | J39: =E39*G39 -> 5438664 | K39: =E39*H39 -> 1177200 | L39: =K39+J39 -> 6615864 | P39: 1686 | Q39: =I39+M39+N39+O39+P39 -> 12926 | R39: =Q39*E39 -> 7608243.6 | S39: =R39/$R$6 -> 0.0054105339 | X39: =S39/3 -> 0.0018035113 | Y39: =X39 -> 0.0018035113 | Z39: =Y39 -> 0.0018035113 | AW39: =SUM(T39:AU39) -> 0.0054105339 | AX39: =S39-AW39 -> 0
A40: =A39+1 -> 15 | B40: Pekerjaan Pembesian Pile Cap : PC-02 | E40: 900.25 | F40: kg | G40: 9240 | H40: 2000 | I40: =H40+G40 -> 11240 | J40: =E40*G40 -> 8318310 | K40: =E40*H40 -> 1800500 | L40: =K40+J40 -> 10118810 | P40: 1686 | Q40: =I40+M40+N40+O40+P40 -> 12926 | R40: =Q40*E40 -> 11636632 | S40: =R40/$R$6 -> 0.0082752857 | X40: =S40/3 -> 0.0027584286 | Y40: =X40 -> 0.0027584286 | Z40: =Y40 -> 0.0027584286 | AW40: =SUM(T40:AU40) -> 0.0082752857 | AX40: =S40-AW40 -> 0
A41: =A40+1 -> 16 | B41: Pekerjaan Bekisting Pile Cap : PC-01 | E41: ='[40]VOLUME PC'!I10 -> 39.6 | F41: m2 | G41: 102000 | H41: 40000 | I41: =H41+G41 -> 142000 | J41: =E41*G41 -> 4039200 | K41: =E41*H41 -> 1584000 | L41: =K41+J41 -> 5623200 | P41: 21300 | Q41: =I41+M41+N41+O41+P41 -> 163300 | R41: =Q41*E41 -> 6466680 | S41: =R41/$R$6 -> 0.0045987212 | X41: =S41/3 -> 0.0015329071 | Y41: =X41 -> 0.0015329071 | Z41: =Y41 -> 0.0015329071 | AW41: =SUM(T41:AU41) -> 0.0045987212 | AX41: =S41-AW41 -> 0
A42: =A41+1 -> 17 | B42: Pekerjaan Bekisting Pile Cap : PC-02 | E42: ='[40]VOLUME PC'!I11 -> 62.4 | F42: m2 | G42: 102000 | H42: 40000 | I42: =H42+G42 -> 142000 | J42: =E42*G42 -> 6364800 | K42: =E42*H42 -> 2496000 | L42: =K42+J42 -> 8860800 | P42: 21300 | Q42: =I42+M42+N42+O42+P42 -> 163300 | R42: =Q42*E42 -> 10189920 | S42: =R42/$R$6 -> 0.0072464698 | X42: =S42/3 -> 0.0024154899 | Y42: =X42 -> 0.0024154899 | Z42: =Y42 -> 0.0024154899 | AW42: =SUM(T42:AU42) -> 0.0072464698 | AX42: =S42-AW42 -> 0
A43: =A42+1 -> 18 | B43: Galian Tie Footplate F2 | E43: =(0.6*0.6*0.3)*17 -> 1.836 | F43: m3 | G43: 0 | H43: 65000 | I43: =H43+G43 -> 65000 | J43: =E43*G43 -> 0 | K43: =E43*H43 -> 119340 | L43: =K43+J43 -> 119340 | M43: 6500 | N43: 10000 | O43: 5000 | P43: 9750 | Q43: =I43+N43+O43+P43 -> 89750 | R43: =Q43*E43 -> 164781 | S43: =R43/$R$6 -> 0.00011718252 | Y43: =S43/4 -> 2.9295631e-05 | Z43: =Y43 -> 2.9295631e-05 | AA43: =Z43 -> 2.9295631e-05 | AB43: =AA43 -> 2.9295631e-05 | AW43: =SUM(T43:AU43) -> 0.00011718252 | AX43: =S43-AW43 -> 0
A44: =A43+1 -> 19 | B44: Pasir Urug F2 (Tebal 5 cm) | E44: =(0.6*0.6*0.5)*17 -> 3.06 | F44: m3 | G44: 15400 | H44: 47500 | I44: =H44+G44 -> 62900 | J44: =E44*G44 -> 47124 | K44: =E44*H44 -> 145350 | L44: =K44+J44 -> 192474 | M44: 6290 | N44: 10000 | O44: 5000 | P44: 9435 | Q44: =I44+N44+O44+P44 -> 87335 | R44: =Q44*E44 -> 267245.1 | S44: =R44/$R$6 -> 0.00019004895 | Y44: =S44/4 -> 4.7512237e-05 | Z44: =Y44 -> 4.7512237e-05 | AA44: =Z44 -> 4.7512237e-05 | AB44: =AA44 -> 4.7512237e-05 | AW44: =SUM(T44:AU44) -> 0.00019004895 | AX44: =S44-AW44 -> 0
A45: =A44+1 -> 20 | B45: Lantai Kerja F2 (Tebal 5 cm) | E45: =E44 -> 3.06 | F45: m3 | G45: 13200 | H45: 36000 | I45: =H45+G45 -> 49200 | J45: =E45*G45 -> 40392 | K45: =E45*H45 -> 110160 | L45: =K45+J45 -> 150552 | M45: 4920 | N45: 10000 | O45: 5000 | P45: 7380 | Q45: =I45+N45+O45+P45 -> 71580 | R45: =Q45*E45 -> 219034.8 | S45: =R45/$R$6 -> 0.00015576463 | Y45: =S45/4 -> 3.8941156e-05 | Z45: =Y45 -> 3.8941156e-05 | AA45: =Z45 -> 3.8941156e-05 | AB45: =AA45 -> 3.8941156e-05 | AW45: =SUM(T45:AU45) -> 0.00015576463 | AX45: =S45-AW45 -> 0
A46: =A45+1 -> 21 | B46: Galian Tie Beam 2 | E46: ='[40]VOLUME BP & GALIAN'!F61 -> 18.013 | F46: m3 | H46: 65000 | I46: =H46+G46 -> 65000 | J46: =E46*G46 -> 0 | K46: =E46*H46 -> 1170845 | L46: =K46+J46 -> 1170845 | M46: 6500 | N46: 10000 | O46: 5000 | P46: 9750 | Q46: =I46+N46+O46+P46 -> 89750 | R46: =Q46*E46 -> 1616666.8 | S46: =R46/$R$6 -> 0.001149678 | Y46: =S46/4 -> 0.0002874195 | Z46: =Y46 -> 0.0002874195 | AA46: =Z46 -> 0.0002874195 | AB46: =AA46 -> 0.0002874195 | AW46: =SUM(T46:AU46) -> 0.001149678 | AX46: =S46-AW46 -> 0
A47: =A46+1 -> 22 | B47: Galian Tie Beam 3 | E47: ='[40]VOLUME BP & GALIAN'!F76 -> 9.769375 | F47: m3 | H47: 65000 | I47: =H47+G47 -> 65000 | J47: =E47*G47 -> 0 | K47: =E47*H47 -> 635009.38 | L47: =K47+J47 -> 635009.38 | M47: 6500 | N47: 10000 | O47: 5000 | P47: 9750 | Q47: =I47+N47+O47+P47 -> 89750 | R47: =Q47*E47 -> 876801.41 | S47: =R47/$R$6 -> 0.00062352942 | Y47: =S47/4 -> 0.00015588236 | Z47: =Y47 -> 0.00015588236 | AA47: =Z47 -> 0.00015588236 | AB47: =AA47 -> 0.00015588236 | AW47: =SUM(T47:AU47) -> 0.00062352942 | AX47: =S47-AW47 -> 0
A48: =A47+1 -> 23 | B48: Galian Tie Beam 4 | E48: ='[40]VOLUME BP & GALIAN'!F108 -> 5.57388 | F48: m3 | H48: 65000 | I48: =H48+G48 -> 65000 | J48: =E48*G48 -> 0 | K48: =E48*H48 -> 362302.2 | L48: =K48+J48 -> 362302.2 | M48: 6500 | N48: 10000 | O48: 5000 | P48: 9750 | Q48: =I48+N48+O48+P48 -> 89750 | R48: =Q48*E48 -> 500255.73 | S48: =R48/$R$6 -> 0.00035575236 | Y48: =S48/4 -> 8.8938089e-05 | Z48: =Y48 -> 8.8938089e-05 | AA48: =Z48 -> 8.8938089e-05 | AB48: =AA48 -> 8.8938089e-05 | AW48: =SUM(T48:AU48) -> 0.00035575236 | AX48: =S48-AW48 -> 0
A49: =A48+1 -> 24 | B49: Urugan Tanah Kembali | E49: =E31+E32 -> 11.16 | F49: m3 | H49: 35000 | I49: =H49+G49 -> 35000 | K49: =E49*H49 -> 390600 | L49: =K49+J49 -> 390600 | M49: 3500 | N49: 10000 | O49: 5000 | P49: 5250 | Q49: =I49+N49+O49+P49 -> 55250 | R49: =Q49*E49 -> 616590 | S49: =R49/$R$6 -> 0.00043848243 | Y49: =S49/4 -> 0.00010962061 | Z49: =Y49 -> 0.00010962061 | AA49: =Z49 -> 0.00010962061 | AB49: =AA49 -> 0.00010962061 | AW49: =SUM(T49:AU49) -> 0.00043848243 | AX49: =S49-AW49 -> 0
A50: =A49+1 -> 25 | B50: Pekerjaan Pembesian Wiremesh M10 | E50: 326.21 | F50: m2 | G50: 70000 | H50: 3000 | I50: =H50+G50 -> 73000 | J50: =E50*G50 -> 22834700 | K50: =E50*H50 -> 978630 | L50: =K50+J50 -> 23813330 | P50: 10950 | Q50: =I50+M50+N50+O50+P50 -> 83950 | R50: =Q50*E50 -> 27385330 | S50: =R50/$R$6 -> 0.01947483 | Y50: =S50/4 -> 0.0048687076 | Z50: =Y50 -> 0.0048687076 | AA50: =Z50 -> 0.0048687076 | AB50: =AA50 -> 0.0048687076 | AW50: =SUM(T50:AU50) -> 0.01947483 | AX50: =S50-AW50 -> 0
A51: =A50+1 -> 26 | B51: Pekerjaan Pengecoran beton Lantai K-175 | E51: ='[40]Volume Wiremesh & Lantai'!G3 -> 39.1452 | F51: m3 | G51: 715000 | H51: 300000 | I51: =H51+G51 -> 1015000 | J51: =E51*G51 -> 27988818 | K51: =E51*H51 -> 11743560 | L51: =K51+J51 -> 39732378 | P51: 152250 | Q51: =I51+M51+N51+O51+P51 -> 1167250 | R51: =Q51*E51 -> 45692235 | S51: =R51/$R$6 -> 0.032493621 | Y51: =S51/4 -> 0.0081234053 | Z51: =Y51 -> 0.0081234053 | AA51: =Z51 -> 0.0081234053 | AB51: =AA51 -> 0.0081234053 | AW51: =SUM(T51:AU51) -> 0.032493621 | AX51: =S51-AW51 -> 0
A52: =A51+1 -> 27 | B52: Pekerjaan Beton Tie Beam 2 | E52: ='[40]VOLUME BP & GALIAN'!T61 -> 14.4104 | F52: m3 | G52: 715000 | H52: 300000 | I52: =H52+G52 -> 1015000 | J52: =E52*G52 -> 10303436 | K52: =E52*H52 -> 4323120 | L52: =K52+J52 -> 14626556 | P52: 152250 | Q52: =I52+M52+N52+O52+P52 -> 1167250 | R52: =Q52*E52 -> 16820539 | S52: =R52/$R$6 -> 0.011961775 | Y52: =S52/4 -> 0.0029904438 | Z52: =Y52 -> 0.0029904438 | AA52: =Z52 -> 0.0029904438 | AB52: =AA52 -> 0.0029904438 | AW52: =SUM(T52:AU52) -> 0.011961775 | AX52: =S52-AW52 -> 0
A53: =A52+1 -> 28 | B53: Pekerjaan Beton Tie Beam 3 | E53: ='[40]VOLUME BP & GALIAN'!T76 -> 7.993125 | F53: m3 | G53: =G50 -> 70000 | H53: 300000 | I53: =H53+G53 -> 370000 | J53: =E53*G53 -> 559518.75 | K53: =E53*H53 -> 2397937.5 | L53: =K53+J53 -> 2957456.2 | P53: 55500 | Q53: =I53+M53+N53+O53+P53 -> 425500 | R53: =Q53*E53 -> 3401074.7 | S53: =R53/$R$6 -> 0.0024186436 | Y53: =S53/4 -> 0.00060466091 | Z53: =Y53 -> 0.00060466091 | AA53: =Z53 -> 0.00060466091 | AB53: =AA53 -> 0.00060466091 | AW53: =SUM(T53:AU53) -> 0.0024186436 | AX53: =S53-AW53 -> 0
A54: =A53+1 -> 29 | B54: Pekerjaan Beton Tie Beam 4 | E54: ='[40]VOLUME BP & GALIAN'!T109 -> 3.71592 | F54: m3 | G54: =G51 -> 715000 | H54: 300000 | I54: =H54+G54 -> 1015000 | J54: =E54*G54 -> 2656882.8 | K54: =E54*H54 -> 1114776 | L54: =K54+J54 -> 3771658.8 | P54: 152250 | Q54: =I54+M54+N54+O54+P54 -> 1167250 | R54: =Q54*E54 -> 4337407.6 | S54: =R54/$R$6 -> 0.0030845084 | Y54: =S54/4 -> 0.00077112709 | Z54: =Y54 -> 0.00077112709 | AA54: =Z54 -> 0.00077112709 | AB54: =AA54 -> 0.00077112709 | AW54: =SUM(T54:AU54) -> 0.0030845084 | AX54: =S54-AW54 -> 0
A55: =A54+1 -> 30 | B55: Pekerjaan Pembesian Tie Beam 2 | E55: ='[40]TB, Balok, Kolom'!R2 -> 1525.64 | F55: kg | G55: 9240 | H55: 2000 | I55: =H55+G55 -> 11240 | J55: =E55*G55 -> 14096914 | K55: =E55*H55 -> 3051280 | L55: =K55+J55 -> 17148194 | P55: 1686 | Q55: =I55+M55+N55+O55+P55 -> 12926 | R55: =Q55*E55 -> 19720423 | S55: =R55/$R$6 -> 0.014024001 | Y55: =S55/4 -> 0.0035060002 | Z55: =Y55 -> 0.0035060002 | AA55: =Z55 -> 0.0035060002 | AB55: =AA55 -> 0.0035060002 | AW55: =SUM(T55:AU55) -> 0.014024001 | AX55: =S55-AW55 -> 0
A56: =A55+1 -> 31 | B56: Pekerjaan Pembesian Tie Beam 3 | E56: ='[40]TB, Balok, Kolom'!R3 -> 641.28 | F56: kg | G56: 9240 | H56: 2000 | I56: =H56+G56 -> 11240 | J56: =E56*G56 -> 5925427.2 | K56: =E56*H56 -> 1282560 | L56: =K56+J56 -> 7207987.2 | P56: 1686 | Q56: =I56+M56+N56+O56+P56 -> 12926 | R56: =Q56*E56 -> 8289185.3 | S56: =R56/$R$6 -> 0.0058947795 | Y56: =S56/4 -> 0.0014736949 | Z56: =Y56 -> 0.0014736949 | AA56: =Z56 -> 0.0014736949 | AB56: =AA56 -> 0.0014736949 | AW56: =SUM(T56:AU56) -> 0.0058947795 | AX56: =S56-AW56 -> 0
A57: =A56+1 -> 32 | B57: Pekerjaan Pembesian Tie Beam 4 | E57: 624.35 | F57: kg | G57: 9240 | H57: 2000 | I57: =H57+G57 -> 11240 | J57: =E57*G57 -> 5768994 | K57: =E57*H57 -> 1248700 | L57: =K57+J57 -> 7017694 | P57: 1686 | Q57: =I57+M57+N57+O57+P57 -> 12926 | R57: =Q57*E57 -> 8070348.1 | S57: =R57/$R$6 -> 0.0057391554 | Y57: =S57/4 -> 0.0014347888 | Z57: =Y57 -> 0.0014347888 | AA57: =Z57 -> 0.0014347888 | AB57: =AA57 -> 0.0014347888 | AW57: =SUM(T57:AU57) -> 0.0057391554 | AX57: =S57-AW57 -> 0
A58: =A57+1 -> 33 | B58: Pekerjaan Bekisting Tie Beam 2 | E58: ='[40]VOLUME BP & GALIAN'!M61 -> 144.104 | F58: m2 | G58: 102000 | H58: 40000 | I58: =H58+G58 -> 142000 | J58: =E58*G58 -> 14698608 | K58: =E58*H58 -> 5764160 | L58: =K58+J58 -> 20462768 | P58: 21300 | Q58: =I58+M58+N58+O58+P58 -> 163300 | R58: =Q58*E58 -> 23532183 | S58: =R58/$R$6 -> 0.0167347 | Y58: =S58/4 -> 0.004183675 | Z58: =Y58 -> 0.004183675 | AA58: =Z58 -> 0.004183675 | AB58: =AA58 -> 0.004183675 | AW58: =SUM(T58:AU58) -> 0.0167347 | AX58: =S58-AW58 -> 0
A59: =A58+1 -> 34 | B59: Pekerjaan Bekisting Tie Beam 3 | E59: ='[40]VOLUME BP & GALIAN'!M76 -> 63.945 | F59: m2 | G59: 102000 | H59: 40000 | I59: =H59+G59 -> 142000 | J59: =E59*G59 -> 6522390 | K59: =E59*H59 -> 2557800 | L59: =K59+J59 -> 9080190 | P59: 21300 | Q59: =I59+M59+N59+O59+P59 -> 163300 | R59: =Q59*E59 -> 10442218 | S59: =R59/$R$6 -> 0.0074258897 | Y59: =S59/4 -> 0.0018564724 | Z59: =Y59 -> 0.0018564724 | AA59: =Z59 -> 0.0018564724 | AB59: =AA59 -> 0.0018564724 | AW59: =SUM(T59:AU59) -> 0.0074258897 | AX59: =S59-AW59 -> 0
A60: =A59+1 -> 35 | B60: Pekerjaan Bekisting Tie Beam 4 | E60: ='[40]VOLUME BP & GALIAN'!M109 -> 57.168 | F60: m2 | G60: 102000 | H60: 40000 | I60: =H60+G60 -> 142000 | J60: =E60*G60 -> 5831136 | K60: =E60*H60 -> 2286720 | L60: =K60+J60 -> 8117856 | P60: 21300 | Q60: =I60+M60+N60+O60+P60 -> 163300 | R60: =Q60*E60 -> 9335534.4 | S60: =R60/$R$6 -> 0.0066388812 | Y60: =S60/4 -> 0.0016597203 | Z60: =Y60 -> 0.0016597203 | AA60: =Z60 -> 0.0016597203 | AB60: =AA60 -> 0.0016597203 | AW60: =SUM(T60:AU60) -> 0.0066388812 | AX60: =S60-AW60 -> 0
A61: =A60+1 -> 36 | B61: Pekerjaan Pembesian Footplate F1 | E61: ='[40]VOLUME PC'!U5 -> 770.4 | F61: kg | G61: 9240 | H61: 2000 | I61: =H61+G61 -> 11240 | J61: =E61*G61 -> 7118496 | K61: =E61*H61 -> 1540800 | L61: =K61+J61 -> 8659296 | P61: 1686 | Q61: =I61+M61+N61+O61+P61 -> 12926 | R61: =Q61*E61 -> 9958190.4 | S61: =R61/$R$6 -> 0.0070816774 | Y61: =S61/4 -> 0.0017704194 | Z61: =Y61 -> 0.0017704194 | AA61: =Z61 -> 0.0017704194 | AB61: =AA61 -> 0.0017704194 | AW61: =SUM(T61:AU61) -> 0.0070816774 | AX61: =S61-AW61 -> 0
A62: =A61+1 -> 37 | B62: Pekerjaan Bekisting Footplate 'F1 | E62: ='[40]VOLUME PC'!I12 -> 22.68 | F62: m2 | G62: 102000 | H62: 40000 | I62: =H62+G62 -> 142000 | J62: =E62*G62 -> 2313360 | K62: =E62*H62 -> 907200 | L62: =K62+J62 -> 3220560 | P62: 21300 | Q62: =I62+M62+N62+O62+P62 -> 163300 | R62: =Q62*E62 -> 3703644 | S62: =R62/$R$6 -> 0.0026338131 | Y62: =S62/4 -> 0.00065845327 | Z62: =Y62 -> 0.00065845327 | AA62: =Z62 -> 0.00065845327 | AB62: =AA62 -> 0.00065845327 | AW62: =SUM(T62:AU62) -> 0.0026338131 | AX62: =S62-AW62 -> 0
A63: =A62+1 -> 38 | B63: Pekerjaan Beton Footplate F1 | E63: ='[40]VOLUME PC'!G18 -> 2.268 | F63: m3 | G63: 715000 | H63: 300000 | I63: =H63+G63 -> 1015000 | J63: =E63*G63 -> 1621620 | K63: =E63*H63 -> 680400 | L63: =K63+J63 -> 2302020 | P63: 152250 | Q63: =I63+M63+N63+O63+P63 -> 1167250 | R63: =Q63*E63 -> 2647323 | S63: =R63/$R$6 -> 0.0018826199 | Y63: =S63/4 -> 0.00047065498 | Z63: =Y63 -> 0.00047065498 | AA63: =Z63 -> 0.00047065498 | AB63: =AA63 -> 0.00047065498 | AW63: =SUM(T63:AU63) -> 0.0018826199 | AX63: =S63-AW63 -> 0
B64: SUB TOTAL | L64: =SUM(L31:L49) -> 50211371 | Q64: Total | R64: =SUM(R31:R63) -> 2.5236883e+08 | AW64: =SUM(T64:AU64) -> 0 | AX64: =S64-AW64 -> 0
AW65: =SUM(T65:AU65) -> 0 | AX65: =S65-AW65 -> 0
AW66: =SUM(T66:AU66) -> 0 | AX66: =S66-AW66 -> 0
A67: III | B67: PEKERJAAN BETON | AW67: =SUM(T67:AU67) -> 0 | AX67: =S67-AW67 -> 0
A68: =A63+1 -> 39 | B68: Pekerjaan Pembesian Kolom K3 | E68: ='[40]TB, Balok, Kolom'!N28 -> 1062.5 | F68: kg | G68: 9240 | H68: 2000 | I68: =H68+G68 -> 11240 | J68: =E68*G68 -> 9817500 | K68: =E68*H68 -> 2125000 | L68: =K68+J68 -> 11942500 | P68: 1686 | Q68: =I68+M68+N68+O68+P68 -> 12926 | R68: =Q68*E68 -> 13733875 | S68: =R68/$R$6 -> 0.0097667215 | AC68: =S68/3 -> 0.0032555738 | AD68: =AC68 -> 0.0032555738 | AE68: =AD68 -> 0.0032555738 | AW68: =SUM(T68:AU68) -> 0.0097667215 | AX68: =S68-AW68 -> 0
A69: =A68+1 -> 40 | B69: Pekerjaan Bekisting Kolom K3 | E69: ='[40]TB, Balok, Kolom'!O28 -> 144.48 | F69: m2 | G69: 102000 | H69: 40000 | I69: =H69+G69 -> 142000 | J69: =E69*G69 -> 14736960 | K69: =E69*H69 -> 5779200 | L69: =K69+J69 -> 20516160 | P69: 21300 | Q69: =I69+M69+N69+O69+P69 -> 163300 | R69: =Q69*E69 -> 23593584 | S69: =R69/$R$6 -> 0.016778365 | AC69: =S69/3 -> 0.0055927883 | AD69: =AC69 -> 0.0055927883 | AE69: =AD69 -> 0.0055927883 | AW69: =SUM(T69:AU69) -> 0.016778365 | AX69: =S69-AW69 -> 0
A70: =A69+1 -> 41 | B70: Pekerjaan Beton Kolom K3 | E70: ='[40]TB, Balok, Kolom'!P28 -> 6.552 | F70: m3 | G70: =G73 -> 940500 | H70: 300000 | I70: =H70+G70 -> 1240500 | J70: =E70*G70 -> 6162156 | K70: =E70*H70 -> 1965600 | L70: =K70+J70 -> 8127756 | P70: 186075 | Q70: =I70+M70+N70+O70+P70 -> 1426575 | R70: =Q70*E70 -> 9346919.4 | S70: =R70/$R$6 -> 0.0066469776 | AC70: =S70/3 -> 0.0022156592 | AD70: =AC70 -> 0.0022156592 | AE70: =AD70 -> 0.0022156592 | AW70: =SUM(T70:AU70) -> 0.0066469776 | AX70: =S70-AW70 -> 0
A71: =A70+1 -> 42 | B71: Pekerjaan Pembesian Kolom K3a | E71: ='[40]TB, Balok, Kolom'!N29 -> 387.5 | F71: kg | G71: 9240 | H71: 2000 | I71: =H71+G71 -> 11240 | J71: =E71*G71 -> 3580500 | K71: =E71*H71 -> 775000 | L71: =K71+J71 -> 4355500 | P71: 1686 | Q71: =I71+M71+N71+O71+P71 -> 12926 | R71: =Q71*E71 -> 5008825 | S71: =R71/$R$6 -> 0.0035619808 | AC71: =S71/3 -> 0.0011873269 | AD71: =AC71 -> 0.0011873269 | AE71: =AD71 -> 0.0011873269 | AW71: =SUM(T71:AU71) -> 0.0035619808 | AX71: =S71-AW71 -> 0
A72: =A71+1 -> 43 | B72: Pekerjaan Bekisting Kolom K3a | E72: ='[40]TB, Balok, Kolom'!O29 -> 69.6 | F72: m2 | G72: 102000 | H72: 40000 | I72: =H72+G72 -> 142000 | J72: =E72*G72 -> 7099200 | K72: =E72*H72 -> 2784000 | L72: =K72+J72 -> 9883200 | P72: 21300 | Q72: =I72+M72+N72+O72+P72 -> 163300 | R72: =Q72*E72 -> 11365680 | S72: =R72/$R$6 -> 0.008082601 | AC72: =S72/3 -> 0.0026942003 | AD72: =AC72 -> 0.0026942003 | AE72: =AD72 -> 0.0026942003 | AW72: =SUM(T72:AU72) -> 0.008082601 | AX72: =S72-AW72 -> 0
A73: =A72+1 -> 44 | B73: Pekerjaan Beton Kolom K3a | E73: ='[40]TB, Balok, Kolom'!P29 -> 3.51 | F73: m3 | G73: =855000+(855000*10%) -> 940500 | H73: 300000 | I73: =H73+G73 -> 1240500 | J73: =E73*G73 -> 3301155 | K73: =E73*H73 -> 1053000 | L73: =K73+J73 -> 4354155 | P73: 186075 | Q73: =I73+M73+N73+O73+P73 -> 1426575 | R73: =Q73*E73 -> 5007278.2 | S73: =R73/$R$6 -> 0.0035608808 | AC73: =S73/3 -> 0.0011869603 | AD73: =AC73 -> 0.0011869603 | AE73: =AD73 -> 0.0011869603 | AW73: =SUM(T73:AU73) -> 0.0035608808 | AX73: =S73-AW73 -> 0
A74: =A73+1 -> 45 | B74: Pekerjaan Pembesian Balok B1 | E74: ='[40]TB, Balok, Kolom'!S7 -> 595.508 | F74: kg | G74: 9240 | H74: 2000 | I74: =H74+G74 -> 11240 | J74: =E74*G74 -> 5502493.9 | K74: =E74*H74 -> 1191016 | L74: =K74+J74 -> 6693509.9 | P74: 1686 | Q74: =I74+M74+N74+O74+P74 -> 12926 | R74: =Q74*E74 -> 7697536.4 | S74: =R74/$R$6 -> 0.0054740337 | AF74: =S74/5 -> 0.0010948067 | AG74: =AF74 -> 0.0010948067 | AH74: =AG74 -> 0.0010948067 | AI74: =AH74 -> 0.0010948067 | AJ74: =AI74 -> 0.0010948067 | AW74: =SUM(T74:AU74) -> 0.0054740337 | AX74: =S74-AW74 -> 0
A75: =A74+1 -> 46 | B75: Pekerjaan Bekisting Balok B1 | E75: ='[40]TB, Balok, Kolom'!P43 -> 58.52 | F75: m2 | G75: 102000 | H75: 40000 | I75: =H75+G75 -> 142000 | J75: =E75*G75 -> 5969040 | K75: =E75*H75 -> 2340800 | L75: =K75+J75 -> 8309840 | P75: 21300 | Q75: =I75+M75+N75+O75+P75 -> 163300 | R75: =Q75*E75 -> 9556316 | S75: =R75/$R$6 -> 0.0067958881 | AF75: =S75/5 -> 0.0013591776 | AG75: =AF75 -> 0.0013591776 | AH75: =AG75 -> 0.0013591776 | AI75: =AH75 -> 0.0013591776 | AJ75: =AI75 -> 0.0013591776 | AW75: =SUM(T75:AU75) -> 0.0067958881 | AX75: =S75-AW75 -> 0
A76: =A75+1 -> 47 | B76: Pekerjaan Beton Balok B1 | E76: ='[40]TB, Balok, Kolom'!Q43 -> 4.788 | F76: m3 | G76: =G63 -> 715000 | H76: 300000 | I76: =H76+G76 -> 1015000 | J76: =E76*G76 -> 3423420 | K76: =E76*H76 -> 1436400 | L76: =K76+J76 -> 4859820 | P76: 152250 | Q76: =I76+M76+N76+O76+P76 -> 1167250 | R76: =Q76*E76 -> 5588793 | S76: =R76/$R$6 -> 0.0039744198 | AF76: =S76/5 -> 0.00079488396 | AG76: =AF76 -> 0.00079488396 | AH76: =AG76 -> 0.00079488396 | AI76: =AH76 -> 0.00079488396 | AJ76: =AI76 -> 0.00079488396 | AW76: =SUM(T76:AU76) -> 0.0039744198 | AX76: =S76-AW76 -> 0
A77: =A76+1 -> 48 | B77: Pekerjaan Pembesian Balok B2 | E77: ='[40]TB, Balok, Kolom'!S8 -> 740.268 | F77: kg | G77: 9240 | H77: 2000 | I77: =H77+G77 -> 11240 | J77: =E77*G77 -> 6840076.3 | K77: =E77*H77 -> 1480536 | L77: =K77+J77 -> 8320612.3 | P77: 1686 | Q77: =I77+M77+N77+O77+P77 -> 12926 | R77: =Q77*E77 -> 9568704.2 | S77: =R77/$R$6 -> 0.0068046978 | AF77: =S77/5 -> 0.0013609396 | AG77: =AF77 -> 0.0013609396 | AH77: =AG77 -> 0.0013609396 | AI77: =AH77 -> 0.0013609396 | AJ77: =AI77 -> 0.0013609396 | AW77: =SUM(T77:AU77) -> 0.0068046978 | AX77: =S77-AW77 -> 0
A78: =A77+1 -> 49 | B78: Pekerjaan Bekisting Balok B2 | E78: ='[40]TB, Balok, Kolom'!P60 -> 33.516 | F78: m2 | G78: 102000 | H78: 40000 | I78: =H78+G78 -> 142000 | J78: =E78*G78 -> 3418632 | K78: =E78*H78 -> 1340640 | L78: =K78+J78 -> 4759272 | P78: 21300 | Q78: =I78+M78+N78+O78+P78 -> 163300 | R78: =Q78*E78 -> 5473162.8 | S78: =R78/$R$6 -> 0.0038921904 | AF78: =S78/5 -> 0.00077843809 | AG78: =AF78 -> 0.00077843809 | AH78: =AG78 -> 0.00077843809 | AI78: =AH78 -> 0.00077843809 | AJ78: =AI78 -> 0.00077843809 | AW78: =SUM(T78:AU78) -> 0.0038921904 | AX78: =S78-AW78 -> 0
A79: =A78+1 -> 50 | B79: Pekerjaan Beton Balok B2 | E79: ='[40]TB, Balok, Kolom'!Q60 -> 1.729 | F79: m3 | G79: =G76 -> 715000 | H79: 300000 | I79: =H79+G79 -> 1015000 | J79: =E79*G79 -> 1236235 | K79: =E79*H79 -> 518700 | L79: =K79+J79 -> 1754935 | P79: 152250 | Q79: =I79+M79+N79+O79+P79 -> 1167250 | R79: =Q79*E79 -> 2018175.2 | S79: =R79/$R$6 -> 0.0014352072 | AF79: =S79/5 -> 0.00028704143 | AG79: =AF79 -> 0.00028704143 | AH79: =AG79 -> 0.00028704143 | AI79: =AH79 -> 0.00028704143 | AJ79: =AI79 -> 0.00028704143 | AW79: =SUM(T79:AU79) -> 0.0014352072 | AX79: =S79-AW79 -> 0
A80: =A79+1 -> 51 | B80: Pekerjaan Pembesian Balok B3 | E80: 814.69 | F80: kg | G80: 9240 | H80: 2000 | I80: =H80+G80 -> 11240 | J80: =E80*G80 -> 7527735.6 | K80: =E80*H80 -> 1629380 | L80: =K80+J80 -> 9157115.6 | P80: 1686 | Q80: =I80+M80+N80+O80+P80 -> 12926 | R80: =Q80*E80 -> 10530683 | S80: =R80/$R$6 -> 0.0074888003 | AF80: =S80/5 -> 0.0014977601 | AG80: =AF80 -> 0.0014977601 | AH80: =AG80 -> 0.0014977601 | AI80: =AH80 -> 0.0014977601 | AJ80: =AI80 -> 0.0014977601 | AW80: =SUM(T80:AU80) -> 0.0074888003 | AX80: =S80-AW80 -> 0
A81: =A80+1 -> 52 | B81: Pekerjaan Bekisting Balok B3 | E81: ='[40]TB, Balok, Kolom'!P85 -> 69.975 | F81: m2 | G81: 102000 | H81: 40000 | I81: =H81+G81 -> 142000 | J81: =E81*G81 -> 7137450 | K81: =E81*H81 -> 2799000 | L81: =K81+J81 -> 9936450 | P81: 21300 | Q81: =I81+M81+N81+O81+P81 -> 163300 | R81: =Q81*E81 -> 11426918 | S81: =R81/$R$6 -> 0.0081261495 | AF81: =S81/5 -> 0.0016252299 | AG81: =AF81 -> 0.0016252299 | AH81: =AG81 -> 0.0016252299 | AI81: =AH81 -> 0.0016252299 | AJ81: =AI81 -> 0.0016252299 | AW81: =SUM(T81:AU81) -> 0.0081261495 | AX81: =S81-AW81 -> 0
A82: =A81+1 -> 53 | B82: Pekerjaan Beton Balok B3 | E82: ='[40]TB, Balok, Kolom'!Q85 -> 4.1985 | F82: m3 | G82: 715000 | H82: 300000 | I82: =H82+G82 -> 1015000 | J82: =E82*G82 -> 3001927.5 | K82: =E82*H82 -> 1259550 | L82: =K82+J82 -> 4261477.5 | P82: 152250 | Q82: =I82+M82+N82+O82+P82 -> 1167250 | R82: =Q82*E82 -> 4900699.1 | S82: =R82/$R$6 -> 0.0034850881 | AF82: =S82/5 -> 0.00069701761 | AG82: =AF82 -> 0.00069701761 | AH82: =AG82 -> 0.00069701761 | AI82: =AH82 -> 0.00069701761 | AJ82: =AI82 -> 0.00069701761 | AW82: =SUM(T82:AU82) -> 0.0034850881 | AX82: =S82-AW82 -> 0
A83: =A82+1 -> 54 | B83: Pekerjaan Pembesian RB1 | E83: ='[40]TB, Balok, Kolom'!S10 -> 146.74413 | F83: kg | G83: 9240 | H83: 2000 | I83: =H83+G83 -> 11240 | J83: =E83*G83 -> 1355915.8 | K83: =E83*H83 -> 293488.26 | L83: =K83+J83 -> 1649404 | P83: 1686 | Q83: =I83+M83+N83+O83+P83 -> 12926 | R83: =Q83*E83 -> 1896814.6 | S83: =R83/$R$6 -> 0.0013489026 | AF83: =S83/5 -> 0.00026978053 | AG83: =AF83 -> 0.00026978053 | AH83: =AG83 -> 0.00026978053 | AI83: =AH83 -> 0.00026978053 | AJ83: =AI83 -> 0.00026978053 | AW83: =SUM(T83:AU83) -> 0.0013489026 | AX83: =S83-AW83 -> 0
A84: =A83+1 -> 55 | B84: Pekerjaan Bekisting RB1 | E84: ='[40]TB, Balok, Kolom'!Q205 -> 8.984 | F84: m2 | G84: 102000 | H84: 40000 | I84: =H84+G84 -> 142000 | J84: =E84*G84 -> 916368 | K84: =E84*H84 -> 359360 | L84: =K84+J84 -> 1275728 | P84: 21300 | Q84: =I84+M84+N84+O84+P84 -> 163300 | R84: =Q84*E84 -> 1467087.2 | S84: =R84/$R$6 -> 0.0010433059 | AF84: =S84/5 -> 0.00020866117 | AG84: =AF84 -> 0.00020866117 | AH84: =AG84 -> 0.00020866117 | AI84: =AH84 -> 0.00020866117 | AJ84: =AI84 -> 0.00020866117 | AW84: =SUM(T84:AU84) -> 0.0010433059 | AX84: =S84-AW84 -> 0
A85: =A84+1 -> 56 | B85: Pekerjaan Beton RB1 | E85: ='[40]TB, Balok, Kolom'!R205 -> 0.3369 | F85: m3 | G85: 715000 | H85: 300000 | I85: =H85+G85 -> 1015000 | J85: =E85*G85 -> 240883.5 | K85: =E85*H85 -> 101070 | L85: =K85+J85 -> 341953.5 | P85: 152250 | Q85: =I85+M85+N85+O85+P85 -> 1167250 | R85: =Q85*E85 -> 393246.53 | S85: =R85/$R$6 -> 0.00027965372 | AF85: =S85/5 -> 5.5930745e-05 | AG85: =AF85 -> 5.5930745e-05 | AH85: =AG85 -> 5.5930745e-05 | AI85: =AH85 -> 5.5930745e-05 | AJ85: =AI85 -> 5.5930745e-05 | AW85: =SUM(T85:AU85) -> 0.00027965372 | AX85: =S85-AW85 -> 0
A86: =A85+1 -> 57 | B86: Pekerjaan Pembesian Dak Atap | E86: ='[40]Volume Wiremesh & Lantai'!Q19 -> 1057.02 | F86: kg | G86: 9240 | H86: 2000 | I86: =H86+G86 -> 11240 | J86: =E86*G86 -> 9766864.8 | K86: =E86*H86 -> 2114040 | L86: =K86+J86 -> 11880905 | P86: 1686 | Q86: =I86+M86+N86+O86+P86 -> 12926 | R86: =Q86*E86 -> 13663041 | S86: =R86/$R$6 -> 0.0097163482 | AF86: =S86/5 -> 0.0019432696 | AG86: =AF86 -> 0.0019432696 | AH86: =AG86 -> 0.0019432696 | AI86: =AH86 -> 0.0019432696 | AJ86: =AI86 -> 0.0019432696 | AW86: =SUM(T86:AU86) -> 0.0097163482 | AX86: =S86-AW86 -> 0
A87: =A86+1 -> 58 | B87: Pekerjaan Bekisting Dak Atap | E87: ='[40]Volume Wiremesh & Lantai'!F9 -> 183.997 | F87: m2 | G87: 102000 | H87: 40000 | I87: =H87+G87 -> 142000 | J87: =E87*G87 -> 18767694 | K87: =E87*H87 -> 7359880 | L87: =K87+J87 -> 26127574 | P87: 21300 | Q87: =I87+M87+N87+O87+P87 -> 163300 | R87: =Q87*E87 -> 30046710 | S87: =R87/$R$6 -> 0.021367447 | AF87: =S87/5 -> 0.0042734895 | AG87: =AF87 -> 0.0042734895 | AH87: =AG87 -> 0.0042734895 | AI87: =AH87 -> 0.0042734895 | AJ87: =AI87 -> 0.0042734895 | AW87: =SUM(T87:AU87) -> 0.021367447 | AX87: =S87-AW87 -> 0
A88: =A87+1 -> 59 | B88: Pekerjaan Beton Dak Atap | E88: ='[40]Volume Wiremesh & Lantai'!G9 -> 22.07964 | F88: m3 | G88: =G73 -> 940500 | H88: 300000 | I88: =H88+G88 -> 1240500 | J88: =E88*G88 -> 20765901 | K88: =E88*H88 -> 6623892 | L88: =K88+J88 -> 27389793 | P88: 186075 | Q88: =I88+M88+N88+O88+P88 -> 1426575 | R88: =Q88*E88 -> 31498262 | S88: =R88/$R$6 -> 0.022399706 | AF88: =S88/5 -> 0.0044799411 | AG88: =AF88 -> 0.0044799411 | AH88: =AG88 -> 0.0044799411 | AI88: =AH88 -> 0.0044799411 | AJ88: =AI88 -> 0.0044799411 | AW88: =SUM(T88:AU88) -> 0.022399706 | AX88: =S88-AW88 -> 0
L89: =SUM(L27:L88) -> 4.932685e+08 | Q89: Total | R89: =SUM(R27:R88) -> 7.6317465e+08 | AW89: =SUM(T89:AU89) -> 0 | AX89: =S89-AW89 -> 0
AW90: =SUM(T90:AU90) -> 0 | AX90: =S90-AW90 -> 0
A91: IV | B91: PEKERJAAN STRUKTUR BAJA | AW91: =SUM(T91:AU91) -> 0 | AX91: =S91-AW91 -> 0
A92: 1 | B92: Pekerjaan kolom baja : WF-250.125 .6.9mm | E92: 1065 | F92: kg | G92: 17000 | H92: 15000 | I92: =H92+G92 -> 32000 | J92: =E92*G92 -> 18105000 | K92: =E92*H92 -> 15975000 | L92: =(K92+J92) -> 34080000 | M92: 3200 | N92: 800 | O92: 800 | P92: 4800 | Q92: =I92+M92+N92+O92+P92 -> 41600 | R92: =Q92*E92 -> 44304000 | S92: =R92/$R$6 -> 0.031506391 | AF92: =S92/8 -> 0.0039382988 | AG92: =AF92 -> 0.0039382988 | AH92: =AG92 -> 0.0039382988 | AI92: =AH92 -> 0.0039382988 | AJ92: =AI92 -> 0.0039382988 | AK92: =AJ92 -> 0.0039382988 | AL92: =AK92 -> 0.0039382988 | AM92: =AL92 -> 0.0039382988 | AW92: =SUM(T92:AU92) -> 0.031506391 | AX92: =S92-AW92 -> 0
A93: =A92+1 -> 2 | B93: Pekerjaan balok baja : WF-250.125.6.9mm | E93: 2340 | F93: kg | G93: 17000 | H93: 15000 | I93: =H93+G93 -> 32000 | J93: =E93*G93 -> 39780000 | K93: =E93*H93 -> 35100000 | L93: =(K93+J93) -> 74880000 | M93: 3200 | N93: 800 | O93: 800 | P93: 4800 | Q93: =I93+M93+N93+O93+P93 -> 41600 | R93: =Q93*E93 -> 97344000 | S93: =R93/$R$6 -> 0.069225309 | AF93: =S93/8 -> 0.0086531636 | AG93: =AF93 -> 0.0086531636 | AH93: =AG93 -> 0.0086531636 | AI93: =AH93 -> 0.0086531636 | AJ93: =AI93 -> 0.0086531636 | AK93: =AJ93 -> 0.0086531636 | AL93: =AK93 -> 0.0086531636 | AM93: =AL93 -> 0.0086531636 | AW93: =SUM(T93:AU93) -> 0.069225309 | AX93: =S93-AW93 -> 0
A94: 3 | B94: Pekerjaan Atap Gording WF-200.100.5,5.8mm | E94: 742.4 | F94: kg | G94: 17000 | H94: 15000 | I94: =H94+G94 -> 32000 | J94: =E94*G94 -> 12620800 | K94: =E94*H94 -> 11136000 | L94: =(K94+J94) -> 23756800 | M94: 3200 | N94: 800 | O94: 800 | P94: 4800 | Q94: =I94+M94+N94+O94+P94 -> 41600 | R94: =Q94*E94 -> 30883840 | S94: =R94/$R$6 -> 0.021962765 | AF94: =S94/8 -> 0.0027453456 | AG94: =AF94 -> 0.0027453456 | AH94: =AG94 -> 0.0027453456 | AI94: =AH94 -> 0.0027453456 | AJ94: =AI94 -> 0.0027453456 | AK94: =AJ94 -> 0.0027453456 | AL94: =AK94 -> 0.0027453456 | AM94: =AL94 -> 0.0027453456 | AW94: =SUM(T94:AU94) -> 0.021962765 | AX94: =S94-AW94 -> 0
A95: 4 | B95: Pekerjaan Atap Gording WF-150.75.5.7mm | E95: 1184.4 | F95: kg | G95: 17000 | H95: 15000 | I95: =H95+G95 -> 32000 | J95: =E95*G95 -> 20134800 | K95: =E95*H95 -> 17766000 | L95: =(K95+J95) -> 37900800 | M95: 3200 | N95: 800 | O95: 800 | P95: 4800 | Q95: =I95+M95+N95+O95+P95 -> 41600 | R95: =Q95*E95 -> 49271040 | S95: =R95/$R$6 -> 0.035038656 | AF95: =S95/8 -> 0.004379832 | AG95: =AF95 -> 0.004379832 | AH95: =AG95 -> 0.004379832 | AI95: =AH95 -> 0.004379832 | AJ95: =AI95 -> 0.004379832 | AK95: =AJ95 -> 0.004379832 | AL95: =AK95 -> 0.004379832 | AM95: =AL95 -> 0.004379832 | AW95: =SUM(T95:AU95) -> 0.035038656 | AX95: =S95-AW95 -> 0
A96: 5 | B96: Pekerjaan Beton Komposit Kolom WF | E96: =0.25*0.25*2.65*10 -> 1.65625 | F96: m3 | G96: 940500 | H96: 300000 | I96: =H96+G96 -> 1240500 | J96: =E96*G96 -> 1557703.1 | K96: =E96*H96 -> 496875 | L96: =(K96+J96) -> 2054578.1 | M96: 124050 | N96: 31012 | O96: 31012 | P96: 186075 | Q96: =I96+M96+N96+O96+P96 -> 1612649 | R96: =Q96*E96 -> 2670949.9 | S96: =R96/$R$6 -> 0.001899422 | AF96: =S96/8 -> 0.00023742775 | AG96: =AF96 -> 0.00023742775 | AH96: =AG96 -> 0.00023742775 | AI96: =AH96 -> 0.00023742775 | AJ96: =AI96 -> 0.00023742775 | AK96: =AJ96 -> 0.00023742775 | AL96: =AK96 -> 0.00023742775 | AM96: =AL96 -> 0.00023742775 | AW96: =SUM(T96:AU96) -> 0.001899422 | AX96: =S96-AW96 -> 0
AW97: =SUM(T97:AU97) -> 0 | AX97: =S97-AW97 -> 0
L98: =SUM(L92:L97) -> 1.7267218e+08 | R98: =SUM(R92:R97) -> 2.2447383e+08 | AW98: =SUM(T98:AU98) -> 0 | AX98: =S98-AW98 -> 0
AW99: =SUM(T99:AU99) -> 0 | AX99: =S99-AW99 -> 0
AW100: =SUM(T100:AU100) -> 0 | AX100: =S100-AW100 -> 0
...

Sheet RAB
A1: RENCANA ANGGARAN BIAYA
A2: PEKERJAAN | C2: : | D2: RUMAH Qur'an Az'Zakir
A3: OWNER | C3: : | D3: PT. Cipta Karya Serasi
A4: LOKASI | C4: : | D4: Cibinong, Bogor
A6: NO | B6: URAIAN PEKERJAAN | E6: VOLUME | G6: Haga Satuan Material | H6: Harga Satuan Upah | I6: Material + Upah | J6: Jumlah Harga Material | K6: Jumlah Harga Upah | L6: Jumlah Material + Upah
G7: (Rp) | H7: (Rp) | I7: (Rp) | J7: (Rp) | K7: (Rp) | L7: (Rp)
A8: I | B8: LANTAI 1
A9: I | B9: PEKERJAAN PERSIAPAN
A10: 1 | B10: Uitzet / Bowplank : | E10: 128 | F10: m1 | G10: 10000 | H10: 10000 | I10: =H10+G10 -> 20000 | J10: =E10*G10 -> 1280000 | K10: =E10*H10 -> 1280000 | L10: 2944000
A11: 2 | B11: Pembersihan | E11: 854 | F11: m2 | G11: 0 | H11: 5000 | I11: =H11+G11 -> 5000 | J11: =E11*G11 -> 0 | K11: =E11*H11 -> 4270000 | L11: 1964200
A12: 3 | B12: Instalasi Air Bersih, Sumur Bor | E12: 30 | F12: m | G12: 183333 | H12: 100000 | I12: =H12+G12 -> 283333 | J12: =E12*G12 -> 5499990 | K12: =E12*H12 -> 3000000 | L12: 9774988.5
A13: 4 | B13: Instalasi Listrik | E13: 1 | F13: ls | G13: 1500000 | H13: 1000000 | I13: =H13+G13 -> 2500000 | J13: =E13*G13 -> 1500000 | K13: =E13*H13 -> 1000000 | L13: 2875000
A14: 5 | B14: Mobilisasi dan Remobilisasi | E14: 1 | F14: ls | G14: 0 | H14: 7500000 | I14: =H14+G14 -> 7500000 | J14: =E14*G14 -> 0 | K14: =E14*H14 -> 7500000 | L14: 7500000
A15: 6 | B15: MCK | E15: 3 | F15: unit | G15: 111333 | H15: 39000 | I15: =H15+G15 -> 150333 | J15: =E15*G15 -> 333999 | K15: =E15*H15 -> 117000 | L15: 518648.85
A16: 7 | B16: K3 Tools | E16: 1 | F16: ls | G16: 10000000 | J16: =E16*G16 -> 10000000 | L16: 10000000
A17: 8 | B17: Keamanan | E17: 8 | F17: ls | H17: 1000000 | J17: =E17*G17 -> 0 | K17: =H17*E17 -> 8000000 | L17: 8000000
A18: 9 | B18: Direksi Keet, Bedeng tenaga dan gudang material | E18: 30 | F18: m2 | G18: 250000 | H18: 50000 | I18: =H18+G18 -> 300000 | J18: =E18*G18 -> 7500000 | K18: =E18*H18 -> 1500000 | L18: 9000000
L19: =SUM(L10:L18) -> 52576837
A21: II | B21: PEKERJAAN TANAH + PONDASI
A22: 1 | B22: Galian Tanah : PC-01 (0,6x0,6) | E22: =0.6*0.6*0.3*50 -> 5.4 | F22: m3 | G22: 0 | H22: 65000 | I22: =H22+G22 -> 65000 | J22: =E22*G22 -> 0 | K22: =E22*H22 -> 351000 | L22: =(K22+J22)*130% -> 456300
A23: =A22+1 -> 2 | B23: Galian Tanah : PC-02 (0,8x0,8) | E23: =0.8*0.8*0.3*30 -> 5.76 | F23: m3 | G23: 0 | H23: 65000 | I23: =H23+G23 -> 65000 | J23: =E23*G23 -> 0 | K23: =E23*H23 -> 374400 | L23: =(K23+J23)*130% -> 486720
A24: =A23+1 -> 3 | B24: Pasir Urug : PC-01 (Tebal 5 cm) | E24: =(0.6*0.6*0.05)*50 -> 0.9 | F24: m3 | G24: 15400 | H24: 37500 | I24: =H24+G24 -> 52900 | J24: =E24*G24 -> 13860 | K24: =E24*H24 -> 33750 | L24: =K24+J24 -> 47610
A25: =A24+1 -> 4 | B25: Pasir Urug : PC-02 (Tebal 5 cm) | E25: =(0.8*0.8*0.05)*30 -> 0.96 | F25: m3 | G25: 15400 | H25: 37500 | I25: =H25+G25 -> 52900 | J25: =E25*G25 -> 14784 | K25: =E25*H25 -> 36000 | L25: =K25+J25 -> 50784
A26: =A25+1 -> 5 | B26: Lantai Kerja : PC-01 (Tebal 5 cm) | E26: =0.6*0.6*50 -> 18 | F26: m2 | G26: 13200 | H26: 36000 | I26: =H26+G26 -> 49200 | J26: =E26*G26 -> 237600 | K26: =E26*H26 -> 648000 | L26: =K26+J26 -> 885600
A27: =A26+1 -> 6 | B27: Lantai Kerja : PC-02 (Tebal 5 cm) | E27: =0.8*0.8*30 -> 19.2 | F27: m2 | G27: 13200 | H27: 36000 | I27: =H27+G27 -> 49200 | J27: =E27*G27 -> 253440 | K27: =E27*H27 -> 691200 | L27: =K27+J27 -> 944640
A28: =A27+1 -> 7 | B28: Galian Tie Footplate F2 | E28: =(0.6*0.6*0.3)*17 -> 1.836 | F28: m3 | G28: 0 | H28: 65000 | I28: =H28+G28 -> 65000 | J28: =E28*G28 -> 0 | K28: =E28*H28 -> 119340 | L28: =K28+J28 -> 119340
A29: =A28+1 -> 8 | B29: Pasir Urug F2 (Tebal 5 cm) | E29: =(0.6*0.6*0.5)*17 -> 3.06 | F29: m3 | G29: 15400 | H29: 47500 | I29: =H29+G29 -> 62900 | J29: =E29*G29 -> 47124 | K29: =E29*H29 -> 145350 | L29: =K29+J29 -> 192474
A30: =A29+1 -> 9 | B30: Lantai Kerja F2 (Tebal 5 cm) | E30: =E29 -> 3.06 | F30: m3 | G30: 13200 | H30: 36000 | I30: =H30+G30 -> 49200 | J30: =E30*G30 -> 40392 | K30: =E30*H30 -> 110160 | L30: =K30+J30 -> 150552
A31: =A30+1 -> 10 | B31: Galian Tie Beam 2 | E31: ='[40]VOLUME BP & GALIAN'!F61 -> 18.013 | F31: m3 | H31: 65000 | I31: =H31+G31 -> 65000 | J31: =E31*G31 -> 0 | K31: =E31*H31 -> 1170845 | L31: =K31+J31 -> 1170845
A32: =A31+1 -> 11 | B32: Galian Tie Beam 3 | E32: ='[40]VOLUME BP & GALIAN'!F76 -> 9.769375 | F32: m3 | H32: 65000 | I32: =H32+G32 -> 65000 | J32: =E32*G32 -> 0 | K32: =E32*H32 -> 635009.38 | L32: =K32+J32 -> 635009.38
A33: =A32+1 -> 12 | B33: Galian Tie Beam 4 | E33: ='[40]VOLUME BP & GALIAN'!F108 -> 5.57388 | F33: m3 | H33: 65000 | I33: =H33+G33 -> 65000 | J33: =E33*G33 -> 0 | K33: =E33*H33 -> 362302.2 | L33: =K33+J33 -> 362302.2
A34: =A33+1 -> 13 | B34: Urugan Tanah Kembali | E34: =E22+E23 -> 11.16 | F34: m3 | H34: 35000 | I34: =H34+G34 -> 35000 | K34: =E34*H34 -> 390600 | L34: =K34+J34 -> 390600
A35: =A34+1 -> 14 | B35: Pekerjaan Beton Bore Pile BP-01 - K175 | E35: =3.14*0.15*0.15*6*18 -> 7.6302 | F35: m3 | G35: =650000+(650000*10%) -> 715000 | H35: 250000 | I35: =H35+G35 -> 965000 | J35: =E35*G35 -> 5455593 | K35: =E35*H35 -> 1907550 | L35: =K35+J35 -> 7363143
A36: =A35+1 -> 15 | B36: Pekerjaan Beton Bore Pile BP-02 - K175 | E36: =3.14*0.1*0.1*4*42 -> 5.2752 | F36: m3 | G36: =G35 -> 715000 | H36: 250000 | I36: =H36+G36 -> 965000 | J36: =E36*G36 -> 3771768 | K36: =E36*H36 -> 1318800 | L36: =K36+J36 -> 5090568
A37: =A36+1 -> 16 | B37: Pekerjaan Pembesian Bore Pile BP-01 | E37: 877.61 | F37: kg | G37: =8400+(8400*10%) -> 9240 | H37: 5000 | I37: =H37+G37 -> 14240 | J37: =E37*G37 -> 8109116.4 | K37: =E37*H37 -> 4388050 | L37: =K37+J37 -> 12497166
A38: =A37+1 -> 17 | B38: Pekerjaan Pembesian Bore Pile BP-02 | E38: 1411.64 | F38: kg | G38: =G37 -> 9240 | H38: 5000 | I38: =H38+G38 -> 14240 | J38: =E38*G38 -> 13043554 | K38: =E38*H38 -> 7058200 | L38: =K38+J38 -> 20101754
A39: =A38+1 -> 18 | B39: Pekerjaan Beton Pile Cap : PC-01 | E39: ='[40]VOLUME PC'!G16 -> 5.4 | F39: m3 | G39: 825000 | H39: 250000 | I39: =H39+G39 -> 1075000 | J39: =E39*G39 -> 4455000 | K39: =E39*H39 -> 1350000 | L39: =K39+J39 -> 5805000
A40: =A39+1 -> 19 | B40: Pekerjaan Beton Pile Cap : PC-02 | E40: ='[40]VOLUME PC'!G17 -> 7.488 | F40: m3 | G40: 825000 | H40: 250000 | I40: =H40+G40 -> 1075000 | J40: =E40*G40 -> 6177600 | K40: =E40*H40 -> 1872000 | L40: =K40+J40 -> 8049600
A41: =A40+1 -> 20 | B41: Pekerjaan Pembesian Pile Cap : PC-01 | E41: 588.6 | F41: kg | G41: =G38 -> 9240 | H41: 5000 | I41: =H41+G41 -> 14240 | J41: =E41*G41 -> 5438664 | K41: =E41*H41 -> 2943000 | L41: =K41+J41 -> 8381664
A42: =A41+1 -> 21 | B42: Pekerjaan Pembesian Pile Cap : PC-02 | E42: 900.25 | F42: kg | G42: 9240 | H42: 5000 | I42: =H42+G42 -> 14240 | J42: =E42*G42 -> 8318310 | K42: =E42*H42 -> 4501250 | L42: =K42+J42 -> 12819560
A43: =A42+1 -> 22 | B43: Pekerjaan Bekisting Pile Cap : PC-01 | E43: ='[40]VOLUME PC'!I10 -> 39.6 | F43: m2 | G43: 102000 | H43: 68000 | I43: =H43+G43 -> 170000 | J43: =E43*G43 -> 4039200 | K43: =E43*H43 -> 2692800 | L43: =K43+J43 -> 6732000
A44: =A43+1 -> 23 | B44: Pekerjaan Bekisting Pile Cap : PC-02 | E44: ='[40]VOLUME PC'!I11 -> 62.4 | F44: m2 | G44: 102000 | H44: 68000 | I44: =H44+G44 -> 170000 | J44: =E44*G44 -> 6364800 | K44: =E44*H44 -> 4243200 | L44: =K44+J44 -> 10608000
A45: =A44+1 -> 24 | B45: Pekerjaan Pembesian Wiremesh M10 | E45: 326.21 | F45: m2 | G45: 70000 | H45: 5000 | I45: =H45+G45 -> 75000 | J45: =E45*G45 -> 22834700 | K45: =E45*H45 -> 1631050 | L45: =K45+J45 -> 24465750
A46: =A45+1 -> 25 | B46: Pekerjaan Pengecoran beton Lantai K-175 | E46: ='[40]Volume Wiremesh & Lantai'!G3 -> 39.1452 | F46: m3 | G46: 825000 | H46: 250000 | I46: =H46+G46 -> 1075000 | J46: =E46*G46 -> 32294790 | K46: =E46*H46 -> 9786300 | L46: =K46+J46 -> 42081090
A47: =A46+1 -> 26 | B47: Pekerjaan Beton Tie Beam 2 | E47: ='[40]VOLUME BP & GALIAN'!T61 -> 14.4104 | F47: m3 | G47: 825000 | H47: 250000 | I47: =H47+G47 -> 1075000 | J47: =E47*G47 -> 11888580 | K47: =E47*H47 -> 3602600 | L47: =K47+J47 -> 15491180
A48: =A47+1 -> 27 | B48: Pekerjaan Beton Tie Beam 3 | E48: ='[40]VOLUME BP & GALIAN'!T76 -> 7.993125 | F48: m3 | G48: =G45 -> 70000 | H48: 250000 | I48: =H48+G48 -> 320000 | J48: =E48*G48 -> 559518.75 | K48: =E48*H48 -> 1998281.2 | L48: =K48+J48 -> 2557800
A49: =A48+1 -> 28 | B49: Pekerjaan Beton Tie Beam 4 | E49: ='[40]VOLUME BP & GALIAN'!T109 -> 3.71592 | F49: m3 | G49: =G46 -> 825000 | H49: 250000 | I49: =H49+G49 -> 1075000 | J49: =E49*G49 -> 3065634 | K49: =E49*H49 -> 928980 | L49: =K49+J49 -> 3994614
A50: =A49+1 -> 29 | B50: Pekerjaan Pembesian Tie Beam 2 | E50: ='[40]TB, Balok, Kolom'!R2 -> 1525.64 | F50: kg | G50: 9240 | H50: 5000 | I50: =H50+G50 -> 14240 | J50: =E50*G50 -> 14096914 | K50: =E50*H50 -> 7628200 | L50: =K50+J50 -> 21725114
A51: =A50+1 -> 30 | B51: Pekerjaan Pembesian Tie Beam 3 | E51: ='[40]TB, Balok, Kolom'!R3 -> 641.28 | F51: kg | G51: 9240 | H51: 5000 | I51: =H51+G51 -> 14240 | J51: =E51*G51 -> 5925427.2 | K51: =E51*H51 -> 3206400 | L51: =K51+J51 -> 9131827.2
A52: =A51+1 -> 31 | B52: Pekerjaan Pembesian Tie Beam 4 | E52: 624.35 | F52: kg | G52: 9240 | H52: 5000 | I52: =H52+G52 -> 14240 | J52: =E52*G52 -> 5768994 | K52: =E52*H52 -> 3121750 | L52: =K52+J52 -> 8890744
A53: =A52+1 -> 32 | B53: Pekerjaan Bekisting Tie Beam 2 | E53: ='[40]VOLUME BP & GALIAN'!M61 -> 144.104 | F53: m2 | G53: 102000 | H53: 68000 | I53: =H53+G53 -> 170000 | J53: =E53*G53 -> 14698608 | K53: =E53*H53 -> 9799072 | L53: =K53+J53 -> 24497680
A54: =A53+1 -> 33 | B54: Pekerjaan Bekisting Tie Beam 3 | E54: ='[40]VOLUME BP & GALIAN'!M76 -> 63.945 | F54: m2 | G54: 102000 | H54: 68000 | I54: =H54+G54 -> 170000 | J54: =E54*G54 -> 6522390 | K54: =E54*H54 -> 4348260 | L54: =K54+J54 -> 10870650
A55: =A54+1 -> 34 | B55: Pekerjaan Bekisting Tie Beam 4 | E55: ='[40]VOLUME BP & GALIAN'!M109 -> 57.168 | F55: m2 | G55: 102000 | H55: 68000 | I55: =H55+G55 -> 170000 | J55: =E55*G55 -> 5831136 | K55: =E55*H55 -> 3887424 | L55: =K55+J55 -> 9718560
A56: =A55+1 -> 35 | B56: Pekerjaan Pembesian Footplate F1 | E56: ='[40]VOLUME PC'!U5 -> 770.4 | F56: kg | G56: 9240 | H56: 5000 | I56: =H56+G56 -> 14240 | J56: =E56*G56 -> 7118496 | K56: =E56*H56 -> 3852000 | L56: =K56+J56 -> 10970496
A57: =A56+1 -> 36 | B57: Pekerjaan Bekisting Footplate 'F1 | E57: ='[40]VOLUME PC'!I12 -> 22.68 | F57: m2 | G57: 102000 | H57: 68000 | I57: =H57+G57 -> 170000 | J57: =E57*G57 -> 2313360 | K57: =E57*H57 -> 1542240 | L57: =K57+J57 -> 3855600
A58: =A57+1 -> 37 | B58: Pekerjaan Beton Footplate F1 | E58: ='[40]VOLUME PC'!G18 -> 2.268 | F58: m3 | G58: 825000 | H58: 250000 | I58: =H58+G58 -> 1075000 | J58: =E58*G58 -> 1871100 | K58: =E58*H58 -> 567000 | L58: =K58+J58 -> 2438100
B59: SUB TOTAL | L59: =SUM(L22:L58) -> 2.9403044e+08
A61: III | B61: PEKERJAAN BETON
A62: =A58+1 -> 38 | B62: Pekerjaan Pembesian Kolom K3 | E62: ='[40]TB, Balok, Kolom'!N28 -> 1062.5 | F62: kg | G62: 9240 | H62: 5000 | I62: =H62+G62 -> 14240 | J62: =E62*G62 -> 9817500 | K62: =E62*H62 -> 5312500 | L62: =K62+J62 -> 15130000
A63: =A62+1 -> 39 | B63: Pekerjaan Bekisting Kolom K3 | E63: ='[40]TB, Balok, Kolom'!O28 -> 144.48 | F63: m2 | G63: 102000 | H63: 68000 | I63: =H63+G63 -> 170000 | J63: =E63*G63 -> 14736960 | K63: =E63*H63 -> 9824640 | L63: =K63+J63 -> 24561600
A64: =A63+1 -> 40 | B64: Pekerjaan Beton Kolom K3 | E64: ='[40]TB, Balok, Kolom'!P28 -> 6.552 | F64: m3 | G64: 825000 | H64: 250000 | I64: =H64+G64 -> 1075000 | J64: =E64*G64 -> 5405400 | K64: =E64*H64 -> 1638000 | L64: =K64+J64 -> 7043400
A65: =A64+1 -> 41 | B65: Pekerjaan Pembesian Kolom K3a | E65: ='[40]TB, Balok, Kolom'!N29 -> 387.5 | F65: kg | G65: 9240 | H65: 5000 | I65: =H65+G65 -> 14240 | J65: =E65*G65 -> 3580500 | K65: =E65*H65 -> 1937500 | L65: =K65+J65 -> 5518000
A66: =A65+1 -> 42 | B66: Pekerjaan Bekisting Kolom K3a | E66: ='[40]TB, Balok, Kolom'!O29 -> 69.6 | F66: m2 | G66: 102000 | H66: 68000 | I66: =H66+G66 -> 170000 | J66: =E66*G66 -> 7099200 | K66: =E66*H66 -> 4732800 | L66: =K66+J66 -> 11832000
A67: =A66+1 -> 43 | B67: Pekerjaan Beton Kolom K3a | E67: ='[40]TB, Balok, Kolom'!P29 -> 3.51 | F67: m3 | G67: 825000 | H67: 250000 | I67: =H67+G67 -> 1075000 | J67: =E67*G67 -> 2895750 | K67: =E67*H67 -> 877500 | L67: =K67+J67 -> 3773250
A68: =A67+1 -> 44 | B68: Pekerjaan Pembesian Balok B1 | E68: ='[40]TB, Balok, Kolom'!S7 -> 595.508 | F68: kg | G68: 9240 | H68: 5000 | I68: =H68+G68 -> 14240 | J68: =E68*G68 -> 5502493.9 | K68: =E68*H68 -> 2977540 | L68: =K68+J68 -> 8480033.9
A69: =A68+1 -> 45 | B69: Pekerjaan Bekisting Balok B1 | E69: ='[40]TB, Balok, Kolom'!P43 -> 58.52 | F69: m2 | G69: 102000 | H69: 68000 | I69: =H69+G69 -> 170000 | J69: =E69*G69 -> 5969040 | K69: =E69*H69 -> 3979360 | L69: =K69+J69 -> 9948400
A70: =A69+1 -> 46 | B70: Pekerjaan Beton Balok B1 | E70: ='[40]TB, Balok, Kolom'!Q43 -> 4.788 | F70: m3 | G70: =G58 -> 825000 | H70: 250000 | I70: =H70+G70 -> 1075000 | J70: =E70*G70 -> 3950100 | K70: =E70*H70 -> 1197000 | L70: =K70+J70 -> 5147100
A71: =A70+1 -> 47 | B71: Pekerjaan Pembesian Balok B2 | E71: ='[40]TB, Balok, Kolom'!S8 -> 740.268 | F71: kg | G71: 9240 | H71: 5000 | I71: =H71+G71 -> 14240 | J71: =E71*G71 -> 6840076.3 | K71: =E71*H71 -> 3701340 | L71: =K71+J71 -> 10541416
A72: =A71+1 -> 48 | B72: Pekerjaan Bekisting Balok B2 | E72: ='[40]TB, Balok, Kolom'!P60 -> 33.516 | F72: m2 | G72: 102000 | H72: 68000 | I72: =H72+G72 -> 170000 | J72: =E72*G72 -> 3418632 | K72: =E72*H72 -> 2279088 | L72: =K72+J72 -> 5697720
A73: =A72+1 -> 49 | B73: Pekerjaan Beton Balok B2 | E73: ='[40]TB, Balok, Kolom'!Q60 -> 1.729 | F73: m3 | G73: =G70 -> 825000 | H73: 250000 | I73: =H73+G73 -> 1075000 | J73: =E73*G73 -> 1426425 | K73: =E73*H73 -> 432250 | L73: =K73+J73 -> 1858675
A74: =A73+1 -> 50 | B74: Pekerjaan Pembesian Balok B3 | E74: 814.69 | F74: kg | G74: 9240 | H74: 5000 | I74: =H74+G74 -> 14240 | J74: =E74*G74 -> 7527735.6 | K74: =E74*H74 -> 4073450 | L74: =K74+J74 -> 11601186
A75: =A74+1 -> 51 | B75: Pekerjaan Bekisting Balok B3 | E75: ='[40]TB, Balok, Kolom'!P85 -> 69.975 | F75: m2 | G75: 102000 | H75: 68000 | I75: =H75+G75 -> 170000 | J75: =E75*G75 -> 7137450 | K75: =E75*H75 -> 4758300 | L75: =K75+J75 -> 11895750
A76: =A75+1 -> 52 | B76: Pekerjaan Beton Balok B3 | E76: ='[40]TB, Balok, Kolom'!Q85 -> 4.1985 | F76: m3 | G76: 715000 | H76: 250000 | I76: =H76+G76 -> 965000 | J76: =E76*G76 -> 3001927.5 | K76: =E76*H76 -> 1049625 | L76: =K76+J76 -> 4051552.5
A77: =A76+1 -> 53 | B77: Pekerjaan Pembesian RB1 | E77: ='[40]TB, Balok, Kolom'!S10 -> 146.74413 | F77: kg | G77: 9240 | H77: 5000 | I77: =H77+G77 -> 14240 | J77: =E77*G77 -> 1355915.8 | K77: =E77*H77 -> 733720.65 | L77: =K77+J77 -> 2089636.4
A78: =A77+1 -> 54 | B78: Pekerjaan Bekisting RB1 | E78: ='[40]TB, Balok, Kolom'!Q205 -> 8.984 | F78: m2 | G78: 102000 | H78: 68000 | I78: =H78+G78 -> 170000 | J78: =E78*G78 -> 916368 | K78: =E78*H78 -> 610912 | L78: =K78+J78 -> 1527280
A79: =A78+1 -> 55 | B79: Pekerjaan Beton RB1 | E79: ='[40]TB, Balok, Kolom'!R205 -> 0.3369 | F79: m3 | G79: 715000 | H79: 250000 | I79: =H79+G79 -> 965000 | J79: =E79*G79 -> 240883.5 | K79: =E79*H79 -> 84225 | L79: =K79+J79 -> 325108.5
A80: =A79+1 -> 56 | B80: Pekerjaan Pembesian Dak Atap | E80: ='[40]Volume Wiremesh & Lantai'!Q19 -> 1057.02 | F80: kg | G80: 9240 | H80: 5000 | I80: =H80+G80 -> 14240 | J80: =E80*G80 -> 9766864.8 | K80: =E80*H80 -> 5285100 | L80: =K80+J80 -> 15051965
A81: =A80+1 -> 57 | B81: Pekerjaan Bekisting Dak Atap | E81: ='[40]Volume Wiremesh & Lantai'!F9 -> 183.997 | F81: m2 | G81: 102000 | H81: 68000 | I81: =H81+G81 -> 170000 | J81: =E81*G81 -> 18767694 | K81: =E81*H81 -> 12511796 | L81: =K81+J81 -> 31279490
A82: =A81+1 -> 58 | B82: Pekerjaan Beton Dak Atap | E82: ='[40]Volume Wiremesh & Lantai'!G9 -> 22.07964 | F82: m3 | G82: =G67 -> 825000 | H82: 250000 | I82: =H82+G82 -> 1075000 | J82: =E82*G82 -> 18215703 | K82: =E82*H82 -> 5519910 | L82: =K82+J82 -> 23735613
L83: =SUM(L62:L82) -> 2.1108918e+08
A85: IV | B85: PEKERJAAN STRUKTUR BAJA
A86: 1 | B86: Pekerjaan kolom baja : WF-250.125 .6.9mm | E86: 1065 | F86: kg | G86: 17000 | H86: 15000 | I86: =H86+G86 -> 32000 | J86: =E86*G86 -> 18105000 | K86: =E86*H86 -> 15975000 | L86: =(K86+J86) -> 34080000
A87: =A86+1 -> 2 | B87: Pekerjaan balok baja : WF-250.125.6.9mm | E87: 2340 | F87: kg | G87: 17000 | H87: 15000 | I87: =H87+G87 -> 32000 | J87: =E87*G87 -> 39780000 | K87: =E87*H87 -> 35100000 | L87: =(K87+J87) -> 74880000
A88: 3 | B88: Pekerjaan Atap Gording WF-200.100.5,5.8mm | E88: 742.4 | F88: kg | G88: 17000 | H88: 15000 | I88: =H88+G88 -> 32000 | J88: =E88*G88 -> 12620800 | K88: =E88*H88 -> 11136000 | L88: =(K88+J88) -> 23756800
A89: 4 | B89: Pekerjaan Atap Gording WF-150.75.5.7mm | E89: 1184.4 | F89: kg | G89: 17000 | H89: 15000 | I89: =H89+G89 -> 32000 | J89: =E89*G89 -> 20134800 | K89: =E89*H89 -> 17766000 | L89: =(K89+J89) -> 37900800
A90: 5 | B90: Pekerjaan Beton Komposit Kolom WF | E90: =0.25*0.25*2.65*10 -> 1.65625 | F90: m3 | G90: 825000 | H90: 250000 | I90: =H90+G90 -> 1075000 | J90: =E90*G90 -> 1366406.2 | K90: =E90*H90 -> 414062.5 | L90: =(K90+J90) -> 1780468.8
L92: =SUM(L86:L91) -> 1.7239807e+08
A93: V | B93: PEKERJAAN PASANGAN DINDING, LANTAI, PLESTERAN DAN ACIAN
A94: 1 | B94: Pek. Pasangan dinding merah | E94: =497 -> 497 | F94: m2 | G94: 47670 | H94: 41000 | I94: =H94+G94 -> 88670 | J94: =E94*G94 -> 23691990 | K94: =E94*H94 -> 20377000 | L94: =(K94+J94) -> 44068990
A95: =A94+1 -> 2 | B95: Pek. Plesteran dinding | E95: =E94*2 -> 994 | F95: m2 | G95: 14918 | H95: 32000 | I95: =H95+G95 -> 46918 | J95: =E95*G95 -> 14828492 | K95: =E95*H95 -> 31808000 | L95: =(K95+J95) -> 46636492
A96: =A95+1 -> 3 | B96: Pek. Acian | E96: 994 | F96: m2 | G96: 5000 | H96: 20000 | I96: =H96+G96 -> 25000 | J96: =E96*G96 -> 4970000 | K96: =E96*H96 -> 19880000 | L96: =(K96+J96) -> 24850000
A97: =A96+1 -> 4 | B97: Openingan | E97: 314.55 | F97: m1 | G97: =G95+4100 -> 19018 | H97: 35000 | I97: =H97+G97 -> 54018 | J97: =E97*G97 -> 5982111.9 | K97: =E97*H97 -> 11009250 | L97: =(K97+J97) -> 16991362
A98: =A97+1 -> 5 | B98: Pek. Pasangan Dinding Trasram | E98: 138.73 | F98: m2 | G98: 90844 | H98: 32500 | I98: =H98+G98 -> 123344 | J98: =E98*G98 -> 12602788 | K98: =E98*H98 -> 4508725 | L98: =(K98+J98) -> 17111513
A99: =A98+1 -> 6 | B99: Parapet | E99: 200 | F99: m2 | G99: 47670 | H99: 28000 | I99: =H99+G99 -> 75670 | J99: =E99*G99 -> 9534000 | K99: =E99*H99 -> 5600000 | L99: =(K99+J99) -> 15134000
A100: =A99+1 -> 7 | B100: Pekerjaan Plasteran Parapet | E100: =E99 -> 200 | F100: m2 | G100: 14918 | H100: 25000 | I100: =H100+G100 -> 39918 | J100: =E100*G100 -> 2983600 | K100: =E100*H100 -> 5000000 | L100: =(K100+J100) -> 7983600
A101: =A100+1 -> 8 | B101: Beton Dinding Wudhu | E101: =0.25*8*1 -> 2 | F101: m3 | G101: 700000 | H101: 150000 | I101: =H101+G101 -> 850000 | J101: =E101*G101 -> 1400000 | K101: =E101*H101 -> 300000 | L101: =(K101+J101) -> 1700000
A102: =A101+1 -> 9 | B102: Pembesian Dinding Beton Wudhu | E102: 162.8 | F102: kg | G102: 9000 | H102: 5000 | I102: =H102+G102 -> 14000 | J102: =E102*G102 -> 1465200 | K102: =E102*H102 -> 814000 | L102: =(K102+J102) -> 2279200
A103: =A102+1 -> 10 | B103: Beton Lapangan | E103: =80*0.1 -> 8 | F103: m3 | G103: 700000 | H103: 150000 | I103: =H103+G103 -> 850000 | J103: =E103*G103 -> 5600000 | K103: =E103*H103 -> 1200000 | L103: =(K103+J103) -> 6800000
A104: =A103+1 -> 11 | B104: Wire Mesh Beton Lapangan | E104: 80 | F104: m2 | G104: 40000 | H104: 5000 | I104: =H104+G104 -> 45000 | J104: =E104*G104 -> 3200000 | K104: =E104*H104 -> 400000 | L104: =(K104+J104) -> 3600000
L105: =SUM(L94:L104) -> 1.8715516e+08
...

Sheet VOLUME
A1: No | B1: Item | C1: Jumlah Pondasi (pcs) | D1: Diameter (m) | E1: Kedalaman (m) | F1: Jumlah Tulangan Besi Utama | G1: Diameter Besi Utama (m) | H1: Panjang Besi Tulangan Utama (m) | I1: Jarak Antar Besi Sengkang (m) | J1: Diameter Besi Sengkang (m) | K1: Jumlah Tulangan Besi Sengkang | L1: Panjang Besi Sengkang (m) | M1: Berat Besi Utama (btg) | N1: Berat Besi Sengkang (btg) | O1: Berat Besi Utama (kg) | P1: Berat Besi Sengkang (kg) | Q1: Total Kebutuhan Besi Utama (btg) | R1: Total Kebutuhan Besi Sengkang (btg) | S1: Total Berat Besi Utama (kg) | T1: Total Berat Besi Sengkang (kg) | U1: Panjang Overlap (m) | V1: Total Berat Besi Overlap (kg) | W1: Total Berat Besi (kg)
A2: 1 | B2: BP-01 | C2: 18 | D2: 0.3 | E2: 6 | F2: 6 | G2: 0.013 | H2: =E2*F2 -> 36 | I2: 0.15 | J2: 0.008 | K2: =(E2/I2)+1 -> 41 | L2: =K2*(0.942478) -> 38.641598 | M2: 12.5 | N2: 4.74 | O2: =(H2/12)*M2 -> 37.5 | P2: =(L2/12)*N2 -> 15.263431 | Q2: =ROUNDUP(H2/12,0) -> 3 | R2: =ROUNDUP(L2/12,0) -> 4 | S2: =C2*O2 -> 675 | T2: =C2*P2 -> 274.74176 | U2: =40*G2*F2*C2 -> 56.16 | V2: =U2/12*M2 -> 58.5 | W2: =S2+T2+U2 -> 1005.9018
A3: 2 | B3: BP-02 | C3: 42 | D3: 0.2 | E3: 4 | F3: 6 | G3: 0.013 | H3: =E3*F3 -> 24 | I3: 0.15 | J3: 0.008 | K3: =(E3/I3)+1 -> 27.666667 | L3: =K3*(0.942478) -> 26.075225 | M3: 12.5 | N3: 4.74 | O3: =(H3/12)*M3 -> 25 | P3: =(L3/12)*N3 -> 10.299714 | Q3: =ROUNDUP(H3/12,0) -> 2 | R3: =ROUNDUP(L3/12,0) -> 3 | S3: =C3*O3 -> 1050 | T3: =C3*P3 -> 432.58798 | U3: =40*G3*F3*C3 -> 131.04 | V3: =U3/12*M3 -> 136.5 | W3: =S3+T3+U3 -> 1613.628

Sheet REKAP
A1: REKAPITULASI RENCANA ANGGARAN BIAYA | E1: =E22-E4 -> 109000000
A2: PEKERJAAN | C2: : | D2: RUMAH Qur'an Az'Zakir
A3: OWNER | C3: : | D3: PT. Cipta Karya Serasi | E3: Final harga
A4: LOKASI | C4: : | D4: Cibinong, Bogor | E4: 1325000000
A5: No | B5: URAIAN PEKERJAAN | E5: JUMLAH | F5: Bobot
E6: (Rp) | F6: (%)
A8: I | B8: =BOQ!B9 -> PEKERJAAN PERSIAPAN | E8: 52576837 | F8: =E8/$E$18 -> 0.037389544
A9: II | B9: PEKERJAAN TANAH + PONDASI | E9: 8088203.9 | F9: =E9/$E$18 -> 0.0057518534
A10: III | B10: =BOQ!B62 -> PEKERJAAN BETON | E10: 5.0271761e+08 | F10: =E10/$E$18 -> 0.3575031
A11: IV | B11: PEKERJAAN STRUKTUR BAJA | E11: 2.2447383e+08 | F11: =E11/$E$18 -> 0.15963254
A12: V | B12: PEKERJAAN PASANGAN DINDING, LANTAI, PLESTERAN DAN ACIAN | E12: 2.4097868e+08 | F12: =E12/$E$18 -> 0.17136982
A13: VI | B13: PEKERJAAN Instalasi M & E | E13: 15700000 | F13: =E13/$E$18 -> 0.011164914
A14: VII | B14: PEKERJAAN SANITAIR | E14: 51573270 | F14: =E14/$E$18 -> 0.036675867
A15: VIII | B15: PEKERJAAN ATAP | E15: 153268916 | F15: =E15/$E$18 -> 0.10899581
A16: IX | B16: PEKERJAAN CARPORT | E16: 26703560 | F16: =E16/$E$18 -> 0.018989996
A17: X | B17: PEKERJAAN LAIN-LAIN | E17: 130110000 | F17: =E17/$E$18 -> 0.092526555
D18: JUMLAH I | E18: =SUM(E8:E17) -> 1.4061909e+09
D19: PPH 23 (2%) | E19: =E18*2% -> 28123818
E21: =E18+E19 -> 1.4343147e+09
D22: DIBULATKAN | E22: =ROUND(E21,-6) -> 1434000000

Sheet BOQ
A1: RENCANA ANGGARAN BIAYA
A2: PEKERJAAN | C2: : | D2: RUMAH Qur'an Az'Zakir | Q2: Nilai Kontrak | R2: 1325000000
A3: OWNER | C3: : | D3: PT. Cipta Karya Serasi | Q3: BOQ | R3: =REKAP!E18 -> 1.4061909e+09
A4: LOKASI | C4: : | D4: Cibinong, Bogor | R4: =R2-R3 -> -81190907
A6: NO | B6: URAIAN PEKERJAAN | E6: VOLUME | G6: Haga Satuan Material | H6: Harga Satuan Upah | I6: Material + Upah | J6: Jumlah Harga Material | K6: Jumlah Harga Upah | L6: Jumlah Material + Upah | M6: K1 (10%) | N6: K2 (2,5%) | O6: K3 (2,5%) | P6: GM (15%) | Q6: Harga Satuan Material + Upah | R6: Total | S6: Bobot
G7: (Rp) | H7: (Rp) | I7: (Rp) | J7: (Rp) | K7: (Rp) | L7: (Rp) | S7: (%)
A8: I | B8: LANTAI 1
A9: I | B9: PEKERJAAN PERSIAPAN
A10: 1 | B10: Uitzet / Bowplank : | E10: 128 | F10: m1 | G10: 10000 | H10: 10000 | I10: =H10+G10 -> 20000 | J10: =E10*G10 -> 1280000 | K10: =E10*H10 -> 1280000 | L10: 2944000 | P10: =I10*15% -> 3000 | Q10: =I10+M10+N10+O10+P10 -> 23000 | R10: =Q10*E10 -> 2944000 | S10: =R10/$R$3 -> 0.0020935991
A11: 2 | B11: Pembersihan | E11: 854 | F11: m2 | G11: 0 | H11: 2000 | I11: =H11+G11 -> 2000 | J11: =E11*G11 -> 0 | K11: =E11*H11 -> 1708000 | L11: 1964200 | P11: =I11*15% -> 300 | Q11: =I11+M11+N11+O11+P11 -> 2300 | R11: =Q11*E11 -> 1964200 | S11: =R11/$R$3 -> 0.0013968231
A12: 3 | B12: Instalasi Air Bersih, Sumur Bor | E12: 30 | F12: m | G12: 183333 | H12: 100000 | I12: =H12+G12 -> 283333 | J12: =E12*G12 -> 5499990 | K12: =E12*H12 -> 3000000 | L12: 9774988.5 | P12: =I12*15% -> 42499.95 | Q12: =I12+M12+N12+O12+P12 -> 325832.95 | R12: =Q12*E12 -> 9774988.5 | S12: =R12/$R$3 -> 0.006951395
A13: 4 | B13: Instalasi Listrik | E13: 1 | F13: ls | G13: 1500000 | H13: 1000000 | I13: =H13+G13 -> 2500000 | J13: =E13*G13 -> 1500000 | K13: =E13*H13 -> 1000000 | L13: 2875000 | P13: =I13*15% -> 375000 | Q13: =I13+M13+N13+O13+P13 -> 2875000 | R13: =Q13*E13 -> 2875000 | S13: =R13/$R$3 -> 0.0020445304
A14: 5 | B14: Mobilisasi dan Remobilisasi | E14: 1 | F14: ls | G14: 0 | H14: 7500000 | I14: =H14+G14 -> 7500000 | J14: =E14*G14 -> 0 | K14: =E14*H14 -> 7500000 | L14: 7500000 | Q14: =I14+M14+N14+O14+P14 -> 7500000 | R14: =Q14*E14 -> 7500000 | S14: =R14/$R$3 -> 0.0053335575
A15: 6 | B15: MCK | E15: 3 | F15: unit | G15: 111333 | H15: 39000 | I15: =H15+G15 -> 150333 | J15: =E15*G15 -> 333999 | K15: =E15*H15 -> 117000 | L15: 518648.85 | P15: =I15*15% -> 22549.95 | Q15: =I15+M15+N15+O15+P15 -> 172882.95 | R15: =Q15*E15 -> 518648.85 | S15: =R15/$R$3 -> 0.00036883246
A16: 7 | B16: K3 Tools | E16: 1 | F16: ls | G16: 10000000 | J16: =E16*G16 -> 10000000 | L16: 10000000 | R16: =Q16+L16 -> 10000000 | S16: =R16/$R$3 -> 0.0071114099
A17: 8 | B17: Keamanan | E17: 8 | F17: ls | H17: 1000000 | J17: =E17*G17 -> 0 | K17: =H17*E17 -> 8000000 | L17: 8000000 | P17: =I17*15% -> 0 | R17: 8000000 | S17: =R17/$R$3 -> 0.005689128
A18: 9 | B18: Direksi Keet, Bedeng tenaga dan gudang material | E18: 30 | F18: m2 | G18: 250000 | H18: 50000 | I18: =H18+G18 -> 300000 | J18: =E18*G18 -> 7500000 | K18: =E18*H18 -> 1500000 | L18: 9000000 | Q18: =I18+M18+N18+O18+P18 -> 300000 | R18: =Q18*E18 -> 9000000 | S18: =R18/$R$3 -> 0.006400269
L19: =SUM(L10:L18) -> 52576837 | Q19: Total | R19: =SUM(R10:R18) -> 52576837
A21: II | B21: PEKERJAAN TANAH + PONDASI
A22: 1 | B22: Galian Tanah : PC-01 (0,6x0,6) | E22: =0.6*0.6*0.3*50 -> 5.4 | F22: m3 | G22: 0 | H22: 65000 | I22: =H22+G22 -> 65000 | J22: =E22*G22 -> 0 | K22: =E22*H22 -> 351000 | L22: =(K22+J22)*130% -> 456300 | M22: 6500 | N22: 10000 | O22: 5000 | P22: 9750 | Q22: =I22+N22+O22+P22 -> 89750 | R22: =Q22*E22 -> 484650 | S22: =R22/$R$3 -> 0.00034465448
A23: 2 | B23: Galian Tanah : PC-02 (0,8x0,8) | E23: =0.8*0.8*0.3*30 -> 5.76 | F23: m3 | G23: 0 | H23: 65000 | I23: =H23+G23 -> 65000 | J23: =E23*G23 -> 0 | K23: =E23*H23 -> 374400 | L23: =(K23+J23)*130% -> 486720 | M23: 6500 | N23: 10000 | O23: 5000 | P23: 9750 | Q23: =I23+N23+O23+P23 -> 89750 | R23: =Q23*E23 -> 516960 | S23: =R23/$R$3 -> 0.00036763145
A24: 4 | B24: Pasir Urug : PC-01 (Tebal 5 cm) | E24: =(0.6*0.6*0.05)*50 -> 0.9 | F24: m3 | G24: 15400 | H24: 47500 | I24: =H24+G24 -> 62900 | J24: =E24*G24 -> 13860 | K24: =E24*H24 -> 42750 | L24: =K24+J24 -> 56610 | M24: 6290 | N24: 10000 | O24: 5000 | P24: 9435 | Q24: =I24+N24+O24+P24 -> 87335 | R24: =Q24*E24 -> 78601.5 | S24: =R24/$R$3 -> 5.5896749e-05
A25: 5 | B25: Pasir Urug : PC-02 (Tebal 5 cm) | E25: =(0.8*0.8*0.05)*30 -> 0.96 | F25: m3 | G25: 15400 | H25: 47500 | I25: =H25+G25 -> 62900 | J25: =E25*G25 -> 14784 | K25: =E25*H25 -> 45600 | L25: =K25+J25 -> 60384 | M25: 6290 | N25: 10000 | O25: 5000 | P25: 9435 | Q25: =I25+N25+O25+P25 -> 87335 | R25: =Q25*E25 -> 83841.6 | S25: =R25/$R$3 -> 5.9623199e-05
A26: 7 | B26: Lantai Kerja : PC-01 (Tebal 5 cm) | E26: =0.6*0.6*50 -> 18 | F26: m2 | G26: 13200 | H26: 36000 | I26: =H26+G26 -> 49200 | J26: =E26*G26 -> 237600 | K26: =E26*H26 -> 648000 | L26: =K26+J26 -> 885600 | M26: 4920 | N26: 10000 | O26: 5000 | P26: 7380 | Q26: =I26+N26+O26+P26 -> 71580 | R26: =Q26*E26 -> 1288440 | S26: =R26/$R$3 -> 0.0009162625
A27: 8 | B27: Lantai Kerja : PC-02 (Tebal 5 cm) | E27: =0.8*0.8*30 -> 19.2 | F27: m2 | G27: 13200 | H27: 36000 | I27: =H27+G27 -> 49200 | J27: =E27*G27 -> 253440 | K27: =E27*H27 -> 691200 | L27: =K27+J27 -> 944640 | M27: 4920 | N27: 10000 | O27: 5000 | P27: 7380 | Q27: =I27+N27+O27+P27 -> 71580 | R27: =Q27*E27 -> 1374336 | S27: =R27/$R$3 -> 0.00097734667
A28: 10 | B28: Galian Tie Footplate F2 | E28: =(0.6*0.6*0.3)*17 -> 1.836 | F28: m3 | G28: 0 | H28: 65000 | I28: =H28+G28 -> 65000 | J28: =E28*G28 -> 0 | K28: =E28*H28 -> 119340 | L28: =K28+J28 -> 119340 | M28: 6500 | N28: 10000 | O28: 5000 | P28: 9750 | Q28: =I28+N28+O28+P28 -> 89750 | R28: =Q28*E28 -> 164781 | S28: =R28/$R$3 -> 0.00011718252
A29: 11 | B29: Pasir Urug F2 (Tebal 5 cm) | E29: =(0.6*0.6*0.5)*17 -> 3.06 | F29: m3 | G29: 15400 | H29: 47500 | I29: =H29+G29 -> 62900 | J29: =E29*G29 -> 47124 | K29: =E29*H29 -> 145350 | L29: =K29+J29 -> 192474 | M29: 6290 | N29: 10000 | O29: 5000 | P29: 9435 | Q29: =I29+N29+O29+P29 -> 87335 | R29: =Q29*E29 -> 267245.1 | S29: =R29/$R$3 -> 0.00019004895
A30: 12 | B30: Lantai Kerja F2 (Tebal 5 cm) | E30: =E29 -> 3.06 | F30: m3 | G30: 13200 | H30: 36000 | I30: =H30+G30 -> 49200 | J30: =E30*G30 -> 40392 | K30: =E30*H30 -> 110160 | L30: =K30+J30 -> 150552 | M30: 4920 | N30: 10000 | O30: 5000 | P30: 7380 | Q30: =I30+N30+O30+P30 -> 71580 | R30: =Q30*E30 -> 219034.8 | S30: =R30/$R$3 -> 0.00015576463
A31: 13 | B31: Galian Tie Beam 2 | E31: ='[40]VOLUME BP & GALIAN'!F61 -> 18.013 | F31: m3 | H31: 65000 | I31: =H31+G31 -> 65000 | J31: =E31*G31 -> 0 | K31: =E31*H31 -> 1170845 | L31: =K31+J31 -> 1170845 | M31: 6500 | N31: 10000 | O31: 5000 | P31: 9750 | Q31: =I31+N31+O31+P31 -> 89750 | R31: =Q31*E31 -> 1616666.8 | S31: =R31/$R$3 -> 0.001149678
A32: 14 | B32: Galian Tie Beam 3 | E32: ='[40]VOLUME BP & GALIAN'!F76 -> 9.769375 | F32: m3 | H32: 65000 | I32: =H32+G32 -> 65000 | J32: =E32*G32 -> 0 | K32: =E32*H32 -> 635009.38 | L32: =K32+J32 -> 635009.38 | M32: 6500 | N32: 10000 | O32: 5000 | P32: 9750 | Q32: =I32+N32+O32+P32 -> 89750 | R32: =Q32*E32 -> 876801.41 | S32: =R32/$R$3 -> 0.00062352942
A33: 15 | B33: Galian Tie Beam 4 | E33: ='[40]VOLUME BP & GALIAN'!F108 -> 5.57388 | F33: m3 | H33: 65000 | I33: =H33+G33 -> 65000 | J33: =E33*G33 -> 0 | K33: =E33*H33 -> 362302.2 | L33: =K33+J33 -> 362302.2 | M33: 6500 | N33: 10000 | O33: 5000 | P33: 9750 | Q33: =I33+N33+O33+P33 -> 89750 | R33: =Q33*E33 -> 500255.73 | S33: =R33/$R$3 -> 0.00035575236
A34: 16 | B34: Urugan Tanah Kembali | E34: =E22+E23 -> 11.16 | F34: m3 | H34: 35000 | I34: =H34+G34 -> 35000 | K34: =E34*H34 -> 390600 | L34: =K34+J34 -> 390600 | M34: 3500 | N34: 10000 | O34: 5000 | P34: 5250 | Q34: =I34+N34+O34+P34 -> 55250 | R34: =Q34*E34 -> 616590 | S34: =R34/$R$3 -> 0.00043848243
A35: 16 | B35: Pekerjaan Beton Bore Pile BP-01 - K175 | E35: =3.14*0.15*0.15*6*18 -> 7.6302 | F35: m3 | G35: =650000+(650000*10%) -> 715000 | H35: 300000 | I35: =H35+G35 -> 1015000 | J35: =E35*G35 -> 5455593 | K35: =E35*H35 -> 2289060 | L35: =K35+J35 -> 7744653 | P35: 152250 | Q35: =I35+M35+N35+O35+P35 -> 1167250 | R35: =Q35*E35 -> 8906350.9 | S35: =R35/$R$3 -> 0.0063336713
A36: =A35+1 -> 17 | B36: Pekerjaan Beton Bore Pile BP-02 - K175 | E36: =3.14*0.1*0.1*4*42 -> 5.2752 | F36: m3 | G36: =G35 -> 715000 | H36: 300000 | I36: =H36+G36 -> 1015000 | J36: =E36*G36 -> 3771768 | K36: =E36*H36 -> 1582560 | L36: =K36+J36 -> 5354328 | P36: 152250 | Q36: =I36+M36+N36+O36+P36 -> 1167250 | R36: =Q36*E36 -> 6157477.2 | S36: =R36/$R$3 -> 0.0043788345
A37: =A36+1 -> 18 | B37: Pekerjaan Pembesian Bore Pile BP-01 | E37: 877.61 | F37: kg | G37: =8400+(8400*10%) -> 9240 | H37: 2000 | I37: =H37+G37 -> 11240 | J37: =E37*G37 -> 8109116.4 | K37: =E37*H37 -> 1755220 | L37: =K37+J37 -> 9864336.4 | P37: 1686 | Q37: =I37+M37+N37+O37+P37 -> 12926 | R37: =Q37*E37 -> 11343987 | S37: =R37/$R$3 -> 0.0080671741
A38: =A37+1 -> 19 | B38: Pekerjaan Pembesian Bore Pile BP-02 | E38: 1411.64 | F38: kg | G38: =G37 -> 9240 | H38: 2000 | I38: =H38+G38 -> 11240 | J38: =E38*G38 -> 13043554 | K38: =E38*H38 -> 2823280 | L38: =K38+J38 -> 15866834 | P38: 1686 | Q38: =I38+M38+N38+O38+P38 -> 12926 | R38: =Q38*E38 -> 18246859 | S38: =R38/$R$3 -> 0.012976089
A39: =A38+1 -> 20 | B39: Pekerjaan Beton Pile Cap : PC-01 | E39: ='[40]VOLUME PC'!G16 -> 5.4 | F39: m3 | G39: =G36 -> 715000 | H39: 300000 | I39: =H39+G39 -> 1015000 | J39: =E39*G39 -> 3861000 | K39: =E39*H39 -> 1620000 | L39: =K39+J39 -> 5481000 | P39: 152250 | Q39: =I39+M39+N39+O39+P39 -> 1167250 | R39: =Q39*E39 -> 6303150 | S39: =R39/$R$3 -> 0.0044824284
A40: =A39+1 -> 21 | B40: Pekerjaan Beton Pile Cap : PC-02 | E40: ='[40]VOLUME PC'!G17 -> 7.488 | F40: m3 | G40: 715000 | H40: 300000 | I40: =H40+G40 -> 1015000 | J40: =E40*G40 -> 5353920 | K40: =E40*H40 -> 2246400 | L40: =K40+J40 -> 7600320 | P40: 152250 | Q40: =I40+M40+N40+O40+P40 -> 1167250 | R40: =Q40*E40 -> 8740368 | S40: =R40/$R$3 -> 0.006215634
A41: =A40+1 -> 22 | B41: Pekerjaan Pembesian Pile Cap : PC-01 | E41: 588.6 | F41: kg | G41: =G38 -> 9240 | H41: 2000 | I41: =H41+G41 -> 11240 | J41: =E41*G41 -> 5438664 | K41: =E41*H41 -> 1177200 | L41: =K41+J41 -> 6615864 | P41: 1686 | Q41: =I41+M41+N41+O41+P41 -> 12926 | R41: =Q41*E41 -> 7608243.6 | S41: =R41/$R$3 -> 0.0054105339
A42: =A41+1 -> 23 | B42: Pekerjaan Pembesian Pile Cap : PC-02 | E42: 900.25 | F42: kg | G42: 9240 | H42: 2000 | I42: =H42+G42 -> 11240 | J42: =E42*G42 -> 8318310 | K42: =E42*H42 -> 1800500 | L42: =K42+J42 -> 10118810 | P42: 1686 | Q42: =I42+M42+N42+O42+P42 -> 12926 | R42: =Q42*E42 -> 11636632 | S42: =R42/$R$3 -> 0.0082752857
A43: =A42+1 -> 24 | B43: Pekerjaan Bekisting Pile Cap : PC-01 | E43: ='[40]VOLUME PC'!I10 -> 39.6 | F43: m2 | G43: 102000 | H43: 40000 | I43: =H43+G43 -> 142000 | J43: =E43*G43 -> 4039200 | K43: =E43*H43 -> 1584000 | L43: =K43+J43 -> 5623200 | P43: 21300 | Q43: =I43+M43+N43+O43+P43 -> 163300 | R43: =Q43*E43 -> 6466680 | S43: =R43/$R$3 -> 0.0045987212
A44: =A43+1 -> 25 | B44: Pekerjaan Bekisting Pile Cap : PC-02 | E44: ='[40]VOLUME PC'!I11 -> 62.4 | F44: m2 | G44: 102000 | H44: 40000 | I44: =H44+G44 -> 142000 | J44: =E44*G44 -> 6364800 | K44: =E44*H44 -> 2496000 | L44: =K44+J44 -> 8860800 | P44: 21300 | Q44: =I44+M44+N44+O44+P44 -> 163300 | R44: =Q44*E44 -> 10189920 | S44: =R44/$R$3 -> 0.0072464698
A45: =A44+1 -> 26 | B45: Pekerjaan Pembesian Wiremesh M10 | E45: 326.21 | F45: m2 | G45: 70000 | H45: 3000 | I45: =H45+G45 -> 73000 | J45: =E45*G45 -> 22834700 | K45: =E45*H45 -> 978630 | L45: =K45+J45 -> 23813330 | P45: 10950 | Q45: =I45+M45+N45+O45+P45 -> 83950 | R45: =Q45*E45 -> 27385330 | S45: =R45/$R$3 -> 0.01947483
A46: =A45+1 -> 27 | B46: Pekerjaan Pengecoran beton Lantai K-175 | E46: ='[40]Volume Wiremesh & Lantai'!G3 -> 39.1452 | F46: m3 | G46: 715000 | H46: 300000 | I46: =H46+G46 -> 1015000 | J46: =E46*G46 -> 27988818 | K46: =E46*H46 -> 11743560 | L46: =K46+J46 -> 39732378 | P46: 152250 | Q46: =I46+M46+N46+O46+P46 -> 1167250 | R46: =Q46*E46 -> 45692235 | S46: =R46/$R$3 -> 0.032493621
A47: =A46+1 -> 28 | B47: Pekerjaan Beton Tie Beam 2 | E47: ='[40]VOLUME BP & GALIAN'!T61 -> 14.4104 | F47: m3 | G47: 715000 | H47: 300000 | I47: =H47+G47 -> 1015000 | J47: =E47*G47 -> 10303436 | K47: =E47*H47 -> 4323120 | L47: =K47+J47 -> 14626556 | P47: 152250 | Q47: =I47+M47+N47+O47+P47 -> 1167250 | R47: =Q47*E47 -> 16820539 | S47: =R47/$R$3 -> 0.011961775
A48: =A47+1 -> 29 | B48: Pekerjaan Beton Tie Beam 3 | E48: ='[40]VOLUME BP & GALIAN'!T76 -> 7.993125 | F48: m3 | G48: =G45 -> 70000 | H48: 300000 | I48: =H48+G48 -> 370000 | J48: =E48*G48 -> 559518.75 | K48: =E48*H48 -> 2397937.5 | L48: =K48+J48 -> 2957456.2 | P48: 55500 | Q48: =I48+M48+N48+O48+P48 -> 425500 | R48: =Q48*E48 -> 3401074.7 | S48: =R48/$R$3 -> 0.0024186436
A49: =A48+1 -> 30 | B49: Pekerjaan Beton Tie Beam 4 | E49: ='[40]VOLUME BP & GALIAN'!T109 -> 3.71592 | F49: m3 | G49: =G46 -> 715000 | H49: 300000 | I49: =H49+G49 -> 1015000 | J49: =E49*G49 -> 2656882.8 | K49: =E49*H49 -> 1114776 | L49: =K49+J49 -> 3771658.8 | P49: 152250 | Q49: =I49+M49+N49+O49+P49 -> 1167250 | R49: =Q49*E49 -> 4337407.6 | S49: =R49/$R$3 -> 0.0030845084
A50: =A49+1 -> 31 | B50: Pekerjaan Pembesian Tie Beam 2 | E50: ='[40]TB, Balok, Kolom'!R2 -> 1525.64 | F50: kg | G50: 9240 | H50: 2000 | I50: =H50+G50 -> 11240 | J50: =E50*G50 -> 14096914 | K50: =E50*H50 -> 3051280 | L50: =K50+J50 -> 17148194 | P50: 1686 | Q50: =I50+M50+N50+O50+P50 -> 12926 | R50: =Q50*E50 -> 19720423 | S50: =R50/$R$3 -> 0.014024001
A51: =A50+1 -> 32 | B51: Pekerjaan Pembesian Tie Beam 3 | E51: ='[40]TB, Balok, Kolom'!R3 -> 641.28 | F51: kg | G51: 9240 | H51: 2000 | I51: =H51+G51 -> 11240 | J51: =E51*G51 -> 5925427.2 | K51: =E51*H51 -> 1282560 | L51: =K51+J51 -> 7207987.2 | P51: 1686 | Q51: =I51+M51+N51+O51+P51 -> 12926 | R51: =Q51*E51 -> 8289185.3 | S51: =R51/$R$3 -> 0.0058947795
A52: =A51+1 -> 33 | B52: Pekerjaan Pembesian Tie Beam 4 | E52: 624.35 | F52: kg | G52: 9240 | H52: 2000 | I52: =H52+G52 -> 11240 | J52: =E52*G52 -> 5768994 | K52: =E52*H52 -> 1248700 | L52: =K52+J52 -> 7017694 | P52: 1686 | Q52: =I52+M52+N52+O52+P52 -> 12926 | R52: =Q52*E52 -> 8070348.1 | S52: =R52/$R$3 -> 0.0057391554
A53: =A52+1 -> 34 | B53: Pekerjaan Bekisting Tie Beam 2 | E53: ='[40]VOLUME BP & GALIAN'!M61 -> 144.104 | F53: m2 | G53: 102000 | H53: 40000 | I53: =H53+G53 -> 142000 | J53: =E53*G53 -> 14698608 | K53: =E53*H53 -> 5764160 | L53: =K53+J53 -> 20462768 | P53: 21300 | Q53: =I53+M53+N53+O53+P53 -> 163300 | R53: =Q53*E53 -> 23532183 | S53: =R53/$R$3 -> 0.0167347
A54: =A53+1 -> 35 | B54: Pekerjaan Bekisting Tie Beam 3 | E54: ='[40]VOLUME BP & GALIAN'!M76 -> 63.945 | F54: m2 | G54: 102000 | H54: 40000 | I54: =H54+G54 -> 142000 | J54: =E54*G54 -> 6522390 | K54: =E54*H54 -> 2557800 | L54: =K54+J54 -> 9080190 | P54: 21300 | Q54: =I54+M54+N54+O54+P54 -> 163300 | R54: =Q54*E54 -> 10442218 | S54: =R54/$R$3 -> 0.0074258897
A55: =A54+1 -> 36 | B55: Pekerjaan Bekisting Tie Beam 4 | E55: ='[40]VOLUME BP & GALIAN'!M109 -> 57.168 | F55: m2 | G55: 102000 | H55: 40000 | I55: =H55+G55 -> 142000 | J55: =E55*G55 -> 5831136 | K55: =E55*H55 -> 2286720 | L55: =K55+J55 -> 8117856 | P55: 21300 | Q55: =I55+M55+N55+O55+P55 -> 163300 | R55: =Q55*E55 -> 9335534.4 | S55: =R55/$R$3 -> 0.0066388812
A56: =A55+1 -> 37 | B56: Pekerjaan Pembesian Footplate F1 | E56: ='[40]VOLUME PC'!U5 -> 770.4 | F56: kg | G56: 9240 | H56: 2000 | I56: =H56+G56 -> 11240 | J56: =E56*G56 -> 7118496 | K56: =E56*H56 -> 1540800 | L56: =K56+J56 -> 8659296 | P56: 1686 | Q56: =I56+M56+N56+O56+P56 -> 12926 | R56: =Q56*E56 -> 9958190.4 | S56: =R56/$R$3 -> 0.0070816774
A57: =A56+1 -> 38 | B57: Pekerjaan Bekisting Footplate 'F1 | E57: ='[40]VOLUME PC'!I12 -> 22.68 | F57: m2 | G57: 102000 | H57: 40000 | I57: =H57+G57 -> 142000 | J57: =E57*G57 -> 2313360 | K57: =E57*H57 -> 907200 | L57: =K57+J57 -> 3220560 | P57: 21300 | Q57: =I57+M57+N57+O57+P57 -> 163300 | R57: =Q57*E57 -> 3703644 | S57: =R57/$R$3 -> 0.0026338131
A58: =A57+1 -> 39 | B58: Pekerjaan Beton Footplate F1 | E58: ='[40]VOLUME PC'!G18 -> 2.268 | F58: m3 | G58: 715000 | H58: 300000 | I58: =H58+G58 -> 1015000 | J58: =E58*G58 -> 1621620 | K58: =E58*H58 -> 680400 | L58: =K58+J58 -> 2302020 | P58: 152250 | Q58: =I58+M58+N58+O58+P58 -> 1167250 | R58: =Q58*E58 -> 2647323 | S58: =R58/$R$3 -> 0.0018826199
B59: SUB TOTAL | L59: =SUM(L22:L58) -> 2.5715947e+08 | Q59: Total | R59: =SUM(R22:R58) -> 2.9702351e+08
A62: III | B62: PEKERJAAN BETON
A63: =A58+1 -> 40 | B63: Pekerjaan Pembesian Kolom K3 | E63: ='[40]TB, Balok, Kolom'!N28 -> 1062.5 | F63: kg | G63: 9240 | H63: 2000 | I63: =H63+G63 -> 11240 | J63: =E63*G63 -> 9817500 | K63: =E63*H63 -> 2125000 | L63: =K63+J63 -> 11942500 | P63: 1686 | Q63: =I63+M63+N63+O63+P63 -> 12926 | R63: =Q63*E63 -> 13733875 | S63: =R63/$R$3 -> 0.0097667215
A64: =A63+1 -> 41 | B64: Pekerjaan Bekisting Kolom K3 | E64: ='[40]TB, Balok, Kolom'!O28 -> 144.48 | F64: m2 | G64: 102000 | H64: 40000 | I64: =H64+G64 -> 142000 | J64: =E64*G64 -> 14736960 | K64: =E64*H64 -> 5779200 | L64: =K64+J64 -> 20516160 | P64: 21300 | Q64: =I64+M64+N64+O64+P64 -> 163300 | R64: =Q64*E64 -> 23593584 | S64: =R64/$R$3 -> 0.016778365
A65: =A64+1 -> 42 | B65: Pekerjaan Beton Kolom K3 | E65: ='[40]TB, Balok, Kolom'!P28 -> 6.552 | F65: m3 | G65: =G68 -> 940500 | H65: 300000 | I65: =H65+G65 -> 1240500 | J65: =E65*G65 -> 6162156 | K65: =E65*H65 -> 1965600 | L65: =K65+J65 -> 8127756 | P65: 186075 | Q65: =I65+M65+N65+O65+P65 -> 1426575 | R65: =Q65*E65 -> 9346919.4 | S65: =R65/$R$3 -> 0.0066469776
A66: =A65+1 -> 43 | B66: Pekerjaan Pembesian Kolom K3a | E66: ='[40]TB, Balok, Kolom'!N29 -> 387.5 | F66: kg | G66: 9240 | H66: 2000 | I66: =H66+G66 -> 11240 | J66: =E66*G66 -> 3580500 | K66: =E66*H66 -> 775000 | L66: =K66+J66 -> 4355500 | P66: 1686 | Q66: =I66+M66+N66+O66+P66 -> 12926 | R66: =Q66*E66 -> 5008825 | S66: =R66/$R$3 -> 0.0035619808
A67: =A66+1 -> 44 | B67: Pekerjaan Bekisting Kolom K3a | E67: ='[40]TB, Balok, Kolom'!O29 -> 69.6 | F67: m2 | G67: 102000 | H67: 40000 | I67: =H67+G67 -> 142000 | J67: =E67*G67 -> 7099200 | K67: =E67*H67 -> 2784000 | L67: =K67+J67 -> 9883200 | P67: 21300 | Q67: =I67+M67+N67+O67+P67 -> 163300 | R67: =Q67*E67 -> 11365680 | S67: =R67/$R$3 -> 0.008082601
A68: =A67+1 -> 45 | B68: Pekerjaan Beton Kolom K3a | E68: ='[40]TB, Balok, Kolom'!P29 -> 3.51 | F68: m3 | G68: =855000+(855000*10%) -> 940500 | H68: 300000 | I68: =H68+G68 -> 1240500 | J68: =E68*G68 -> 3301155 | K68: =E68*H68 -> 1053000 | L68: =K68+J68 -> 4354155 | P68: 186075 | Q68: =I68+M68+N68+O68+P68 -> 1426575 | R68: =Q68*E68 -> 5007278.2 | S68: =R68/$R$3 -> 0.0035608808
A69: =A68+1 -> 46 | B69: Pekerjaan Pembesian Balok B1 | E69: ='[40]TB, Balok, Kolom'!S7 -> 595.508 | F69: kg | G69: 9240 | H69: 2000 | I69: =H69+G69 -> 11240 | J69: =E69*G69 -> 5502493.9 | K69: =E69*H69 -> 1191016 | L69: =K69+J69 -> 6693509.9 | P69: 1686 | Q69: =I69+M69+N69+O69+P69 -> 12926 | R69: =Q69*E69 -> 7697536.4 | S69: =R69/$R$3 -> 0.0054740337
A70: =A69+1 -> 47 | B70: Pekerjaan Bekisting Balok B1 | E70: ='[40]TB, Balok, Kolom'!P43 -> 58.52 | F70: m2 | G70: 102000 | H70: 40000 | I70: =H70+G70 -> 142000 | J70: =E70*G70 -> 5969040 | K70: =E70*H70 -> 2340800 | L70: =K70+J70 -> 8309840 | P70: 21300 | Q70: =I70+M70+N70+O70+P70 -> 163300 | R70: =Q70*E70 -> 9556316 | S70: =R70/$R$3 -> 0.0067958881
A71: =A70+1 -> 48 | B71: Pekerjaan Beton Balok B1 | E71: ='[40]TB, Balok, Kolom'!Q43 -> 4.788 | F71: m3 | G71: =G58 -> 715000 | H71: 300000 | I71: =H71+G71 -> 1015000 | J71: =E71*G71 -> 3423420 | K71: =E71*H71 -> 1436400 | L71: =K71+J71 -> 4859820 | P71: 152250 | Q71: =I71+M71+N71+O71+P71 -> 1167250 | R71: =Q71*E71 -> 5588793 | S71: =R71/$R$3 -> 0.0039744198
A72: =A71+1 -> 49 | B72: Pekerjaan Pembesian Balok B2 | E72: ='[40]TB, Balok, Kolom'!S8 -> 740.268 | F72: kg | G72: 9240 | H72: 2000 | I72: =H72+G72 -> 11240 | J72: =E72*G72 -> 6840076.3 | K72: =E72*H72 -> 1480536 | L72: =K72+J72 -> 8320612.3 | P72: 1686 | Q72: =I72+M72+N72+O72+P72 -> 12926 | R72: =Q72*E72 -> 9568704.2 | S72: =R72/$R$3 -> 0.0068046978
A73: =A72+1 -> 50 | B73: Pekerjaan Bekisting Balok B2 | E73: ='[40]TB, Balok, Kolom'!P60 -> 33.516 | F73: m2 | G73: 102000 | H73: 40000 | I73: =H73+G73 -> 142000 | J73: =E73*G73 -> 3418632 | K73: =E73*H73 -> 1340640 | L73: =K73+J73 -> 4759272 | P73: 21300 | Q73: =I73+M73+N73+O73+P73 -> 163300 | R73: =Q73*E73 -> 5473162.8 | S73: =R73/$R$3 -> 0.0038921904
A74: =A73+1 -> 51 | B74: Pekerjaan Beton Balok B2 | E74: ='[40]TB, Balok, Kolom'!Q60 -> 1.729 | F74: m3 | G74: =G71 -> 715000 | H74: 300000 | I74: =H74+G74 -> 1015000 | J74: =E74*G74 -> 1236235 | K74: =E74*H74 -> 518700 | L74: =K74+J74 -> 1754935 | P74: 152250 | Q74: =I74+M74+N74+O74+P74 -> 1167250 | R74: =Q74*E74 -> 2018175.2 | S74: =R74/$R$3 -> 0.0014352072
A75: =A74+1 -> 52 | B75: Pekerjaan Pembesian Balok B3 | E75: 814.69 | F75: kg | G75: 9240 | H75: 2000 | I75: =H75+G75 -> 11240 | J75: =E75*G75 -> 7527735.6 | K75: =E75*H75 -> 1629380 | L75: =K75+J75 -> 9157115.6 | P75: 1686 | Q75: =I75+M75+N75+O75+P75 -> 12926 | R75: =Q75*E75 -> 10530683 | S75: =R75/$R$3 -> 0.0074888003
A76: =A75+1 -> 53 | B76: Pekerjaan Bekisting Balok B3 | E76: ='[40]TB, Balok, Kolom'!P85 -> 69.975 | F76: m2 | G76: 102000 | H76: 40000 | I76: =H76+G76 -> 142000 | J76: =E76*G76 -> 7137450 | K76: =E76*H76 -> 2799000 | L76: =K76+J76 -> 9936450 | P76: 21300 | Q76: =I76+M76+N76+O76+P76 -> 163300 | R76: =Q76*E76 -> 11426918 | S76: =R76/$R$3 -> 0.0081261495
A77: =A76+1 -> 54 | B77: Pekerjaan Beton Balok B3 | E77: ='[40]TB, Balok, Kolom'!Q85 -> 4.1985 | F77: m3 | G77: 715000 | H77: 300000 | I77: =H77+G77 -> 1015000 | J77: =E77*G77 -> 3001927.5 | K77: =E77*H77 -> 1259550 | L77: =K77+J77 -> 4261477.5 | P77: 152250 | Q77: =I77+M77+N77+O77+P77 -> 1167250 | R77: =Q77*E77 -> 4900699.1 | S77: =R77/$R$3 -> 0.0034850881
A78: =A77+1 -> 55 | B78: Pekerjaan Pembesian RB1 | E78: ='[40]TB, Balok, Kolom'!S10 -> 146.74413 | F78: kg | G78: 9240 | H78: 2000 | I78: =H78+G78 -> 11240 | J78: =E78*G78 -> 1355915.8 | K78: =E78*H78 -> 293488.26 | L78: =K78+J78 -> 1649404 | P78: 1686 | Q78: =I78+M78+N78+O78+P78 -> 12926 | R78: =Q78*E78 -> 1896814.6 | S78: =R78/$R$3 -> 0.0013489026
A79: =A78+1 -> 56 | B79: Pekerjaan Bekisting RB1 | E79: ='[40]TB, Balok, Kolom'!Q205 -> 8.984 | F79: m2 | G79: 102000 | H79: 40000 | I79: =H79+G79 -> 142000 | J79: =E79*G79 -> 916368 | K79: =E79*H79 -> 359360 | L79: =K79+J79 -> 1275728 | P79: 21300 | Q79: =I79+M79+N79+O79+P79 -> 163300 | R79: =Q79*E79 -> 1467087.2 | S79: =R79/$R$3 -> 0.0010433059
A80: =A79+1 -> 57 | B80: Pekerjaan Beton RB1 | E80: ='[40]TB, Balok, Kolom'!R205 -> 0.3369 | F80: m3 | G80: 715000 | H80: 300000 | I80: =H80+G80 -> 1015000 | J80: =E80*G80 -> 240883.5 | K80: =E80*H80 -> 101070 | L80: =K80+J80 -> 341953.5 | P80: 152250 | Q80: =I80+M80+N80+O80+P80 -> 1167250 | R80: =Q80*E80 -> 393246.53 | S80: =R80/$R$3 -> 0.00027965372
A81: =A80+1 -> 58 | B81: Pekerjaan Pembesian Dak Atap | E81: ='[40]Volume Wiremesh & Lantai'!Q19 -> 1057.02 | F81: kg | G81: 9240 | H81: 2000 | I81: =H81+G81 -> 11240 | J81: =E81*G81 -> 9766864.8 | K81: =E81*H81 -> 2114040 | L81: =K81+J81 -> 11880905 | P81: 1686 | Q81: =I81+M81+N81+O81+P81 -> 12926 | R81: =Q81*E81 -> 13663041 | S81: =R81/$R$3 -> 0.0097163482
A82: =A81+1 -> 59 | B82: Pekerjaan Bekisting Dak Atap | E82: ='[40]Volume Wiremesh & Lantai'!F9 -> 183.997 | F82: m2 | G82: 102000 | H82: 40000 | I82: =H82+G82 -> 142000 | J82: =E82*G82 -> 18767694 | K82: =E82*H82 -> 7359880 | L82: =K82+J82 -> 26127574 | P82: 21300 | Q82: =I82+M82+N82+O82+P82 -> 163300 | R82: =Q82*E82 -> 30046710 | S82: =R82/$R$3 -> 0.021367447
A83: =A82+1 -> 60 | B83: Pekerjaan Beton Dak Atap | E83: ='[40]Volume Wiremesh & Lantai'!G9 -> 22.07964 | F83: m3 | G83: =G68 -> 940500 | H83: 300000 | I83: =H83+G83 -> 1240500 | J83: =E83*G83 -> 20765901 | K83: =E83*H83 -> 6623892 | L83: =K83+J83 -> 27389793 | P83: 186075 | Q83: =I83+M83+N83+O83+P83 -> 1426575 | R83: =Q83*E83 -> 31498262 | S83: =R83/$R$3 -> 0.022399706
L84: =SUM(L63:L83) -> 1.8589766e+08 | Q84: Total | R84: =SUM(R35:R83) -> 7.9974112e+08
A86: IV | B86: PEKERJAAN STRUKTUR BAJA
A87: 1 | B87: Pekerjaan kolom baja : WF-250.125 .6.9mm | E87: 1065 | F87: kg | G87: 17000 | H87: 15000 | I87: =H87+G87 -> 32000 | J87: =E87*G87 -> 18105000 | K87: =E87*H87 -> 15975000 | L87: =(K87+J87) -> 34080000 | M87: 3200 | N87: 800 | O87: 800 | P87: 4800 | Q87: =I87+M87+N87+O87+P87 -> 41600 | R87: =Q87*E87 -> 44304000 | S87: =R87/$R$3 -> 0.031506391
A88: =A87+1 -> 2 | B88: Pekerjaan balok baja : WF-250.125.6.9mm | E88: 2340 | F88: kg | G88: 17000 | H88: 15000 | I88: =H88+G88 -> 32000 | J88: =E88*G88 -> 39780000 | K88: =E88*H88 -> 35100000 | L88: =(K88+J88) -> 74880000 | M88: 3200 | N88: 800 | O88: 800 | P88: 4800 | Q88: =I88+M88+N88+O88+P88 -> 41600 | R88: =Q88*E88 -> 97344000 | S88: =R88/$R$3 -> 0.069225309
A89: 3 | B89: Pekerjaan Atap Gording WF-200.100.5,5.8mm | E89: 742.4 | F89: kg | G89: 17000 | H89: 15000 | I89: =H89+G89 -> 32000 | J89: =E89*G89 -> 12620800 | K89: =E89*H89 -> 11136000 | L89: =(K89+J89) -> 23756800 | M89: 3200 | N89: 800 | O89: 800 | P89: 4800 | Q89: =I89+M89+N89+O89+P89 -> 41600 | R89: =Q89*E89 -> 30883840 | S89: =R89/$R$3 -> 0.021962765
A90: 4 | B90: Pekerjaan Atap Gording WF-150.75.5.7mm | E90: 1184.4 | F90: kg | G90: 17000 | H90: 15000 | I90: =H90+G90 -> 32000 | J90: =E90*G90 -> 20134800 | K90: =E90*H90 -> 17766000 | L90: =(K90+J90) -> 37900800 | M90: 3200 | N90: 800 | O90: 800 | P90: 4800 | Q90: =I90+M90+N90+O90+P90 -> 41600 | R90: =Q90*E90 -> 49271040 | S90: =R90/$R$3 -> 0.035038656
A91: 5 | B91: Pekerjaan Beton Komposit Kolom WF | E91: =0.25*0.25*2.65*10 -> 1.65625 | F91: m3 | G91: 940500 | H91: 300000 | I91: =H91+G91 -> 1240500 | J91: =E91*G91 -> 1557703.1 | K91: =E91*H91 -> 496875 | L91: =(K91+J91) -> 2054578.1 | M91: 124050 | N91: 31012 | O91: 31012 | P91: 186075 | Q91: =I91+M91+N91+O91+P91 -> 1612649 | R91: =Q91*E91 -> 2670949.9 | S91: =R91/$R$3 -> 0.001899422
L93: =SUM(L87:L92) -> 1.7267218e+08 | R93: =SUM(R87:R92) -> 2.2447383e+08
A96: V | B96: PEKERJAAN PASANGAN DINDING, LANTAI, PLESTERAN DAN ACIAN
A97: 1 | B97: Pek. Pasangan dinding hebel | E97: =497 -> 497 | F97: m2 | G97: 47670 | H97: 28000 | I97: =H97+G97 -> 75670 | J97: =E97*G97 -> 23691990 | K97: =E97*H97 -> 13916000 | L97: =(K97+J97) -> 37607990 | M97: 25000 | Q97: =M97+I97 -> 100670 | R97: =Q97*E97 -> 50032990 | S97: =R97/$R$3 -> 0.03558051
A98: =A97+1 -> 2 | B98: Pek. Plesteran dinding | E98: =E97*2 -> 994 | F98: m2 | G98: 14918 | H98: 25000 | I98: =H98+G98 -> 39918 | J98: =E98*G98 -> 14828492 | K98: =E98*H98 -> 24850000 | L98: =(K98+J98) -> 39678492 | M98: 15000 | Q98: =M98+I98 -> 54918 | R98: =Q98*E98 -> 54588492 | S98: =R98/$R$3 -> 0.038820114
A99: 3 | B99: Pek. Acian | E99: 994 | F99: m2 | G99: 5000 | H99: 20000 | I99: 25000 | J99: =G99*E99 -> 4970000 | K99: =H99*E99 -> 19880000 | L99: =K99+J99 -> 24850000 | M99: 10000 | Q99: =M99+I99 -> 35000 | R99: =Q99*E99 -> 34790000 | S99: =R99/$R$3 -> 0.024740595
A100: 3 | B100: Openingan | E100: 314.55 | F100: m1 | G100: =G98+4100 -> 19018 | H100: 35000 | I100: =H100+G100 -> 54018 | J100: =E100*G100 -> 5982111.9 | K100: =E100*H100 -> 11009250 | L100: =(K100+J100) -> 16991362 | M100: 20000 | Q100: =M100+I100 -> 74018 | R100: =Q100*E100 -> 23282362 | S100: =R100/$R$3 -> 0.016557042
A101: 4 | B101: Pek. Pasangan Dinding Trasram | E101: 138.73 | F101: m2 | G101: 90844 | H101: 32500 | I101: =H101+G101 -> 123344 | J101: =E101*G101 -> 12602788 | K101: =E101*H101 -> 4508725 | L101: =(K101+J101) -> 17111513 | M101: 44000 | Q101: =M101+I101 -> 167344 | R101: =Q101*E101 -> 23215633 | S101: =R101/$R$3 -> 0.016509588
A102: 5 | B102: Parapet | E102: 200 | F102: m2 | G102: 47670 | H102: 28000 | I102: =H102+G102 -> 75670 | J102: =E102*G102 -> 9534000 | K102: =E102*H102 -> 5600000 | L102: =(K102+J102) -> 15134000 | M102: 24000 | Q102: =M102+I102 -> 99670 | R102: =Q102*E102 -> 19934000 | S102: =R102/$R$3 -> 0.014175885
A103: 6 | B103: Pekerjaan Plasteran Parapet | E103: =E102 -> 200 | F103: m2 | G103: 14918 | H103: 25000 | I103: =H103+G103 -> 39918 | J103: =E103*G103 -> 2983600 | K103: =E103*H103 -> 5000000 | L103: =(K103+J103) -> 7983600 | M103: 16000 | Q103: =M103+I103 -> 55918 | R103: =Q103*E103 -> 11183600 | S103: =R103/$R$3 -> 0.0079531164
A104: 7 | B104: Beton Dinding Wudhu | E104: =0.25*8*1 -> 2 | F104: m3 | G104: 700000 | H104: 150000 | I104: =H104+G104 -> 850000 | J104: =E104*G104 -> 1400000 | K104: =E104*H104 -> 300000 | L104: =(K104+J104) -> 1700000 | M104: 300000 | Q104: =M104+I104 -> 1150000 | R104: =Q104*E104 -> 2300000 | S104: =R104/$R$3 -> 0.0016356243
A105: 8 | B105: Pembesian Dinding Beton Wudhu | E105: 162.8 | F105: kg | G105: 9000 | H105: 2000 | I105: =H105+G105 -> 11000 | J105: =E105*G105 -> 1465200 | K105: =E105*H105 -> 325600 | L105: =(K105+J105) -> 1790800 | M105: 36000 | Q105: =M105+I105 -> 47000 | R105: =Q105*E105 -> 7651600 | S105: =R105/$R$3 -> 0.0054413664
A106: 9 | B106: Beton Lapangan | E106: =80*0.1 -> 8 | F106: m3 | G106: 700000 | H106: 150000 | I106: =H106+G106 -> 850000 | J106: =E106*G106 -> 5600000 | K106: =E106*H106 -> 1200000 | L106: =(K106+J106) -> 6800000 | M106: 300000 | Q106: =M106+I106 -> 1150000 | R106: =Q106*E106 -> 9200000 | S106: =R106/$R$3 -> 0.0065424972
A107: 10 | B107: Wire Mesh Beton Lapangan | E107: 80 | F107: m2 | G107: 40000 | H107: 4000 | I107: =H107+G107 -> 44000 | J107: =E107*G107 -> 3200000 | K107: =E107*H107 -> 320000 | L107: =(K107+J107) -> 3520000 | M107: 16000 | Q107: =M107+I107 -> 60000 | R107: =Q107*E107 -> 4800000 | S107: =R107/$R$3 -> 0.0034134768
L108: =SUM(L97:L107) -> 1.7316776e+08 | Q108: Total | R108: =SUM(R97:R107) -> 2.4097868e+08
...
