Workbook
Name \0: [1]Penjumlahan!#REF!
Name \0: [1]Penjumlahan!#REF!
Name \A: '[2]304-06'!#REF!
Name \A: '[2]304-06'!#REF!
Name \B: #REF!
Name \B: #REF!
Name \C: #REF!
Name \C: #REF!
Name \D: #REF!
Name \D: #REF!
Name \E: #REF!
Name \E: #REF!
Name \F: #REF!
Name \F: #REF!
Name \G: #REF!
Name \G: #REF!
Name \H: #REF!
Name \H: #REF!
Name \I: #REF!
Name \I: #REF!
Name \J: #REF!
Name \J: #REF!
Name \K: #REF!
Name \K: #REF!
Name \L: #REF!
Name \L: #REF!
Name \M: #REF!
Name \M: #REF!
Name \N: #REF!
Name \N: #REF!
Name \O: #REF!
Name \O: #REF!
Name \P: #REF!
Name \P: #REF!
Name \Q: #REF!
Name \Q: #REF!
Name \R: #REF!
Name \R: #REF!
Name \S: #REF!
Name \S: #REF!
Name \T: #REF!
Name \T: #REF!
Name \U: #REF!
Name \U: #REF!
Name \V: #REF!
Name \V: #REF!
Name \W: #REF!
Name \W: #REF!
Name \WQ: '[3]BAG-2'!#REF!
Name \WQ: '[3]BAG-2'!#REF!
Name \x: [4]Cover1!#REF!
Name \x: [4]Cover1!#REF!
Name \Y: #REF!
Name \Y: #REF!
Name \Z: #REF!
Name \Z: #REF!
Name ___: [5]ANALIS!#REF!
Name ___: [5]ANALIS!#REF!
Name ________C: #REF!
Name ________C: #REF!

Sheet Volume
B2: LEMBAR PERHITUNGAN VOLUME PEKERJAAN
B3: PROYEK | C3: : | D3: RENOVASI RUMAH TINGGAL
B4: LOKASI | C4: :
B5: TAHUN ANGGARAN | C5: : | D5: 2023
B6: BANGUNAN | C6: : | D6: RUMAH TINGGAL PONDOK INDAH
B7: GAMBAR SKET | E7: DIMENSI/PERHITUNGAN | P7: SCHEDULE | U7: Day
P8: PERSONIL
B9: CODE | C9: : | D9: PEKERJAAN CLEANING & PEMBONGKARAN | E9: 1 | F9: Pekerjaan Bongkaran dinding Pagar | P9: 4 | Q9: Hari | R9: x | S9: 3 | T9: Org | X9: 170000 | Y9: =P9*S9*X9 -> 2040000
F10: V | G10: = | H10: P (m) | J10: T (m)
H11: =3+5.3+6+6.3+4.6+4.5+7.5+17+6 -> 60.2 | I11: x | J11: 4 | K11: = | L11: =H11*J11 -> 240.8 | M11: m2
E13: 2 | F13: Pekerjaan Perbaikan Pagar Sementara (Seng) | P13: 4 | Q13: Hari | R13: x | S13: 4 | T13: Org
F14: V horizontal | G14: = | H14: P (m) | J14: T (m)
H15: =3+5.3+6+6.3+4.6+4.5+7.5+15 -> 52.2 | I15: x | J15: 2.5 | K15: = | L15: =H15*J15 -> 130.5 | M15: m2
F17: V Vertikal | G17: = | H17: P (m) | J17: T (m)
H18: =17+6+8 -> 31 | I18: x | J18: 2.5 | K18: = | L18: =H18*J18 -> 77.5 | M18: m2
E19: =E13+1 -> 3 | F19: Pekerjaan Cleaning Area Bedeng & Gudang
F20: V bedeng | G20: = | H20: P (m) | J20: L (m)
H21: 9 | I21: x | J21: 3 | K21: = | L21: =H21*J21 -> 27 | M21: m2 | P21: 3 | Q21: Hari | R21: x | S21: 3 | T21: Org | X21: 170000 | Y21: =P21*S21*X21 -> 1530000
F22: V Gudang | G22: = | H22: P (m) | J22: L (m) | Y22: 500000
H23: 9 | I23: x | J23: 3 | K23: = | L23: =H23*J23 -> 27 | M23: m2 | P23: 3 | Q23: Hari | R23: x | S23: 3 | T23: Org | X23: 170000 | Y23: =P23*S23*X23 -> 1530000
E24: =E19+1 -> 4 | F24: Pekerjaan Cleaning & Dewatering Basemant
F25: V | G25: = | H25: P (m) | J25: L (m) | P25: 5 | Q25: Hari | R25: x | S25: 4 | T25: Org
H26: =3+5.3+6+6.3+4.6+4.5+7.5 -> 37.2 | I26: x | J26: 16.5 | K26: = | L26: =H26*J26 -> 613.8 | M26: m2
E28: =E24+1 -> 5 | F28: Pekerjaan Cleaning & Dewatering Lantai 1
F29: V Area Kolam Renang | G29: = | H29: P (m) | J29: L (m) | P29: 4 | Q29: Hari | R29: x | S29: 4 | T29: Org
H30: =6.3+4.6+4.4+8.4 -> 23.7 | I30: x | J30: 5.6 | K30: = | L30: =H30*J30 -> 132.72 | M30: m2
F31: V Area Taman Depan | G31: = | H31: P (m) | J31: L (m) | P31: 3 | Q31: Hari | R31: x | S31: 3 | T31: Org
H32: =6.3+4.6+4.4+8.4+7 -> 30.7 | I32: x | J32: 9 | K32: = | L32: =H32*J32 -> 276.3 | M32: m2
E34: =E28+1 -> 6 | F34: Pembuangan Material Bekas Bongkaran
F35: Vol | G35: = | H35: 1 | I35: Ls | P35: 3 | Q35: Hari | R35: x | S35: 4 | T35: Org
B41: CODE | C41: : | D41: PEKERJAAN BEDENG, KANTOR DAN GUDANG | E41: 1 | F41: Sumber Air Bersih & Pompa (Oprasional) | P41: 6 | Q41: Hari | R41: x | S41: 3 | T41: Org
F42: Vol pompa | G42: = | H42: 1 | I42: Unit
F43: Vol Instalasi | G43: = | H43: 1 | I43: set
E45: =E41+1 -> 2 | F45: Pembuatan Bedeng | P45: 5 | Q45: Hari | R45: x | S45: 6 | T45: Org | X45: 170000 | Y45: =P45*S45*X45 -> 5100000
F46: V bedeng | G46: = | H46: P (m) | J46: L (m) | Y46: 7000000 | Z46: =SUM(Y45:Y46) -> 12100000
H47: 9 | I47: x | J47: 3 | K47: = | L47: =H47*J47 -> 27 | M47: m2
E49: =E45+1 -> 3 | F49: Instalasi Listrik & Air Bersih Bedeng & Kantor | P49: 2 | Q49: Hari | R49: x | S49: 2 | T49: Org
F50: V | G50: = | H50: 1 | I50: Ls
B56: CODE | C56: : | D56: PEKERJAAN STECKING OUT | E56: 1 | F56: Stecking Out | Z56: =SUM(Z57:Z66) -> 14540000
F57: Sewa Alat Total Station | G57: = | H57: 1 | I57: set | J57: x | K57: 5 | L57: Hr | Y57: 350000 | Z57: =H57*K57*Y57 -> 1750000
F58: Sewa Alat Teodolit | G58: = | H58: 1 | I58: set | K58: 5 | L58: Hr | Y58: 350000 | Z58: =H58*K58*Y58 -> 1750000
F59: Biaya MOB-DEMOB | G59: = | H59: 2 | I59: Trip | Y59: 1500000 | Z59: =H59*Y59 -> 3000000
F60: Surveyor | G60: = | H60: 1 | I60: Org | J60: x | K60: 5 | L60: Hr | Y60: 350000 | Z60: =H60*K60*Y60 -> 1750000
F61: Ass. Surveyor | G61: = | H61: 1 | I61: Org | J61: x | K61: 5 | L61: Hr | Y61: 350000 | Z61: =H61*K61*Y61 -> 1750000
F62: Pengawas Lapangan | G62: = | H62: 1 | I62: Org | J62: x | K62: 5 | L62: Hr | Y62: 350000 | Z62: =H62*K62*Y62 -> 1750000
F63: Tangga Portabel | G63: = | H63: 2 | I63: Unit | Y63: 350000 | Z63: =H63*Y63 -> 700000
F64: ATK | G64: = | H64: 1 | I64: Set | Y64: 150000 | Z64: =H64*Y64 -> 150000
F65: APD | G65: = | H65: 4 | I65: Set | Y65: 450000 | Z65: =H65*Y65 -> 1800000
F66: Tenaga Lokal | G66: = | H66: 1 | I66: Org | Y66: 140000 | Z66: =H66*Y66 -> 140000
B68: CODE | C68: : | D68: PEKERJAAN DINDING BASEMANT | E68: 1 | F68: Pekerjaan Dinding Lantai Basemant | K68: Pas. 1/2 Bata
H69: P (M) | J69: T (M)
F70: Vol Area Voyer | G70: = | H70: 4 | I70: x | J70: 2.9 | K70: = | L70: =H70*J70 -> 11.6 | M70: M2
F71: Vol Area Storage + Kichen | G71: = | H71: =8.4+3.5+2.5+2.5+1.6 -> 18.5 | I71: x | J71: 2.9 | K71: = | L71: =H71*J71 -> 53.65 | M71: M2
F72: Vol Area Toilet | G72: = | H72: 3 | I72: x | J72: 2.9 | K72: = | L72: =H72*J72 -> 8.7 | M72: M2
F73: Vol Area BR. ART | G73: = | H73: =9+6 -> 15 | I73: x | J73: 2.9 | K73: = | L73: =H73*J73 -> 43.5 | M73: M2
F74: Vol Area Pool Maintanace | G74: = | H74: =4.5+3 -> 7.5 | I74: x | J74: 2.9 | K74: = | L74: =H74*J74 -> 21.75 | M74: M2
F75: Vol Area Prayer Room | G75: = | H75: =(3.5*3)+(4.3*2) -> 19.1 | I75: x | J75: 2.9 | K75: = | L75: =H75*J75 -> 55.39 | M75: M2
J76: Total | K76: = | L76: =SUM(L70:L75) -> 194.59 | M76: M2
E78: =E68+1 -> 2 | F78: Pekerjaan Plester Dinding Lantai Basemant
H79: P (M) | J79: T (M)
F80: Vol Area Voyer | G80: = | H80: 4 | I80: x | J80: 2.9 | K80: x | L80: 2 | M80: = | N80: =H80*J80*L80 -> 23.2 | O80: M2
F81: Vol Area Storage + Kichen | G81: = | H81: =8.4+3.5+2.5+2.5+1.6 -> 18.5 | I81: x | J81: 2.9 | K81: x | L81: 2 | M81: = | N81: =H81*J81*L81 -> 107.3 | O81: M2
F82: Vol Area Toilet | G82: = | H82: 3 | I82: x | J82: 2.9 | K82: x | L82: 2 | M82: = | N82: =H82*J82*L82 -> 17.4 | O82: M2
F83: Vol Area BR. ART | G83: = | H83: =9+6 -> 15 | I83: x | J83: 2.9 | K83: x | L83: 2 | M83: = | N83: =H83*J83*L83 -> 87 | O83: M2
F84: Vol Area Pool Maintanace | G84: = | H84: =4.5+3 -> 7.5 | I84: x | J84: 2.9 | K84: x | L84: 2 | M84: = | N84: =H84*J84*L84 -> 43.5 | O84: M2
F85: Vol Area Prayer Room | G85: = | H85: =(3.5*3)+(4.3*2) -> 19.1 | I85: x | J85: 2.9 | K85: x | L85: 2 | M85: = | N85: =H85*J85*L85 -> 110.78 | O85: M2
F86: Total | M86: = | N86: =SUM(N80:N85) -> 389.18 | O86: M2
E88: =E78+1 -> 3 | F88: Pekerjaan Aci Dinding Lantai Basemant
H89: P (M) | J89: T (M)
F90: Vol Area Voyer | G90: = | H90: 4 | I90: x | J90: 2.9 | K90: x | L90: 2 | M90: = | N90: =H90*J90*L90 -> 23.2 | O90: M2
F91: Vol Area Storage + Kichen | G91: = | H91: =8.4+3.5+2.5+2.5+1.6 -> 18.5 | I91: x | J91: 2.9 | K91: x | L91: 2 | M91: = | N91: =H91*J91*L91 -> 107.3 | O91: M2
F92: Vol Area Toilet | G92: = | H92: 3 | I92: x | J92: 2.9 | K92: x | L92: 2 | M92: = | N92: =H92*J92*L92 -> 17.4 | O92: M2
F93: Vol Area BR. ART | G93: = | H93: =9+6 -> 15 | I93: x | J93: 2.9 | K93: x | L93: 2 | M93: = | N93: =H93*J93*L93 -> 87 | O93: M2
F94: Vol Area Pool Maintanace | G94: = | H94: =4.5+3 -> 7.5 | I94: x | J94: 2.9 | K94: x | L94: 2 | M94: = | N94: =H94*J94*L94 -> 43.5 | O94: M2
F95: Vol Area Prayer Room | G95: = | H95: =(3.5*3)+(4.3*2) -> 19.1 | I95: x | J95: 2.9 | K95: x | L95: 2 | M95: = | N95: =H95*J95*L95 -> 110.78 | O95: M2
F96: Total | M96: = | N96: =SUM(N90:N95) -> 389.18 | O96: M2
E97: =E88+1 -> 4 | F97: Pekerjaan Finishing Cat
H98: P (M) | J98: T (M)
F99: Vol Area Voyer | G99: = | H99: 4 | I99: x | J99: 2.9 | K99: x | L99: 2 | M99: = | N99: =H99*J99*L99 -> 23.2 | O99: M2
F100: Vol Area Storage + Kichen | G100: = | H100: =8.4+3.5+2.5+2.5+1.6 -> 18.5 | I100: x | J100: 2.9 | K100: x | L100: 2 | M100: = | N100: =H100*J100*L100 -> 107.3 | O100: M2
F101: Vol Area Toilet | G101: = | H101: 3 | I101: x | J101: 2.9 | K101: x | L101: 2 | M101: = | N101: =H101*J101*L101 -> 17.4 | O101: M2
F102: Vol Area BR. ART | G102: = | H102: =9+6 -> 15 | I102: x | J102: 2.9 | K102: x | L102: 2 | M102: = | N102: =H102*J102*L102 -> 87 | O102: M2
F103: Vol Area Pool Maintanace | G103: = | H103: =4.5+3 -> 7.5 | I103: x | J103: 2.9 | K103: x | L103: 2 | M103: = | N103: =H103*J103*L103 -> 43.5 | O103: M2
F104: Vol Area Prayer Room | G104: = | H104: =(3.5*3)+(4.3*2) -> 19.1 | I104: x | J104: 2.9 | K104: x | L104: 2 | M104: = | N104: =H104*J104*L104 -> 110.78 | O104: M2
F105: Total | M105: = | N105: =SUM(N99:N104) -> 389.18 | O105: M2
E106: =E97+1 -> 5 | F106: Pekerjaan Finishing Beton & Cat
H107: P (M) | J107: T (M)
F108: Vol Finsihing Beton | G108: = | H108: =5.2+6+4.5+16+4.5+16+2.8+2.8+16+2+13+6+12 -> 106.8 | I108: x | J108: 2.9 | K108: x | L108: 2 | M108: = | N108: =H108*J108*L108 -> 619.44 | O108: M2
F109: Vol Cat | G109: = | H109: =H108 -> 106.8 | I109: x | J109: 2.9 | K109: x | L109: 2 | M109: = | N109: =H109*J109*L109 -> 619.44 | O109: M2
B111: CODE | C111: : | D111: PEKERJAAN DINDING LT. 1 | E111: 1 | F111: Pekerjaan Dinding Lantai 1
H112: P (M) | J112: T (M)
F113: Living Room (1 Bata) | G113: = | H113: 4.5 | I113: x | J113: 4 | K113: = | L113: =H113*J113*2 -> 36 | M113: M2
F114: Living Room (1 1/2 Bata) | G114: = | H114: 4.5 | I114: x | J114: 4 | K114: = | L114: =H114*J114*2.5 -> 45 | M114: M2
F115: Toilet (1/2 Bata) | G115: = | H115: =2.5+2.5+2+2+2.5+1.5+3 -> 16 | I115: x | J115: 4 | K115: = | L115: =H115*J115 -> 64 | M115: M2
F116: Vantry (1,5 Bata) | G116: = | H116: =2.5+3 -> 5.5 | I116: x | J116: 4 | K116: = | L116: =H116*J116*2.5 -> 55 | M116: M2
F117: Storage Room (1/2 Bata) | G117: = | H117: =1.4+7.5 -> 8.9 | I117: x | J117: 4 | K117: = | L117: =H117*J117 -> 35.6 | M117: M2
F118: Dining Room (1 1/2 Bata) | G118: = | H118: 5.2 | I118: x | J118: 4 | K118: = | L118: =H118*J118*2.5 -> 52 | M118: M2
J119: Total | K119: = | L119: =SUM(L113:L118) -> 287.6 | M119: M2
E121: =E111+1 -> 2 | F121: Pekerjaan Plesteran Dinding Lantai 1
H122: P (M) | J122: T (M)
...

Sheet ANALISA ME
A2: DAFTAR ANALISA HARGA SATUAN PEKERJAAN
A3: Macam Pekerjaan (Bahan) | B3: Satuan | C3: Koef | D3: Harga Bahan/Upah | E3: Jumlah Harga Bahan | F3: Jumlah Harga Upah | G3: Total
A4: Pekerjaan Persiapan | B4: ( RSNI T-12-2002 )
A5: Pembersihan lahan | B5: RSNI T-12 : 6 .8
A6: Upah
A7: Pekerja | B7: OH | C7: 0.1 | D7: 121243 | F7: =D7*C7 -> 12124.3
A8: Peralatan | B8: Is | C8: 1 | D8: 42000 | F8: =D8*C8 -> 42000
A9: Mandor | B9: OH | C9: 0.005 | D9: 212400 | F9: =D9*C9 -> 1062
A10: Total | E10: 0 | F10: =SUM(F7:F9) -> 55186.3 | G10: =SUM(E10:F10) -> 55186.3
A12: Pengukuran dan Pemasangan Bouwplank | B12: RSNI T-12 : 6 . 4
A13: Bahan
A14: Kayu 5/7 (paling murah) | B14: m3 | C14: 0.012 | D14: 39000 | E14: =C14*D14 -> 468
A15: Kayu Papan Borneo super | B15: m3 | C15: 0.02 | D15: 6176400 | E15: =C15*D15 -> 123528
A16: paku 5-7 inch | B16: kg | C16: 0.007 | D16: 20700 | E16: =C16*D16 -> 144.9
A17: Upah
A18: Pekerja | B18: OH | C18: 0.1 | D18: 130000 | F18: =D18*C18 -> 13000
A19: Tukang Kayu | B19: OH | C19: 0.1 | D19: 200000 | F19: =D19*C19 -> 20000
A20: Kepala Tukang Kayu | B20: OH | C20: 0.01 | D20: 250000 | F20: =D20*C20 -> 2500
A21: Mandor | B21: OH | C21: 0.005 | D21: 260000 | F21: =D21*C21 -> 1300
A22: Total | E22: =SUM(E14:E21) -> 124140.9 | F22: =SUM(F18:F21) -> 36800 | G22: =SUM(E22:F22) -> 160940.9
A23: Pekerjaan Tanah | B23: ( SNI 2835 )
A24: Pek. Galian tanah pondasi | B24: SNI 2835 : 6 . 1
A25: Upah
A26: Pekerja | B26: OH | C26: 0.75 | D26: =D18 -> 130000 | F26: =C26*D26 -> 97500
A27: Mandor | B27: OH | C27: 0.025 | D27: =D19 -> 200000 | F27: =C27*D27 -> 5000
A28: Total | E28: 0 | F28: =SUM(F26:F27) -> 102500 | G28: =SUM(E28:F28) -> 102500
A30: Pek. Urugan Tanah Kembali | B30: SNI 2835 : 6 .9
A31: Upah
A32: Pekerja | B32: OH | C32: =C26/3 -> 0.25 | D32: =D18 -> 130000 | F32: =C32*D32 -> 32500
A33: Mandor | B33: OH | C33: =C27/3 -> 0.0083333333 | D33: =D19 -> 200000 | F33: =C33*D33 -> 1666.6667
A34: Total | E34: 0 | F34: =SUM(F32:F33) -> 34166.667 | G34: =SUM(E34:F34) -> 34166.667
A36: Pek.Urugan Pasir bawah pondasi | B36: SNI 2835 : 6 . 11
A37: Bahan
A38: Pasir urug | B38: m3 | C38: 1.2 | D38: 120000 | E38: =C38*D38 -> 144000
A39: Upah
A40: Pekerja | B40: OH | C40: 0.3 | D40: =D32 -> 130000 | F40: =C40*D40 -> 39000
A41: Mandor | B41: OH | C41: 0.01 | D41: =D33 -> 200000 | F41: =C41*D41 -> 2000
A42: Total | E42: =SUM(E38:E41) -> 144000 | F42: =SUM(F40:F41) -> 41000 | G42: =SUM(E42:F42) -> 185000
A44: Pekerjaan pondasi dan pasangan | B44: SNI 2836 & SNI 6897 & SNI 2837
A45: Pek. Pondasi batu kali 1:4 | B45: SNI 2836 : 6 . 2
A46: Bahan
A47: Batu belah | B47: m3 | C47: 1.2 | D47: 206856 | E47: =C47*D47 -> 248227.2
A48: Semen porland /50 kg | B48: zak | C48: 3.26 | D48: 82548 | E48: =C48*D48 -> 269106.48
A49: Pasir pasang | B49: m3 | C49: 0.52 | D49: 135278 | E49: =C49*D49 -> 70344.56
A50: Upah
A51: Pekerja | B51: OH | C51: 1.5 | D51: =D18 -> 130000 | F51: =C51*D51 -> 195000
A52: Tukang batu | B52: OH | C52: 0.75 | D52: =D19 -> 200000 | F52: =C52*D52 -> 150000
A53: Kepala tukang batu | B53: OH | C53: 0.075 | D53: =D20 -> 250000 | F53: =C53*D53 -> 18750
A54: Mandor | B54: OH | C54: 0.075 | D54: =D21 -> 260000 | F54: =C54*D54 -> 19500
A55: Total | E55: =SUM(E47:E54) -> 587678.24 | F55: =SUM(F51:F54) -> 383250 | G55: =SUM(E55:F55) -> 970928.24
A57: Pek. Pasangan batu kosong | B57: SNI 2836 : 6 . 9
A58: Bahan
A59: Batu belah | B59: m3 | C59: 1.2 | D59: =D47 -> 206856 | E59: =D59*C59 -> 248227.2
A60: Pasir urug | B60: m3 | C60: 0.432 | D60: 121000 | E60: =D60*C60 -> 52272
A61: Upah
A62: Pekerja | B62: OH | C62: 0.78 | D62: =D18 -> 130000 | F62: =D62*C62 -> 101400
A63: Tukang batu | B63: OH | C63: 0.39 | D63: =D19 -> 200000 | F63: =D63*C63 -> 78000
A64: Kepala tukang batu | B64: OH | C64: 0.039 | D64: =D20 -> 250000 | F64: =D64*C64 -> 9750
A65: Mandor | B65: OH | C65: 0.039 | D65: =D21 -> 260000 | F65: =D65*C65 -> 10140
A66: Total | E66: =SUM(E59:E65) -> 300499.2 | F66: =SUM(F62:F65) -> 199290 | G66: =SUM(E66:F66) -> 499789.2
A68: Pek.pondasi tapak | B68: SNI 2836 : 6 . 9
A69: Bahan | B69: SNI 7394 : 6 . 7
A70: Beton K-225 Slump 12 ± 2 | B70: m3
A71: Semen Portland/50 kg | B71: zak | C71: 7.42 | D71: =D48 -> 82548 | E71: =D71/C71 -> 11125.067
A72: Pasir Beton | B72: Kg | C72: 698 | D72: =252648/1400 -> 180.46286 | E72: =D72*C72 -> 125963.07
A73: Kerikil ( Maksimum 30mm) | B73: Kg | C73: 1047 | D73: =217884/1350 -> 161.39556 | E73: =D73*C73 -> 168981.15
A74: Air | B74: Ltr | C74: 215 | D74: 7200 | E74: =D74*C74 -> 1548000
A75: Upah
A76: Pekerja | B76: OH | C76: 0.78 | D76: =D62 -> 130000 | F76: =D76*C76 -> 101400
A77: Tukang batu | B77: OH | C77: 0.39 | D77: =D63 -> 200000 | F77: =D77*C77 -> 78000
A78: Kepala tukang batu | B78: OH | C78: 0.039 | D78: =D64 -> 250000 | F78: =D78*C78 -> 9750
A79: Mandor | B79: OH | C79: 0.039 | D79: =D65 -> 260000 | F79: =D79*C79 -> 10140
A80: Total | E80: =SUM(E71:E74) -> 1854069.3 | F80: =SUM(F76:F79) -> 199290 | G80: =E80+F80 -> 2053359.3
A81: Pek. Pasangan Bata 1:2 | B81: SNI 6897 : 6 . 1
A82: Bahan
A83: PC / 50 kg | B83: zak | C83: 0.87 | D83: =D48 -> 82548 | E83: =C83*D83 -> 71816.76
A84: Pasir pasang | B84: m3 | C84: 0.08 | D84: =D49 -> 135278 | E84: =C84*D84 -> 10822.24
A85: Bata Merah Bakar Kelas I | B85: bh | C85: 140 | D85: 967.6 | E85: =C85*D85 -> 135464
A86: Upah
A87: Pekerja | B87: OH | C87: 0.6 | D87: =D62 -> 130000 | F87: =D87*C87 -> 78000
A88: Tukang batu | B88: OH | C88: 0.2 | D88: =D63 -> 200000 | F88: =D88*C88 -> 40000
A89: Kepala tukang batu | B89: OH | C89: 0.02 | D89: =D64 -> 250000 | F89: =D89*C89 -> 5000
A90: Mandor | B90: OH | C90: 0.03 | D90: =D65 -> 260000 | F90: =D90*C90 -> 7800
A91: Total | E91: =SUM(E83:E90) -> 218103 | F91: =SUM(F87:F90) -> 130800 | G91: =SUM(E91:F91) -> 348903
A92: Pek. Plesteran 1:2 | B92: SNI 2837 : 6 . 13
A93: Bahan
A94: PC / 50 kg | B94: =B83 -> zak | C94: 0.27264 | D94: =D83 -> 82548 | E94: =D94*C94 -> 22505.887
A95: Pasir pasang | B95: =B84 -> m3 | C95: 0.027 | D95: =D84 -> 135278 | E95: =D95*C95 -> 3652.506
A96: Upah
A97: Pekerja | B97: =B87 -> OH | C97: 0.4 | D97: =D87 -> 130000 | F97: =D97*C97 -> 52000
A98: Tukang batu | B98: =B88 -> OH | C98: 0.2 | D98: =D88 -> 200000 | F98: =D98*C98 -> 40000
A99: Kepala tukang batu | B99: =B89 -> OH | C99: 0.02 | D99: =D89 -> 250000 | F99: =D99*C99 -> 5000
A100: Mandor | B100: =B90 -> OH | C100: 0.022 | D100: =D90 -> 260000 | F100: =D100*C100 -> 5720
A101: Total | E101: =SUM(E94:E100) -> 26158.393 | F101: =SUM(F97:F100) -> 102720 | G101: =SUM(E101:F101) -> 128878.39
A102: Pekerjaan Beton | B102: SNI 7394
A103: Pek. Sloof 15/20
A104: 1 Kg Pembesian dengan Besi Polos atau Ulir | B104: SNI 7394 : 6 . 17
A105: Bahan
A106: Besi Beton φ 22mm | B106: Kg | C106: =10.5/10 -> 1.05 | D106: 14216 | E106: =C106*D106 -> 14926.8
A107: Kawat Beton | B107: Kg | C107: =0.15/10 -> 0.015 | D107: 22285 | E107: =C107*D107 -> 334.275
...

Sheet ANALISA_BONGKAR DAN CLEANING
A13: Analisa Harga Satuan | G13: Lampiran-04
A14: Proyek : Pembangunan ASRAMA YAYASAN HASANAH KEBAJIKAN
A15: Lokasi : Bukit Cirendeu
A16: 1 | B16: m2 | C16: Membersihkan lapangan dan perataan
A18: Jenis Pekerjaan | D18: Harga satuan | E18: Upah | F18: Bahan | G18: Jumlah
A19: 0.1 | B19: org | C19: Pekerja | D19: 160000 | E19: =A19*D19 -> 16000 | F19: 0 | G19: =E19+F19 -> 16000
A20: 0.05 | B20: org | C20: Mandor | D20: 265000 | E20: =A20*D20 -> 13250 | F20: 0 | G20: =E20+F20 -> 13250
C21: JUMLAH ( BELUM PPN ) | E21: =SUM(E19:E20) -> 29250 | F21: 0 | G21: =SUM(G19:G20) -> 29250
C22: JASA 30 % | D22: 0.3 | E22: =E21*D22 -> 8775 | F22: =F21*D22 -> 0 | G22: =D22*G21 -> 8775
C23: JUMLAH | E23: =SUM(E21:E22) -> 38025 | F23: 0 | G23: =SUM(G21:G22) -> 38025
A25: 1 | B25: m3 | C25: Bongkaran Beton Bertulang
A27: Jenis Pekerjaan | D27: Harga satuan | E27: Upah | F27: Bahan | G27: Jumlah
A28: 6.667 | B28: org | C28: Pekerja | D28: 130000 | E28: =A28*D28 -> 866710 | F28: 0 | G28: =E28+F28 -> 866710
A29: 0.333 | B29: org | C29: Mandor | D29: 265000 | E29: =A29*D29 -> 88245 | F29: 0 | G29: =E29+F29 -> 88245
C30: JUMLAH ( BELUM PPN ) | E30: =SUM(E28:E29) -> 954955 | F30: 0 | G30: =SUM(G28:G29) -> 954955
C31: JASA 10 % | D31: 0.1 | E31: =E30*D31 -> 95495.5 | F31: =F30*D31 -> 0 | G31: =D31*G30 -> 95495.5
C32: JUMLAH | E32: =SUM(E30:E31) -> 1050450.5 | F32: 0 | G32: =SUM(G30:G31) -> 1050450.5 | R32: 19
R33: 12
A34: 1 | B34: m3 | C34: Bongkaran dinding tembok Bata Merah | H34: =7*1*0.15 -> 1.05 | R34: =R33*R32 -> 228
A36: Jenis Pekerjaan | D36: Harga satuan | E36: Upah | F36: Bahan | G36: Jumlah
A37: 6.667 | B37: org | C37: Pekerja | D37: 130000 | E37: =A37*D37 -> 866710 | F37: 0 | G37: =E37+F37 -> 866710
A38: 0.333 | B38: org | C38: Mandor | D38: 265000 | E38: =A38*D38 -> 88245 | F38: 0 | G38: =E38+F38 -> 88245
A39: 1 | B39: Ls | C39: Alat Bantu | D39: 13000 | E39: =A39*D39 -> 13000 | F39: 0 | G39: =E39+F39 -> 13000
C40: JUMLAH ( BELUM PPN ) | E40: =SUM(E37:E39) -> 967955 | F40: 0 | G40: =SUM(G37:G39) -> 967955
C41: JASA 10 % | D41: 0.3 | E41: =E40*D41 -> 290386.5 | F41: =F40*D41 -> 0 | G41: =D41*G40 -> 290386.5
A42: JUMLAH 1 M3 | E42: =SUM(E40:E41) -> 1258341.5 | F42: 0 | G42: =SUM(G40:G41) -> 1258341.5
A43: JUMLAH 7 M2 | E43: =E42/7 -> 179763.07 | F43: 0 | G43: =G42/7 -> 179763.07
A44: JUMLAH 1 M2 | E44: =E43/10 -> 17976.307 | F44: 0 | G44: =G43/10 -> 17976.307
A46: 1 | B46: m2 | C46: Pagar Sementara dari seng Gelombang tinggi 2 m
A48: Jenis Pekerjaan | D48: Harga satuan | E48: Upah | F48: Bahan | G48: Jumlah
A49: 1.25 | B49: btng | C49: Dolken Kayu Diameter 8-10/400cm | D49: 12000 | E49: 0 | F49: =A49*D49 -> 15000 | G49: =E49+F49 -> 15000
A50: 2.5 | B50: Kg | C50: Semen Portland | D50: 1200 | E50: 0 | F50: =A50*D50 -> 3000 | G50: =E50+F50 -> 3000
A51: 0.005 | B51: m3 | C51: Pasir Beton | D51: 283333.33 | E51: 0 | F51: =A51*D51 -> 1416.6667 | G51: =E51+F51 -> 1416.6667
A52: 0.009 | B52: m3 | C52: Koral Beton | D52: 283333.33 | E52: 0 | F52: =A52*D52 -> 2550 | G52: =E52+F52 -> 2550
A53: 1.2 | B53: Lbr | C53: Seng Gelombang Bwg 32 | D53: =0*120000 -> 0 | E53: 0 | F53: =A53*D53 -> 0 | G53: =E53+F53 -> 0
A54: 0.06 | B54: Kg | C54: Paku Biasa 2"-5" | D54: 40000 | E54: 0 | F54: =A54*D54 -> 2400 | G54: =E54+F54 -> 2400
A55: 0.072 | B55: m3 | C55: Kayu 5/7 | D55: =300000 -> 300000 | E55: 0 | F55: =A55*D55 -> 21600 | G55: =E55+F55 -> 21600
A56: 0.45 | B56: Liter | C56: Meni Besi | D56: 5000 | E56: 0 | F56: =A56*D56 -> 2250 | G56: =E56+F56 -> 2250
A57: 0.1 | B57: OH | C57: Pekerja | D57: 130000 | E57: =A57*D57 -> 13000 | F57: 0 | G57: =E57+F57 -> 13000
A58: 0.02 | B58: OH | C58: Kepala Tukang | D58: 250000 | E58: =A58*D58 -> 5000 | F58: 0 | G58: =E58+F58 -> 5000
A59: 0.02 | B59: OH | C59: Mandor | D59: 265000 | E59: =A59*D59 -> 5300 | F59: 0 | G59: =E59+F59 -> 5300
C60: JUMLAH ( BELUM PPN ) | E60: =SUM(E49:E59) -> 23300 | F60: =SUM(F49:F59) -> 48216.667 | G60: =SUM(G49:G59) -> 71516.667
C61: JASA 10 % | D61: 0.1 | E61: =E60*0.1 -> 2330 | F61: =F60*0.1 -> 4821.6667 | G61: =D61*G60 -> 7151.6667
C62: JUMLAH | E62: =SUM(E60:E61) -> 25630 | F62: =SUM(F49:F59) -> 48216.667 | G62: =SUM(G60:G61) -> 78668.333
A64: 1 | B64: m2 | C64: Kotakan Adukan
A66: Jenis Pekerjaan | D66: Harga satuan | E66: Upah | F66: Bahan | G66: Jumlah
A67: 0.036 | B67: m3 | C67: Kayu Papan Kelas II | D67: 4100000 | E67: 0 | F67: =A67*D67 -> 147600 | G67: =E67+F67 -> 147600
A68: 0.08 | B68: m3 | C68: Kayu Balok 5/7 Kelas III | D68: 1500000 | E68: 0 | F68: =A68*D68 -> 120000 | G68: =E68+F68 -> 120000
A69: 0.08 | B69: kg | C69: Paku Biasa | D69: 36000 | E69: 0 | F69: =A69*D69 -> 2880 | G69: =E69+F69 -> 2880
A70: 0.3 | B70: OH | C70: Pekerja | D70: 130000 | E70: =A70*D70 -> 39000 | F70: 0 | G70: =E70+F70 -> 39000
A71: 0.03 | B71: OH | C71: Kepala Tukang | D71: 250000 | E71: =A71*D71 -> 7500 | F71: 0 | G71: =E71+F71 -> 7500
C72: JUMLAH ( BELUM PPN ) | E72: =SUM(E67:E71) -> 46500 | F72: =SUM(F67:F71) -> 270480 | G72: =SUM(G67:G71) -> 316980
C73: JASA 10 % | D73: 0.1 | E73: =E72*0.1 -> 4650 | F73: =F72*0.1 -> 27048 | G73: =D73*G72 -> 31698
C74: JUMLAH | E74: =SUM(E72:E73) -> 51150 | F74: =SUM(F67:F71) -> 270480 | G74: =SUM(G72:G73) -> 348678
A76: 1 | B76: m2 | C76: Pembuatan Bedeng Buruh
A78: Jenis Pekerjaan | D78: Harga satuan | E78: Upah | F78: Bahan | G78: Jumlah
A79: 1.7 | B79: btng | C79: Dolken Kayu Diameter 8-10/400cm | D79: 40000 | E79: 0 | F79: =A79*D79 -> 68000 | G79: =E79+F79 -> 68000
A80: 0.21 | B80: m3 | C80: Kayu | D80: 4100000 | E80: 0 | F80: =A80*D80 -> 861000 | G80: =E80+F80 -> 861000
A81: 0.3 | B81: M' | C81: Kayu Biasa | D81: 1500000 | E81: 0 | F81: =A81*D81 -> 450000 | G81: =E81+F81 -> 450000
A82: 10.5 | B82: Kg | C82: Semen Portland | D82: 1200 | E82: 0 | F82: =A82*D82 -> 12600 | G82: =E82+F82 -> 12600
A83: 0.03 | B83: m3 | C83: Pasir Beton | D83: 283333.33 | E83: 0 | F83: =A83*D83 -> 8500 | G83: =E83+F83 -> 8500
A84: 0.05 | B84: m3 | C84: Koral Beton | D84: 187500 | E84: 0 | F84: =A84*D84 -> 9375 | G84: =E84+F84 -> 9375
A85: 1.5 | B85: Lbr | C85: Seng Gelombang Bwg 32 | D85: 120000 | E85: 0 | F85: =A85*D85 -> 180000 | G85: =E85+F85 -> 180000
A86: 1.5 | B86: Lbr | C86: Plywood 4 mm (kayu meranti) | D86: 53000 | E86: 0 | F86: =A86*D86 -> 79500 | G86: =E86+F86 -> 79500
A87: 2 | B87: org | C87: Tukang Kayu | D87: 150000 | E87: =A87*D87 -> 300000 | F87: 0 | G87: =E87+F87 -> 300000
A88: 1 | B88: org | C88: Pekerja | D88: 130000 | E88: =A88*D88 -> 130000 | F88: 0 | G88: =E88+F88 -> 130000
A89: 0.2 | B89: org | C89: Kepala Tukang | D89: 250000 | E89: =A89*D89 -> 50000 | F89: 0 | G89: =E89+F89 -> 50000
A90: 0.05 | B90: org | C90: Mandor | D90: 250000 | E90: =A90*D90 -> 12500 | F90: 0 | G90: =E90+F90 -> 12500
C91: JUMLAH ( BELUM PPN ) | E91: =SUM(E79:E90) -> 492500 | F91: =SUM(F79:F90) -> 1668975 | G91: =SUM(G79:G90) -> 2161475
C92: JASA 10 % | D92: 0.1 | E92: =E91*0.1 -> 49250 | F92: =F91*0.1 -> 166897.5 | G92: =D92*G91 -> 216147.5
C93: JUMLAH | E93: =SUM(E91:E92) -> 541750 | F93: =SUM(F79:F92) -> 3504847.5 | G93: =SUM(G91:G92) -> 2377622.5
A95: 1 | B95: m2 | C95: Pembuatan Gudang Sementara
A97: Jenis Pekerjaan | D97: Harga satuan | E97: Upah | F97: Bahan | G97: Jumlah
A98: 1.7 | B98: btng | C98: Dolken Kayu Diameter 8-10/400cm | D98: 40000 | E98: 0 | F98: =A98*D98 -> 68000 | G98: =E98+F98 -> 68000
A99: 0.21 | B99: m3 | C99: Kayu | D99: 4100000 | E99: 0 | F99: =A99*D99 -> 861000 | G99: =E99+F99 -> 861000
A100: 0.3 | B100: Kg | C100: Kayu Biasa | D100: 4100000 | E100: 0 | F100: =A100*D100 -> 1230000 | G100: =E100+F100 -> 1230000
A101: 0.3 | B101: Kg | C101: Semen Portland | D101: 1720 | E101: 0 | F101: =A101*D101 -> 516 | G101: =E101+F101 -> 516
A102: 0.03 | B102: m3 | C102: Pasir Beton | D102: 283333.33 | E102: 0 | F102: =A102*D102 -> 8500 | G102: =E102+F102 -> 8500
A103: 0.05 | B103: m3 | C103: Koral Beton | D103: 283333.33 | E103: 0 | F103: =A103*D103 -> 14166.667 | G103: =E103+F103 -> 14166.667
A104: 1.5 | B104: Lbr | C104: Seng Gelombang Bwg 32 | D104: 120000 | E104: 0 | F104: =A104*D104 -> 180000 | G104: =E104+F104 -> 180000
A105: 0.25 | B105: Lbr | C105: Seng Plat | D105: 25000 | E105: 0 | F105: =A105*D105 -> 6250 | G105: =E105+F105 -> 6250
A106: 2 | B106: org | C106: Tukang Kayu | D106: 200000 | E106: =A106*D106 -> 400000 | F106: 0 | G106: =E106+F106 -> 400000
A107: 1 | B107: org | C107: Pekerja | D107: 130000 | E107: =A107*D107 -> 130000 | F107: 0 | G107: =E107+F107 -> 130000
A108: 0.2 | B108: org | C108: Kepala Tukang | D108: 250000 | E108: =A108*D108 -> 50000 | F108: 0 | G108: =E108+F108 -> 50000
A109: 0.05 | B109: org | C109: Mandor | D109: 265000 | E109: =A109*D109 -> 13250 | F109: 0 | G109: =E109+F109 -> 13250
C110: JUMLAH ( BELUM PPN ) | E110: =SUM(E98:E109) -> 593250 | F110: =SUM(F98:F109) -> 2368432.7 | G110: =SUM(G98:G109) -> 2961682.7
C111: JASA 10 % | D111: 0.1 | E111: =E110*0.1 -> 59325 | F111: =F110*0.1 -> 236843.27 | G111: =D111*G110 -> 296168.27
C112: JUMLAH | E112: =SUM(E110:E111) -> 652575 | F112: =SUM(F110:F111) -> 2605275.9 | G112: =SUM(G110:G111) -> 3257850.9
A114: 1 | B114: m2 | C114: Pembuatan Gudang Sementara PERALATAN
A116: Jenis Pekerjaan | D116: Harga satuan | E116: Upah | F116: Bahan | G116: Jumlah
A117: 0.036 | B117: m3 | C117: Kayu Papan Kelas III | D117: 1000 | E117: 0 | F117: =A117*D117 -> 36 | G117: =E117+F117 -> 36
A118: 0.036 | B118: m3 | C118: Kayu Balok 5/7 kelas III | D118: 100000 | E118: 0 | F118: =A118*D118 -> 3600 | G118: =E118+F118 -> 3600
A119: 0.3 | B119: Kg | C119: Paku Biasa | D119: 10000 | E119: 0 | F119: =A119*D119 -> 3000 | G119: =E119+F119 -> 3000
A120: 2 | B120: org | C120: Tukang Kayu | D120: 130000 | E120: =A120*D120 -> 260000 | F120: 0 | G120: =E120+F120 -> 260000
A121: 0.2 | B121: org | C121: Kepala Tukang | D121: 250000 | E121: =A121*D121 -> 50000 | F121: 0 | G121: =E121+F121 -> 50000
A122: 0.05 | B122: org | C122: Mandor | D122: 265000 | E122: =A122*D122 -> 13250 | F122: 0 | G122: =E122+F122 -> 13250
C123: JUMLAH ( BELUM PPN ) | E123: =SUM(E117:E122) -> 323250 | F123: 0 | G123: =SUM(G117:G122) -> 329886
C124: JASA 10 % | D124: 0.1 | E124: =E123*0.1 -> 32325 | F124: =F123*0.1 -> 0 | G124: =D124*G123 -> 32988.6
C125: JUMLAH | E125: =SUM(E123:E124) -> 355575 | F125: =SUM(F117:F124) -> 6636 | G125: =SUM(G123:G124) -> 362874.6
A127: 1 | B127: m1 | C127: Pengukuran dan pemasangan bouwplank
...

Sheet Lantai
B1: PEKERJAAN PENUTUP LANTAI
B5: NO. | C5: NAMA RUANG | D5: SATUAN | E5: SPESIFIKASI MATERIAL | F5: VOLUME
C7: LANTAI BASEMENT
B8: 1 | C8: Foyer | D8: m2 | F8: 10.33
B9: =B8+1 -> 2 | C9: Storage | D9: m2 | F9: 4.32
B10: =B9+1 -> 3 | C10: Kitchen | D10: m2 | F10: 19.44
B11: =B10+1 -> 4 | C11: Service Area | D11: m2 | F11: 5.73
B12: =B11+1 -> 5 | C12: Toilet | D12: m2 | F12: 3.58
B13: =B12+1 -> 6 | C13: Bedroom ART 1 | D13: m2 | F13: 10.68
B14: =B13+1 -> 7 | C14: Bedroom ART 2 | D14: m2 | F14: 10.68
B15: =B14+1 -> 8 | C15: Pool Maintance | D15: m2 | F15: 10.72
B16: =B15+1 -> 9 | C16: Storage Room | D16: m2 | F16: 3.43
B17: =B16+1 -> 10 | C17: Prayer Room | D17: m2 | F17: 6.53
B18: =B17+1 -> 11 | C18: Sidewalk | D18: m2 | E18: valentino gress sedona black 60x60 | F18: 34.87
B19: =B18+1 -> 12 | C19: Genset area, Parking and circulation | D19: m2 | F19: 250.22
C20: TOTAL | F20: =SUM(F8:F19) -> 370.53
C22: LANTAI DASAR
B23: 1 | C23: Foyer | D23: m2 | F23: 28.22
B24: =B23+1 -> 2 | C24: Shoe Rack and Storage | D24: m2 | F24: 4.16
B25: =B24+1 -> 3 | C25: Bathroom | D25: m2 | F25: 3.58
B26: =B25+1 -> 4 | C26: Living Room | D26: m2 | F26: 65.59
B27: =B26+1 -> 5 | C27: Outdoor Lounge | D27: m2 | F27: 27.36
B28: =B27+1 -> 6 | C28: Dining Area | D28: m2 | F28: 38.52
B29: =B28+1 -> 7 | C29: Kitchen | D29: m2 | F29: 15.09
B30: =B29+1 -> 8 | C30: Service Stair | D30: m2 | F30: 8.16
B31: =B30+1 -> 9 | C31: Stair Area | D31: m2 | F31: 10.41
B32: =B31+1 -> 10 | C32: Kids Playing Area | D32: m2 | F32: 39.55
B33: =B32+1 -> 11 | C33: Terrace | D33: m2 | F33: 27.12
B34: =B33+1 -> 12 | C34: Outdoor Lounge | D34: m2 | F34: 12.25
B35: TOTAL | F35: =SUM(F23:F34) -> 280.01
C37: LANTAI 1
B38: 1 | C38: Corridor | D38: m2 | F38: 39.3
B39: =B38+1 -> 2 | C39: Kids Bedroom 1 | D39: m2 | F39: 19.54
B40: =B39+1 -> 3 | C40: Kids Bedroom 2 | D40: m2 | F40: 19.62
B41: =B40+1 -> 4 | C41: Kids WIC 1 | D41: m2 | F41: 4.28
B42: =B41+1 -> 5 | C42: Kids WIC 2 | D42: m2 | F42: 4.57
B43: =B42+1 -> 6 | C43: Kids Bathroom 1 | D43: m2 | F43: 6.81
B44: =B43+1 -> 7 | C44: Kids Bathroom 2 | D44: m2 | F44: 7.08
B45: =B44+1 -> 8 | C45: Guest Bedroom | D45: m2 | F45: 15.99
B46: =B45+1 -> 9 | C46: Guest Bathroom | D46: m2 | F46: 5.88
B47: =B46+1 -> 10 | C47: Master Bathroom | D47: m2 | F47: 21.14
B48: =B47+1 -> 11 | C48: Master WIC | D48: m2 | F48: 16.1
B49: =B48+1 -> 12 | C49: Master Bedroom | D49: m2 | F49: =69.89-F48 -> 53.79
C50: TOTAL | F50: =SUM(F38:F49) -> 214.1
C52: LANTAI 2
B53: 1 | C53: Corridor | D53: m2 | F53: 6.79
B54: =B53+1 -> 2 | C54: Home Office | D54: m2 | F54: 8.16
B55: =B54+1 -> 3 | C55: Gym | D55: m2 | F55: 42.4
B56: =B55+1 -> 4 | C56: Billiard | D56: m2 | F56: 24.46
B57: =B56+1 -> 5 | C57: Powder Room | D57: m2 | F57: 3.03
B58: 6 | C58: Roof Top | D58: m2 | F58: =149.5+23.4 -> 172.9
C59: TOTAL | F59: =SUM(F53:F58) -> 257.74

Sheet MEP
B1: PEKERJAAN MEP
B5: NO. | C5: MATERIAL | D5: SATUAN | E5: SPESIFIKASI MATERIAL | F5: VOLUME
C7: LANTAI BASEMENT
B8: A | C8: Instalasi
B9: 1 | C9: Kabel NYM 3x2,5 mm 100m/roll | D9: roll | F9: 6
B10: =B9+1 -> 2 | C10: Kabel NYM 2x1,5 mm 100m/roll | D10: roll | F10: 3
B11: =B10+1 -> 3 | C11: Kabell NYY 3x2.5 mm | D11: m1 | F11: 20
B12: =B11+1 -> 4 | C12: Pipa conduit | D12: btg | F12: 190
B13: =B12+1 -> 5 | C13: Klem pipa conduit | D13: pcs | F13: 95
B14: =B13+1 -> 6 | C14: Sok pipa conduit | D14: pcs | F14: 95
B15: =B14+1 -> 7 | C15: Terminal listrik/krustin 10 mm | D15: pack | F15: 2
B16: =B15+1 -> 8 | C16: Tdus cabang 3 | D16: pcs | F16: 115
B17: =B16+1 -> 9 | C17: Tdus cabang 4 | D17: pcs | F17: 40
B18: =B17+1 -> 10 | C18: Solasi listrik | D18: pcs | F18: 20
B19: =B18+1 -> 11 | C19: Box panel 60x50x20 cm | D19: unit | F19: 1
B20: =B19+1 -> 12 | C20: MCB 6A 1 phase | D20: unit | F20: 6
B21: =B20+1 -> 13 | C21: MCB 10A 1 phase | D21: unit | F21: 5
... B30: =B29+1 -> 22 | C30: Bracket MCB | D30: btg | F30: 1
B31: B | C31: Armature
B32: 1 | C32: Lampu downlight | D32: unit | F32: 32
B33: 2 | C33: Lampu TL 18W/6500K + housing | D33: set | F33: 29
B34: 3 | C34: Stop kontak 2 gang | D34: unit | F34: 20
B35: 4 | C35: Saklar seri | D35: unit | F35: 10
B36: =B35+1 -> 5 | C36: Stop kontak genset/ surface mounting | D36: unit | F36: 1
B37: =B36+1 -> 6 | C37: Gas detector | D37: unit | F37: 1
B38: =B37+1 -> 7 | C38: Heat detector | D38: unit | F38: 1
B39: =B38+1 -> 8 | C39: Smoke detector | D39: unit | F39: 10
B40: C | C40: Plumbing
B41: 1 | C41: Pipa PVC AW dia. 1 inch dari PDAM ke roof tank | D41: btg | F41: 10
B42: =B41+1 -> 2 | C42: Pipa PVC AW dia. 3/4 inch dari roof tank ke Lt. Basement incl mainline | D42: btg | F42: 18
B43: =B42+1 -> 3 | C43: Pipa PVC AW dia. 1/2 inch | D43: btg | F43: 4
B44: =B43+1 -> 4 | C44: Pipa PVC D dia. 3 inch | D44: btg | F44: 30
B45: =B44+1 -> 5 | C45: Knee pipa PVC 3 inch | D45: pcs | F45: 30
B46: =B45+1 -> 6 | C46: Tee pipa PVC 3 inch | D46: pcs | F46: 10
B47: =B46+1 -> 7 | C47: Knee pipa PVC 1 inch | D47: pcs | F47: 4
B48: =B47+1 -> 8 | C48: Knee pipa PVC 3/4 inch | D48: pcs | F48: 9
B49: =B48+1 -> 9 | C49: Tee pipa PVC 3/4 inch | D49: pcs | F49: 3
B50: =B49+1 -> 10 | C50: Reducer pipa 3/4 inch ke 1/2 inch | D50: pcs | F50: 5
B51: =B50+1 -> 11 | C51: Gate valve pipa 1 inch | D51: pcs | F51: 2
B52: =B51+1 -> 12 | C52: Gate valve pipa 3/4 inch | D52: pcs | F52: 5
B53: =B52+1 -> 13 | C53: Pipa PPR PN 10 dia. 3/4 inch | D53: btg | F53: 15
... B58: =B57+1 -> 18 | C58: Gate valve pipa ppr 3/4 inch | D58: pcs | F58: 2
C60: LANTAI DASAR
B61: A | C61: Instalasi
B62: 1 | C62: Kabel NYY 4x10 mm | D62: m1 | F62: 10
B63: =B62+1 -> 2 | C63: Kabel NYM 3x2,5 mm 100m/roll | D63: roll | F63: 6
B64: =B63+1 -> 3 | C64: Kabel NYM 2x1,5 mm 100m/roll | D64: roll | F64: 3
B65: =B64+1 -> 4 | C65: Kabel NYM 3x4 mm 100m/roll | D65: roll | F65: 1
B66: =B65+1 -> 5 | C66: Pipa conduit | D66: btg | F66: 185
B67: =B66+1 -> 6 | C67: Klem pipa conduit | D67: pcs | F67: 95
B68: =B67+1 -> 7 | C68: Sok pipa conduit | D68: pcs | F68: 95
B69: =B68+1 -> 8 | C69: Terminal listrik/krustin 10 mm | D69: pack | F69: 2
B70: =B69+1 -> 9 | C70: Tdus cabang 3 | D70: pcs | F70: 115
B71: =B70+1 -> 10 | C71: Tdus cabang 4 | D71: pcs | F71: 40
B72: =B71+1 -> 11 | C72: Solasi listrik | D72: pcs | F72: 15
B73: =B72+1 -> 12 | C73: Box panel 50x40x20 cm | D73: unit | F73: 1
B74: =B73+1 -> 13 | C74: MCB 6A 1 phase | D74: unit | F74: 9
... B81: =B80+1 -> 20 | C81: Bracket MCB | D81: btg | F81: 1
B82: B | C82: Armature
B83: 1 | C83: Lampu downlight | D83: unit | F83: 54
B84: 2 | C84: Lampu Spotlight | D84: set | F84: 15
B85: 3 | C85: Lampu track lamp | D85: pcs | F85: 22
B86: 4 | C86: Rel lampu track 1m/btg | D86: btg | F86: 11
B87: =B86+1 -> 5 | C87: Hanging lamp | D87: set | F87: 12
B88: =B87+1 -> 6 | C88: LED Strip | D88: roll | F88: 6
B89: =B88+1 -> 7 | C89: Travo LED strip | D89: pcs | F89: 4
B90: =B89+1 -> 8 | C90: Stop kontak 2 gang | D90: unit | F90: 16
B91: =B90+1 -> 9 | C91: Saklar seri | D91: unit | F91: 13
B92: =B91+1 -> 10 | C92: Gas detector | D92: unit | F92: 2
B93: =B92+1 -> 11 | C93: Heat detector | D93: unit | F93: 1
B94: =B93+1 -> 12 | C94: Smoke detector | D94: unit | F94: 5
B95: C | C95: Plumbing
B96: 1 | C96: Pipa PVC AW dia. 3/4 inch | D96: btg | F96: 18
B97: =B96+1 -> 2 | C97: Pipa PVC AW dia. 1/2 inch | D97: btg | F97: 4
B98: =B97+1 -> 3 | C98: Pipa PVC D dia. 3 inch | D98: btg | F98: 17
B99: =B98+1 -> 4 | C99: Knee pipa PVC 3 inch | D99: pcs | F99: 30
B100: =B99+1 -> 5 | C100: Tee pipa PVC 3 inch | D100: pcs | F100: 14
B101: =B100+1 -> 6 | C101: Knee pipa PVC 3/4 inch | D101: pcs | F101: 5
B102: =B101+1 -> 7 | C102: Tee pipa PVC 3/4 inch | D102: pcs | F102: 3
B103: =B102+1 -> 8 | C103: Reducer pipa 3/4 inch ke 1/2 inch | D103: pcs | F103: 4
B104: =B103+1 -> 9 | C104: Gate valve pipa 3/4 inch | D104: pcs | F104: 3
B105: =B104+1 -> 10 | C105: Pipa PPR PN 10 dia. 3/4 inch | D105: btg | F105: 8
B106: =B105+1 -> 11 | C106: Pipa PPR PN 10 dia. 1/2 inch | D106: btg | F106: 2
B107: =B106+1 -> 12 | C107: Knee pipa PPR 3/4 inch | D107: pcs | F107: 5
B108: =B107+1 -> 13 | C108: Tee pipa PPR 3/4 inch | D108: pcs | F108: 2
... B110: =B109+1 -> 15 | C110: Gate valve pipa ppr 3/4 inch | D110: pcs | F110: 2
C112: LANTAI 1
B113: A | C113: Instalasi
B114: 1 | C114: Kabel NYY 4x16 mm | D114: roll | F114: 15
B115: =B114+1 -> 2 | C115: Kabel NYM 3x2,5 mm 100m/roll | D115: roll | F115: 7
B116: =B115+1 -> 3 | C116: Kabel NYM 2x1,5 mm 100m/roll | D116: roll | F116: 3
B117: =B116+1 -> 4 | C117: Kabel NYM 3x4 mm 100m/roll | D117: roll | F117: 1
B118: =B117+1 -> 5 | C118: Pipa conduit | D118: btg | F118: 230
B119: =B118+1 -> 6 | C119: Klem pipa conduit | D119: pcs | F119: 100
B120: =B119+1 -> 7 | C120: Sok pipa conduit | D120: pcs | F120: 100
B121: =B120+1 -> 8 | C121: Terminal listrik/krustin 10 mm | D121: pack | F121: 3
B122: =B121+1 -> 9 | C122: Tdus cabang 3 | D122: pcs | F122: 140
B123: =B122+1 -> 10 | C123: Tdus cabang 4 | D123: pcs | F123: 48
B124: =B123+1 -> 11 | C124: Solasi listrik | D124: pcs | F124: 20
B125: =B124+1 -> 12 | C125: Box panel 50x40x20 cm | D125: unit | F125: 1
...

Sheet ANALISA_BONGKAR DAN CLEANIN (2)
A13: Analisa Harga Satuan | G13: Lampiran-04
A14: Proyek : Pembangunan ASRAMA YAYASAN HASANAH KEBAJIKAN
A15: Lokasi : Bukit Cirendeu
A16: 1 | B16: m2 | C16: Membersihkan lapangan dan perataan
A18: Jenis Pekerjaan | D18: Harga satuan | E18: Upah | F18: Bahan | G18: Jumlah
A19: 0.1 | B19: org | C19: Pekerja | D19: 130000 | E19: =A19*D19 -> 13000 | F19: 0 | G19: =E19+F19 -> 13000
A20: 0.05 | B20: org | C20: Mandor | D20: 265000 | E20: =A20*D20 -> 13250 | F20: 0 | G20: =E20+F20 -> 13250
C21: JUMLAH ( BELUM PPN ) | E21: =SUM(E19:E20) -> 26250 | F21: 0 | G21: =SUM(G19:G20) -> 26250
C22: JASA 10 % | D22: 0.1 | E22: =E21*D22 -> 2625 | F22: =F21*D22 -> 0 | G22: =D22*G21 -> 2625
C23: JUMLAH | E23: =SUM(E21:E22) -> 28875 | F23: 0 | G23: =SUM(G21:G22) -> 28875
A25: 1 | B25: m3 | C25: Bongkaran Beton Bertulang
A27: Jenis Pekerjaan | D27: Harga satuan | E27: Upah | F27: Bahan | G27: Jumlah
A28: 6.667 | B28: org | C28: Pekerja | D28: 130000 | E28: =A28*D28 -> 866710 | F28: 0 | G28: =E28+F28 -> 866710
A29: 0.333 | B29: org | C29: Mandor | D29: 265000 | E29: =A29*D29 -> 88245 | F29: 0 | G29: =E29+F29 -> 88245
C30: JUMLAH ( BELUM PPN ) | E30: =SUM(E28:E29) -> 954955 | F30: 0 | G30: =SUM(G28:G29) -> 954955
C31: JASA 10 % | D31: 0.1 | E31: =E30*D31 -> 95495.5 | F31: =F30*D31 -> 0 | G31: =D31*G30 -> 95495.5
C32: JUMLAH | E32: =SUM(E30:E31) -> 1050450.5 | F32: 0 | G32: =SUM(G30:G31) -> 1050450.5 | R32: 19
R33: 12
A34: 1 | B34: m3 | C34: Bongkaran dinding tembok Bata Merah | R34: =R33*R32 -> 228
A36: Jenis Pekerjaan | D36: Harga satuan | E36: Upah | F36: Bahan | G36: Jumlah
A37: 6.667 | B37: org | C37: Pekerja | D37: 130000 | E37: =A37*D37 -> 866710 | F37: 0 | G37: =E37+F37 -> 866710
A38: 0.333 | B38: org | C38: Mandor | D38: 265000 | E38: =A38*D38 -> 88245 | F38: 0 | G38: =E38+F38 -> 88245
C39: JUMLAH ( BELUM PPN ) | E39: =SUM(E37:E38) -> 954955 | F39: 0 | G39: =SUM(G37:G38) -> 954955
C40: JASA 10 % | D40: 0.1 | E40: =E39*D40 -> 95495.5 | F40: =F39*D40 -> 0 | G40: =D40*G39 -> 95495.5
C41: JUMLAH | E41: =SUM(E39:E40) -> 1050450.5 | F41: 0 | G41: =SUM(G39:G40) -> 1050450.5
A43: 1 | B43: m2 | C43: Pagar Sementara dari seng Gelombang tinggi 2 m
A45: Jenis Pekerjaan | D45: Harga satuan | E45: Upah | F45: Bahan | G45: Jumlah
A46: 1.25 | B46: btng | C46: Dolken Kayu Diameter 8-10/400cm | D46: 40000 | E46: 0 | F46: =A46*D46 -> 50000 | G46: =E46+F46 -> 50000
A47: 2.5 | B47: Kg | C47: Semen Portland | D47: 1200 | E47: 0 | F47: =A47*D47 -> 3000 | G47: =E47+F47 -> 3000
A48: 0.005 | B48: m3 | C48: Pasir Beton | D48: 283333.33 | E48: 0 | F48: =A48*D48 -> 1416.6667 | G48: =E48+F48 -> 1416.6667
A49: 0.009 | B49: m3 | C49: Koral Beton | D49: 283333.33 | E49: 0 | F49: =A49*D49 -> 2550 | G49: =E49+F49 -> 2550
A50: 1.2 | B50: Lbr | C50: Seng Gelombang Bwg 32 | D50: 120000 | E50: 0 | F50: =A50*D50 -> 144000 | G50: =E50+F50 -> 144000
A51: 0.06 | B51: Kg | C51: Paku Biasa 2"-5" | D51: 40000 | E51: 0 | F51: =A51*D51 -> 2400 | G51: =E51+F51 -> 2400
A52: 0.072 | B52: m3 | C52: Kayu 5/7 | D52: 1500000 | E52: 0 | F52: =A52*D52 -> 108000 | G52: =E52+F52 -> 108000
A53: 0.45 | B53: Liter | C53: Meni Besi | D53: 65000 | E53: 0 | F53: =A53*D53 -> 29250 | G53: =E53+F53 -> 29250
A54: 0.2 | B54: OH | C54: Pekerja | D54: 130000 | E54: =A54*D54 -> 26000 | F54: 0 | G54: =E54+F54 -> 26000
A55: 0.02 | B55: OH | C55: Kepala Tukang | D55: 250000 | E55: =A55*D55 -> 5000 | F55: 0 | G55: =E55+F55 -> 5000
A56: 0.02 | B56: OH | C56: Mandor | D56: 265000 | E56: =A56*D56 -> 5300 | F56: 0 | G56: =E56+F56 -> 5300
C57: JUMLAH ( BELUM PPN ) | E57: =SUM(E46:E56) -> 36300 | F57: =SUM(F46:F56) -> 340616.67 | G57: =SUM(G46:G56) -> 376916.67
C58: JASA 10 % | D58: 0.1 | E58: =E57*0.1 -> 3630 | F58: =F57*0.1 -> 34061.667 | G58: =D58*G57 -> 37691.667
C59: JUMLAH | E59: =SUM(E57:E58) -> 39930 | F59: =SUM(F46:F56) -> 340616.67 | G59: =SUM(G57:G58) -> 414608.33
A61: 1 | B61: m2 | C61: Kotakan Adukan
A63: Jenis Pekerjaan | D63: Harga satuan | E63: Upah | F63: Bahan | G63: Jumlah
A64: 0.036 | B64: m3 | C64: Kayu Papan Kelas II | D64: 4100000 | E64: 0 | F64: =A64*D64 -> 147600 | G64: =E64+F64 -> 147600
A65: 0.08 | B65: m3 | C65: Kayu Balok 5/7 Kelas III | D65: 1500000 | E65: 0 | F65: =A65*D65 -> 120000 | G65: =E65+F65 -> 120000
A66: 0.08 | B66: kg | C66: Paku Biasa | D66: 36000 | E66: 0 | F66: =A66*D66 -> 2880 | G66: =E66+F66 -> 2880
A67: 0.3 | B67: OH | C67: Pekerja | D67: 130000 | E67: =A67*D67 -> 39000 | F67: 0 | G67: =E67+F67 -> 39000
A68: 0.03 | B68: OH | C68: Kepala Tukang | D68: 250000 | E68: =A68*D68 -> 7500 | F68: 0 | G68: =E68+F68 -> 7500
C69: JUMLAH ( BELUM PPN ) | E69: =SUM(E64:E68) -> 46500 | F69: =SUM(F64:F68) -> 270480 | G69: =SUM(G64:G68) -> 316980
C70: JASA 10 % | D70: 0.1 | E70: =E69*0.1 -> 4650 | F70: =F69*0.1 -> 27048 | G70: =D70*G69 -> 31698
C71: JUMLAH | E71: =SUM(E69:E70) -> 51150 | F71: =SUM(F64:F68) -> 270480 | G71: =SUM(G69:G70) -> 348678
A73: 1 | B73: m2 | C73: Pembuatan Bedeng Buruh
A75: Jenis Pekerjaan | D75: Harga satuan | E75: Upah | F75: Bahan | G75: Jumlah
A76: 1.7 | B76: btng | C76: Dolken Kayu Diameter 8-10/400cm | D76: 40000 | E76: 0 | F76: =A76*D76 -> 68000 | G76: =E76+F76 -> 68000
A77: 0.21 | B77: m3 | C77: Kayu | D77: 4100000 | E77: 0 | F77: =A77*D77 -> 861000 | G77: =E77+F77 -> 861000
A78: 0.3 | B78: M' | C78: Kayu Biasa | D78: 1500000 | E78: 0 | F78: =A78*D78 -> 450000 | G78: =E78+F78 -> 450000
A79: 10.5 | B79: Kg | C79: Semen Portland | D79: 1200 | E79: 0 | F79: =A79*D79 -> 12600 | G79: =E79+F79 -> 12600
A80: 0.03 | B80: m3 | C80: Pasir Beton | D80: 283333.33 | E80: 0 | F80: =A80*D80 -> 8500 | G80: =E80+F80 -> 8500
A81: 0.05 | B81: m3 | C81: Koral Beton | D81: 187500 | E81: 0 | F81: =A81*D81 -> 9375 | G81: =E81+F81 -> 9375
A82: 1.5 | B82: Lbr | C82: Seng Gelombang Bwg 32 | D82: 120000 | E82: 0 | F82: =A82*D82 -> 180000 | G82: =E82+F82 -> 180000
A83: 1.5 | B83: Lbr | C83: Plywood 4 mm (kayu meranti) | D83: 53000 | E83: 0 | F83: =A83*D83 -> 79500 | G83: =E83+F83 -> 79500
A84: 2 | B84: org | C84: Tukang Kayu | D84: 150000 | E84: =A84*D84 -> 300000 | F84: 0 | G84: =E84+F84 -> 300000
A85: 1 | B85: org | C85: Pekerja | D85: 130000 | E85: =A85*D85 -> 130000 | F85: 0 | G85: =E85+F85 -> 130000
A86: 0.2 | B86: org | C86: Kepala Tukang | D86: 250000 | E86: =A86*D86 -> 50000 | F86: 0 | G86: =E86+F86 -> 50000
A87: 0.05 | B87: org | C87: Mandor | D87: 250000 | E87: =A87*D87 -> 12500 | F87: 0 | G87: =E87+F87 -> 12500
C88: JUMLAH ( BELUM PPN ) | E88: =SUM(E76:E87) -> 492500 | F88: =SUM(F76:F87) -> 1668975 | G88: =SUM(G76:G87) -> 2161475
C89: JASA 10 % | D89: 0.1 | E89: =E88*0.1 -> 49250 | F89: =F88*0.1 -> 166897.5 | G89: =D89*G88 -> 216147.5
C90: JUMLAH | E90: =SUM(E88:E89) -> 541750 | F90: =SUM(F76:F89) -> 3504847.5 | G90: =SUM(G88:G89) -> 2377622.5
A92: 1 | B92: m2 | C92: Pembuatan Gudang Sementara
A94: Jenis Pekerjaan | D94: Harga satuan | E94: Upah | F94: Bahan | G94: Jumlah
A95: 1.7 | B95: btng | C95: Dolken Kayu Diameter 8-10/400cm | D95: 40000 | E95: 0 | F95: =A95*D95 -> 68000 | G95: =E95+F95 -> 68000
A96: 0.21 | B96: m3 | C96: Kayu | D96: 4100000 | E96: 0 | F96: =A96*D96 -> 861000 | G96: =E96+F96 -> 861000
A97: 0.3 | B97: Kg | C97: Kayu Biasa | D97: 4100000 | E97: 0 | F97: =A97*D97 -> 1230000 | G97: =E97+F97 -> 1230000
A98: 0.3 | B98: Kg | C98: Semen Portland | D98: 1720 | E98: 0 | F98: =A98*D98 -> 516 | G98: =E98+F98 -> 516
A99: 0.03 | B99: m3 | C99: Pasir Beton | D99: 283333.33 | E99: 0 | F99: =A99*D99 -> 8500 | G99: =E99+F99 -> 8500
A100: 0.05 | B100: m3 | C100: Koral Beton | D100: 283333.33 | E100: 0 | F100: =A100*D100 -> 14166.667 | G100: =E100+F100 -> 14166.667
A101: 1.5 | B101: Lbr | C101: Seng Gelombang Bwg 32 | D101: 120000 | E101: 0 | F101: =A101*D101 -> 180000 | G101: =E101+F101 -> 180000
A102: 0.25 | B102: Lbr | C102: Seng Plat | D102: 25000 | E102: 0 | F102: =A102*D102 -> 6250 | G102: =E102+F102 -> 6250
A103: 2 | B103: org | C103: Tukang Kayu | D103: 200000 | E103: =A103*D103 -> 400000 | F103: 0 | G103: =E103+F103 -> 400000
A104: 1 | B104: org | C104: Pekerja | D104: 130000 | E104: =A104*D104 -> 130000 | F104: 0 | G104: =E104+F104 -> 130000
A105: 0.2 | B105: org | C105: Kepala Tukang | D105: 250000 | E105: =A105*D105 -> 50000 | F105: 0 | G105: =E105+F105 -> 50000
A106: 0.05 | B106: org | C106: Mandor | D106: 265000 | E106: =A106*D106 -> 13250 | F106: 0 | G106: =E106+F106 -> 13250
C107: JUMLAH ( BELUM PPN ) | E107: =SUM(E95:E106) -> 593250 | F107: =SUM(F95:F106) -> 2368432.7 | G107: =SUM(G95:G106) -> 2961682.7
C108: JASA 10 % | D108: 0.1 | E108: =E107*0.1 -> 59325 | F108: =F107*0.1 -> 236843.27 | G108: =D108*G107 -> 296168.27
C109: JUMLAH | E109: =SUM(E107:E108) -> 652575 | F109: =SUM(F107:F108) -> 2605275.9 | G109: =SUM(G107:G108) -> 3257850.9
A111: 1 | B111: m2 | C111: Pembuatan Gudang Sementara PERALATAN
A113: Jenis Pekerjaan | D113: Harga satuan | E113: Upah | F113: Bahan | G113: Jumlah
A114: 0.036 | B114: m3 | C114: Kayu Papan Kelas III | D114: 1000 | E114: 0 | F114: =A114*D114 -> 36 | G114: =E114+F114 -> 36
A115: 0.036 | B115: m3 | C115: Kayu Balok 5/7 kelas III | D115: 100000 | E115: 0 | F115: =A115*D115 -> 3600 | G115: =E115+F115 -> 3600
A116: 0.3 | B116: Kg | C116: Paku Biasa | D116: 10000 | E116: 0 | F116: =A116*D116 -> 3000 | G116: =E116+F116 -> 3000
A117: 2 | B117: org | C117: Tukang Kayu | D117: 130000 | E117: =A117*D117 -> 260000 | F117: 0 | G117: =E117+F117 -> 260000
A118: 0.2 | B118: org | C118: Kepala Tukang | D118: 250000 | E118: =A118*D118 -> 50000 | F118: 0 | G118: =E118+F118 -> 50000
A119: 0.05 | B119: org | C119: Mandor | D119: 265000 | E119: =A119*D119 -> 13250 | F119: 0 | G119: =E119+F119 -> 13250
C120: JUMLAH ( BELUM PPN ) | E120: =SUM(E114:E119) -> 323250 | F120: 0 | G120: =SUM(G114:G119) -> 329886
C121: JASA 10 % | D121: 0.1 | E121: =E120*0.1 -> 32325 | F121: =F120*0.1 -> 0 | G121: =D121*G120 -> 32988.6
C122: JUMLAH | E122: =SUM(E120:E121) -> 355575 | F122: =SUM(F114:F121) -> 6636 | G122: =SUM(G120:G121) -> 362874.6
A124: 1 | B124: m1 | C124: Pengukuran dan pemasangan bouwplank
A126: Jenis Pekerjaan | D126: Harga satuan | E126: Upah | F126: Bahan | G126: Jumlah
A127: 0.012 | B127: m3 | C127: Kayu meranti 5/7 | D127: 2600000 | E127: 0 | F127: =A127*D127 -> 31200 | G127: =F127+E127 -> 31200
A128: 0.02 | B128: kg | C128: Paku reng | D128: 8000 | E128: 0 | F128: =A128*D128 -> 160 | G128: =F128+E128 -> 160
...

Sheet Sheet2
B5: Vol | D5: Dimensi Ruangan | F5: Luas | G5: Keliling
B6: No | C6: Item | D6: P | E6: L | F6: M2 | G6: M'
B7: A | C7: Baseman
B8: 1 | C8: Plafond Expose, ex skimcoat finish | F8: ='6. Pekerjaan Plafond'!G32 -> 267.83
B9: 2 | C9: Pekerjaan Plafond Gypsum Area Koridor dan Lobby Lift | F9: 134.35
B10: B | C10: Lantai Dasar
B11: 1 | C11: VOYER ENTRANCE | D11: 4.43 | E11: 6.03 | F11: =D11*E11 -> 26.7129 | G11: =(D11*2)+(E11*2) -> 20.92
B12: =B11+1 -> 2 | C12: LIVING ROOM | D12: 11.2 | E12: 6 | F12: =D12*E12 -> 67.2 | G12: =(D12*2)+(E12*2) -> 34.4
B13: =B12+1 -> 3 | C13: TERRACE | D13: 6 | E13: 4.8 | F13: =D13*E13 -> 28.8 | G13: =(D13*2)+(E13*2) -> 21.6
B14: =B13+1 -> 4 | C14: TOILET | D14: =2.66-1.57 -> 1.09 | E14: 1.225 | F14: =D14*E14 -> 1.33525 | G14: =(D14*2)+(E14*2) -> 4.63
B15: =B14+1 -> 5 | C15: TOILET (wastafel) | D15: 1.255 | E15: 2.666 | F15: =D15*E15 -> 3.34583 | G15: =(D15*2)+(E15*2) -> 7.842
B16: =B15+1 -> 6 | C16: DINING ROOM | D16: 4.8 | E16: 8 | F16: =D16*E16 -> 38.4 | G16: =(D16*2)+(E16*2) -> 25.6
B17: =B16+1 -> 7 | C17: PANTRY | D17: 6.23 | E17: 2.442 | F17: =D17*E17 -> 15.21366 | G17: =(D17*2)+(E17*2) -> 17.344
B18: =B17+1 -> 8 | C18: STAIR AREA LV 1 | D18: 6.4 | E18: 8 | F18: =D18*E18 -> 51.2 | G18: =(D18*2)+(E18*2) -> 28.8
B19: =B18+1 -> 9 | C19: LOUNGE OUTDOOR LV 1 | D19: 8.2 | E19: 5.6 | F19: =D19*E19 -> 45.92 | G19: =(D19*2)+(E19*2) -> 27.6
B20: C | C20: Lantai 1
B21: 1 | C21: PLAN BEDROOM 1 LV.2 | D21: 5.5 | E21: 8 | F21: =D21*E21 -> 44 | G21: =(D21*2)+(E21*2) -> 27
B22: =B21+1 -> 2 | C22: PLAN BEDROOM 2 LV.2 | D22: 5.5 | E22: 8 | F22: =D22*E22 -> 44 | G22: =(D22*2)+(E22*2) -> 27
B23: =B22+1 -> 3 | C23: Guest Bedroom LV2 | F23: =4.3+1.6+0.9 -> 6.8
B24: =B23+1 -> 4 | C24: MASTER BEDROOM LV.2 | F24: 14
B25: =B24+1 -> 5 | C25: Corridor LV2 | F25: 38.8
B26: D | C26: Lantai 2
B27: 1 | C27: Gym | F27: 42.8
B28: =B27+1 -> 2 | C28: Billiard | F28: 24.14
B29: =B28+1 -> 3 | C29: Home Office & Fowder room | F29: =62.67-42.8 -> 19.87
B30: =B29+1 -> 4 | C30: Stair Area | F30: 11.62

Sheet ANALISA_Plambing
A15: 1 | B15: bh | C15: Memasang kloset duduk/monoblock
A17: Jenis Pekerjaan | D17: Harga satuan | E17: Upah | F17: Bahan | G17: Jumlah
A18: 1 | B18: bh | C18: Kloset duduk / monoblock | D18: 2000000 | E18: 0 | F18: =A18*D18 -> 2000000 | G18: =E18+F18 -> 2000000
A19: 0.06 | B19: x | C19: Harga kloset (Perlengkapan) | D19: =D18 -> 2000000 | E19: 0 | F19: =A19*D19 -> 120000 | G19: =E19+F19 -> 120000
A20: 3.3 | B20: org | C20: Pekerja | D20: =D310 -> 130000 | E20: =A20*D20 -> 429000 | F20: 0 | G20: =E20+F20 -> 429000
A21: 1.1 | B21: org | C21: Tukang batu | D21: =D311 -> 180000 | E21: =A21*D21 -> 198000 | F21: 0 | G21: =E21+F21 -> 198000
A22: 0.16 | B22: org | C22: Mandor | D22: =D312 -> 260000 | E22: =A22*D22 -> 41600 | F22: 0 | G22: =E22+F22 -> 41600
C23: JUMLAH ( BELUM PPN ) | E23: =SUM(E18:E22) -> 668600 | F23: =SUM(F18:F22) -> 2120000 | G23: =SUM(G18:G22) -> 2788600
C24: JASA 35 % | D24: 0.35 | E24: =E23*D24 -> 234010 | F24: =F23*D24 -> 742000 | G24: =G23*D24 -> 976010
C25: JUMLAH | E25: =SUM(E23:E24) -> 902610 | F25: =SUM(F23:F24) -> 2862000 | G25: =SUM(G23:G24) -> 3764610
A27: 1 | B27: bh | C27: Memasang bak kontrol pas. bata (60 x 60) cm, tingg 65 cm
A29: Jenis Pekerjaan | D29: Harga satuan | E29: Upah | F29: Bahan | G29: Jumlah
A30: 222 | B30: bh | C30: Batu bata | D30: 600 | E30: 0 | F30: =A30*D30 -> 133200 | G30: =E30+F30 -> 133200
A31: 114 | B31: kg | C31: PC | D31: 1260 | E31: 0 | F31: =A31*D31 -> 143640 | G31: =E31+F31 -> 143640
A32: 0.184 | B32: m3 | C32: Pasir pasang | D32: 250000 | E32: 0 | F32: =A32*D32 -> 46000 | G32: =E32+F32 -> 46000
A33: 0.033 | B33: m3 | C33: Batu kerikil | D33: 78650 | E33: 0 | F33: =A33*D33 -> 2595.45 | G33: =E33+F33 -> 2595.45
A34: 4.85 | B34: kg | C34: Besi beton | D34: 8000 | E34: 0 | F34: =A34*D34 -> 38800 | G34: =E34+F34 -> 38800
A35: 0.12 | B35: m3 | C35: Pasir beton | D35: 250000 | E35: 0 | F35: =A35*D35 -> 30000 | G35: =E35+F35 -> 30000
A36: 2.16 | B36: org | C36: Pekerja | D36: =D310 -> 130000 | E36: =A36*D36 -> 280800 | F36: 0 | G36: =E36+F36 -> 280800
A37: 0.72 | B37: org | C37: Tukang batu | D37: =D311 -> 180000 | E37: =A37*D37 -> 129600 | F37: 0 | G37: =E37+F37 -> 129600
A38: 0.1 | B38: org | C38: Mandor | D38: =D312 -> 260000 | E38: =A38*D38 -> 26000 | F38: 0 | G38: =E38+F38 -> 26000
C39: JUMLAH ( BELUM PPN ) | E39: =SUM(E30:E38) -> 436400 | F39: =SUM(F30:F38) -> 394235.45 | G39: =SUM(G30:G38) -> 830635.45
C40: JASA 35 % | D40: 0.35 | E40: =E39*D40 -> 152740 | F40: =F39*D40 -> 137982.41 | G40: =G39*D40 -> 290722.41
C41: JUMLAH | E41: =SUM(E39:E40) -> 589140 | F41: =SUM(F39:F40) -> 532217.86 | G41: =SUM(G39:G40) -> 1121357.9
A43: 1 | B43: Btg | C43: Memasang pipa PVC tipe AW diameter 1/2"
A45: Jenis Pekerjaan | D45: Harga satuan | E45: Upah | F45: Bahan | G45: Jumlah
A46: 1.2 | B46: m1 | C46: pipa PVC tipe AW diameter 1/2" | D46: =26000 -> 26000 | E46: 0 | F46: =A46*D46 -> 31200 | G46: =E46+F46 -> 31200
A47: 0.35 | B47: x | C47: Harga pipa (Perlengkapan) | D47: =D46 -> 26000 | E47: 0 | F47: =A47*D47 -> 9100 | G47: =E47+F47 -> 9100
A48: =1.5*0.036 -> 0.054 | B48: org | C48: Pekerja | D48: =D310 -> 130000 | E48: =A48*D48 -> 7020 | F48: 0 | G48: =E48+F48 -> 7020
A49: =2*0.06 -> 0.12 | B49: org | C49: Tukang batu | D49: =D311 -> 180000 | E49: =A49*D49 -> 21600 | F49: 0 | G49: =E49+F49 -> 21600
A50: =2*0.0018 -> 0.0036 | B50: org | C50: Mandor | D50: =D312 -> 260000 | E50: =A50*D50 -> 936 | F50: 0 | G50: =E50+F50 -> 936
C51: JUMLAH ( BELUM PPN ) | E51: =SUM(E46:E50) -> 29556 | F51: =SUM(F46:F50) -> 40300 | G51: =SUM(G46:G50) -> 69856
C52: JASA 35 % | D52: 0.35 | E52: =E51*D52 -> 10344.6 | F52: =F51*D52 -> 14105 | G52: =G51*D52 -> 24449.6
C53: JUMLAH | E53: =SUM(E51:E52) -> 39900.6 | F53: =SUM(F51:F52) -> 54405 | G53: =SUM(G51:G52) -> 94305.6
A55: 1 | B55: Btg | C55: Memasang pipa PVC tipe AW diameter 3/4"
A57: Jenis Pekerjaan | D57: Harga satuan | E57: Upah | F57: Bahan | G57: Jumlah
A58: 1 | B58: btg | C58: pipa PVC tipe AW diameter 3/4" | D58: =39300 -> 39300 | E58: 0 | F58: =A58*D58 -> 39300 | G58: =E58+F58 -> 39300
A59: 0.35 | B59: x | C59: Harga pipa (Perlengkapan) | D59: =D58 -> 39300 | E59: 0 | F59: =A59*D59 -> 13755 | G59: =E59+F59 -> 13755
A60: =3*0.036 -> 0.108 | B60: org | C60: Pekerja | D60: =D310 -> 130000 | E60: =A60*D60 -> 14040 | F60: 0 | G60: =E60+F60 -> 14040
A61: =3*0.06 -> 0.18 | B61: org | C61: Tukang batu | D61: =D311 -> 180000 | E61: =A61*D61 -> 32400 | F61: 0 | G61: =E61+F61 -> 32400
A62: =3*0.0018 -> 0.0054 | B62: org | C62: Mandor | D62: =D312 -> 260000 | E62: =A62*D62 -> 1404 | F62: 0 | G62: =E62+F62 -> 1404
C63: JUMLAH ( BELUM PPN ) | E63: =SUM(E58:E62) -> 47844 | F63: =SUM(F58:F62) -> 53055 | G63: =SUM(G58:G62) -> 100899
C64: Keuntungan 10 % | D64: 0.35 | E64: =E63*D64 -> 16745.4 | F64: =F63*D64 -> 18569.25 | G64: =G63*D64 -> 35314.65
C65: JUMLAH | E65: =SUM(E63:E64) -> 64589.4 | F65: =SUM(F63:F64) -> 71624.25 | G65: =SUM(G63:G64) -> 136213.65
A67: 1 | B67: btg | C67: Memasang pipa PVC tipe AW diameter 1"
A69: Jenis Pekerjaan | D69: Harga satuan | E69: Upah | F69: Bahan | G69: Jumlah
A70: 1 | B70: btg | C70: pipa PVC tipe AW diameter 1" | D70: =49700 -> 49700 | E70: 0 | F70: =A70*D70 -> 49700 | G70: =E70+F70 -> 49700
A71: 0.35 | B71: x | C71: Harga pipa (Perlengkapan) | D71: =D70 -> 49700 | E71: 0 | F71: =A71*D71 -> 17395 | G71: =E71+F71 -> 17395
A72: =4*0.036 -> 0.144 | B72: org | C72: Pekerja | D72: =D310 -> 130000 | E72: =A72*D72 -> 18720 | F72: 0 | G72: =E72+F72 -> 18720
A73: =4*0.06 -> 0.24 | B73: org | C73: Tukang batu | D73: =D311 -> 180000 | E73: =A73*D73 -> 43200 | F73: 0 | G73: =E73+F73 -> 43200
A74: =4*0.0018 -> 0.0072 | B74: org | C74: Mandor | D74: =D312 -> 260000 | E74: =A74*D74 -> 1872 | F74: 0 | G74: =E74+F74 -> 1872
C75: JUMLAH ( BELUM PPN ) | E75: =SUM(E70:E74) -> 63792 | F75: =SUM(F70:F74) -> 67095 | G75: =SUM(G70:G74) -> 130887
C76: JASA 35 % | D76: 0.35 | E76: =E75*D76 -> 22327.2 | F76: =F75*D76 -> 23483.25 | G76: =G75*D76 -> 45810.45
C77: JUMLAH | E77: =SUM(E75:E76) -> 86119.2 | F77: =SUM(F75:F76) -> 90578.25 | G77: =SUM(G75:G76) -> 176697.45
A80: 1 | B80: m1 | C80: Memasang pipa PVC tipe AW diameter 1 1/4"
A82: Jenis Pekerjaan | D82: Harga satuan | E82: Upah | F82: Bahan | G82: Jumlah
A83: 1.2 | B83: m1 | C83: pipa PVC tipe AW diameter 1" | D83: =74200/4 -> 18550 | E83: 0 | F83: =A83*D83 -> 22260 | G83: =E83+F83 -> 22260
A84: 0.35 | B84: x | C84: Harga pipa (Perlengkapan) | D84: =D83 -> 18550 | E84: 0 | F84: =A84*D84 -> 6492.5 | G84: =E84+F84 -> 6492.5
A85: 0.036 | B85: org | C85: Pekerja | D85: =D310 -> 130000 | E85: =A85*D85 -> 4680 | F85: 0 | G85: =E85+F85 -> 4680
A86: 0.06 | B86: org | C86: Tukang batu | D86: =D311 -> 180000 | E86: =A86*D86 -> 10800 | F86: 0 | G86: =E86+F86 -> 10800
A87: 0.0018 | B87: org | C87: Mandor | D87: =D312 -> 260000 | E87: =A87*D87 -> 468 | F87: 0 | G87: =E87+F87 -> 468
C88: JUMLAH ( BELUM PPN ) | E88: =SUM(E83:E87) -> 15948 | F88: =SUM(F83:F87) -> 28752.5 | G88: =SUM(G83:G87) -> 44700.5
C89: JASA 35 % | D89: 0.35 | E89: =E88*D89 -> 5581.8 | F89: =F88*D89 -> 10063.375 | G89: =G88*D89 -> 15645.175
C90: JUMLAH | E90: =SUM(E88:E89) -> 21529.8 | F90: =SUM(F88:F89) -> 38815.875 | G90: =SUM(G88:G89) -> 60345.675
A92: 1 | B92: m1 | C92: Memasang pipa PVC tipe AW diameter 1 1/2"
A94: Jenis Pekerjaan | D94: Harga satuan | E94: Upah | F94: Bahan | G94: Jumlah
A95: 1.2 | B95: m1 | C95: pipa PVC tipe AW diameter 1" | D95: =85200/4 -> 21300 | E95: 0 | F95: =A95*D95 -> 25560 | G95: =E95+F95 -> 25560
A96: 0.35 | B96: x | C96: Harga pipa (Perlengkapan) | D96: =D95 -> 21300 | E96: 0 | F96: =A96*D96 -> 7455 | G96: =E96+F96 -> 7455
A97: 0.036 | B97: org | C97: Pekerja | D97: =D310 -> 130000 | E97: =A97*D97 -> 4680 | F97: 0 | G97: =E97+F97 -> 4680
A98: 0.06 | B98: org | C98: Tukang batu | D98: =D311 -> 180000 | E98: =A98*D98 -> 10800 | F98: 0 | G98: =E98+F98 -> 10800
A99: 0.0018 | B99: org | C99: Mandor | D99: =D312 -> 260000 | E99: =A99*D99 -> 468 | F99: 0 | G99: =E99+F99 -> 468
C100: JUMLAH ( BELUM PPN ) | E100: =SUM(E95:E99) -> 15948 | F100: =SUM(F95:F99) -> 33015 | G100: =SUM(G95:G99) -> 48963
C101: JASA 35 % | D101: 0.35 | E101: =E100*D101 -> 5581.8 | F101: =F100*D101 -> 11555.25 | G101: =G100*D101 -> 17137.05
C102: JUMLAH | E102: =SUM(E100:E101) -> 21529.8 | F102: =SUM(F100:F101) -> 44570.25 | G102: =SUM(G100:G101) -> 66100.05
A104: 1 | B104: m1 | C104: Memasang pipa PVC tipe AW diameter 2"
A106: Jenis Pekerjaan | D106: Harga satuan | E106: Upah | F106: Bahan | G106: Jumlah
A107: 1.2 | B107: m1 | C107: pipa PVC tipe AW diameter 2" | D107: =108500/4 -> 27125 | E107: 0 | F107: =A107*D107 -> 32550 | G107: =E107+F107 -> 32550
A108: 0.35 | B108: x | C108: Harga pipa (Perlengkapan) | D108: =D107 -> 27125 | E108: 0 | F108: =A108*D108 -> 9493.75 | G108: =E108+F108 -> 9493.75
A109: 0.0544 | B109: org | C109: Pekerja | D109: =D310 -> 130000 | E109: =A109*D109 -> 7072 | F109: 0 | G109: =E109+F109 -> 7072
A110: 0.09 | B110: org | C110: Tukang batu | D110: =D311 -> 180000 | E110: =A110*D110 -> 16200 | F110: 0 | G110: =E110+F110 -> 16200
A111: 0.0027 | B111: org | C111: Mandor | D111: =D312 -> 260000 | E111: =A111*D111 -> 702 | F111: 0 | G111: =E111+F111 -> 702
C112: JUMLAH ( BELUM PPN ) | E112: =SUM(E107:E111) -> 23974 | F112: =SUM(F107:F111) -> 42043.75 | G112: =SUM(G107:G111) -> 66017.75
C113: JASA 35 % | D113: 0.35 | E113: =E112*D113 -> 8390.9 | F113: =F112*D113 -> 14715.312 | G113: =G112*D113 -> 23106.212
C114: JUMLAH | E114: =SUM(E112:E113) -> 32364.9 | F114: =SUM(F112:F113) -> 56759.062 | G114: =SUM(G112:G113) -> 89123.962
A117: 1 | B117: m1 | C117: Memasang pipa PVC tipe AW diameter 2 1/2"
A119: Jenis Pekerjaan | D119: Harga satuan | E119: Upah | F119: Bahan | G119: Jumlah
A120: 1.2 | B120: m1 | C120: pipa PVC tipe AW diameter 2" | D120: =158700/4 -> 39675 | E120: 0 | F120: =A120*D120 -> 47610 | G120: =E120+F120 -> 47610
A121: 0.35 | B121: x | C121: Harga pipa (Perlengkapan) | D121: =D120 -> 39675 | E121: 0 | F121: =A121*D121 -> 13886.25 | G121: =E121+F121 -> 13886.25
A122: 0.0544 | B122: org | C122: Pekerja | D122: =D310 -> 130000 | E122: =A122*D122 -> 7072 | F122: 0 | G122: =E122+F122 -> 7072
A123: 0.09 | B123: org | C123: Tukang batu | D123: =D311 -> 180000 | E123: =A123*D123 -> 16200 | F123: 0 | G123: =E123+F123 -> 16200
A124: 0.0027 | B124: org | C124: Mandor | D124: =D312 -> 260000 | E124: =A124*D124 -> 702 | F124: 0 | G124: =E124+F124 -> 702
C125: JUMLAH ( BELUM PPN ) | E125: =SUM(E120:E124) -> 23974 | F125: =SUM(F120:F124) -> 61496.25 | G125: =SUM(G120:G124) -> 85470.25
C126: JASA 35 % | D126: 0.35 | E126: =E125*D126 -> 8390.9 | F126: =F125*D126 -> 21523.688 | G126: =G125*D126 -> 29914.587
C127: JUMLAH | E127: =SUM(E125:E126) -> 32364.9 | F127: =SUM(F125:F126) -> 83019.938 | G127: =SUM(G125:G126) -> 115384.84
A129: 1 | B129: btg | C129: Memasang pipa PVC tipe AW diameter 3"
A131: Jenis Pekerjaan | D131: Harga satuan | E131: Upah | F131: Bahan | G131: Jumlah
A132: 1 | B132: btg | C132: pipa PVC tipe AW diameter 3" | D132: =223500 -> 223500 | E132: 0 | F132: =A132*D132 -> 223500 | G132: =E132+F132 -> 223500
A133: 0.35 | B133: x | C133: Harga pipa (Perlengkapan) | D133: =D132 -> 223500 | E133: 0 | F133: =A133*D133 -> 78225 | G133: =E133+F133 -> 78225
A134: =4*0.081 -> 0.324 | B134: org | C134: Pekerja | D134: =D310 -> 130000 | E134: =A134*D134 -> 42120 | F134: 0 | G134: =E134+F134 -> 42120
A135: =4*0.135 -> 0.54 | B135: org | C135: Tukang batu | D135: =D311 -> 180000 | E135: =A135*D135 -> 97200 | F135: 0 | G135: =E135+F135 -> 97200
...

Sheet ANALISA_LANTAI
A1: 1 | B1: m3 | C1: Cipping Beton Bertulang & Perapihan
A3: Jenis Pekerjaan | D3: Harga satuan | E3: Upah | F3: Bahan | G3: Jumlah
A4: 6.667 | B4: org | C4: Pekerja | D4: 130000 | E4: =A4*D4 -> 866710 | F4: 0 | G4: =E4+F4 -> 866710
A5: 0.333 | B5: org | C5: Mandor | D5: 200000 | E5: =A5*D5 -> 66600 | F5: 0 | G5: =E5+F5 -> 66600
C6: JUMLAH ( BELUM PPN ) | E6: =SUM(E4:E5) -> 933310 | F6: 0 | G6: =SUM(G4:G5) -> 933310 | I6: =0.02*10*5 -> 1
C7: Keuntungan 15 % | D7: 0.15 | E7: =E6*D7 -> 139996.5 | F7: =F6*D7 -> 0 | G7: =D7*G6 -> 139996.5
C8: JUMLAH | E8: =SUM(E6:E7) -> 1073306.5 | F8: 0 | G8: =SUM(G6:G7) -> 1073306.5 | R8: 19
C9: Harga untuk permeter | E9: =E8/50 -> 21466.13 | F9: 0 | G9: =G8/50 -> 21466.13 | R9: 19
A12: 1 | B12: m2 | C12: Pasang Granite 60x60
A14: Jenis Pekerjaan | D14: Harga satuan | E14: Upah | F14: Bahan | G14: Jumlah
A15: 1 | B15: m2 | C15: Granite uk. 60x60 | D15: 300000 | E15: 0 | F15: =A15*D15 -> 300000 | G15: =E15+F15 -> 300000
A16: 4.08 | B16: kg | C16: PC | D16: 1700 | E16: 0 | F16: =A16*D16 -> 6936 | G16: =E16+F16 -> 6936
A17: 0.009 | B17: m3 | C17: Pasir pasang | D17: 345000 | E17: 0 | F17: =A17*D17 -> 3105 | G17: =E17+F17 -> 3105
A18: 0.6 | B18: kg | C18: Semen putih | D18: =55000/40 -> 1375 | E18: 0 | F18: =A18*D18 -> 825 | G18: =E18+F18 -> 825
A19: 0.25 | B19: org | C19: Pekerja | D19: 130000 | E19: =A19*D19 -> 32500 | F19: 0 | G19: =E19+F19 -> 32500
A20: 0.5 | B20: org | C20: Tukang batu | D20: 180000 | E20: =A20*D20 -> 90000 | F20: 0 | G20: =E20+F20 -> 90000
A21: 0.0125 | B21: org | C21: Mandor | D21: 250000 | E21: =A21*D21 -> 3125 | F21: 0 | G21: =E21+F21 -> 3125
C22: JUMLAH ( BELUM PPN ) | E22: =SUM(E15:E21) -> 125625 | F22: =SUM(F15:F21) -> 310866 | G22: =SUM(G15:G21) -> 436491
C23: Keuntungan 15 % | D23: 0.15 | E23: =E22*D23 -> 18843.75 | F23: =F22*D23 -> 46629.9 | G23: =D23*G22 -> 65473.65
C24: JUMLAH | E24: =SUM(E22:E23) -> 144468.75 | F24: =SUM(F22:F23) -> 357495.9 | G24: =SUM(G22:G23) -> 501964.65
A26: 1 | B26: m2 | C26: Acian Lantai (Finishing Skeamcoat)
A28: Jenis Pekerjaan | D28: Harga satuan | E28: Upah | F28: Bahan | G28: Jumlah
A29: 3.5 | B29: kg | C29: PC | D29: =113000/50 -> 2260 | E29: 0 | F29: =A29*D29 -> 7910 | G29: =E29+F29 -> 7910
A30: 1 | B30: Ls | C30: Alat Bantu | D30: 800 | E30: 0 | F30: =A30*D30 -> 800 | G30: =E30+F30 -> 800
A31: 0.07 | B31: org | C31: Pekerja | D31: 130000 | E31: =A31*D31 -> 9100 | F31: 0 | G31: =E31+F31 -> 9100
A32: 0.033 | B32: org | C32: Tukang batu | D32: 200000 | E32: =A32*D32 -> 6600 | F32: 0 | G32: =E32+F32 -> 6600
A33: 0.0035 | B33: org | C33: Mandor | D33: 250000 | E33: =A33*D33 -> 875 | F33: 0 | G33: =E33+F33 -> 875
C34: JUMLAH ( BELUM PPN ) | E34: =SUM(E29:E33) -> 16575 | F34: =SUM(F29:F33) -> 8710 | G34: =SUM(G29:G33) -> 25285
C35: Keuntungan 15 % | D35: 0.15 | E35: =E34*D35 -> 2486.25 | F35: =F34*D35 -> 1306.5 | G35: =D35*G34 -> 3792.75
C36: JUMLAH | E36: =SUM(E34:E35) -> 19061.25 | F36: =SUM(F34:F35) -> 10016.5 | G36: =SUM(G34:G35) -> 29077.75

Sheet ANALISA_KOLAM RENANG
A1: 1 | B1: m3 | C1: Cipping Beton Bertulang & Perapihan
A3: Jenis Pekerjaan | D3: Harga satuan | E3: Upah | F3: Bahan | G3: Jumlah
A4: 6.667 | B4: org | C4: Pekerja | D4: 130000 | E4: =A4*D4 -> 866710 | F4: 0 | G4: =E4+F4 -> 866710
A5: 0.333 | B5: org | C5: Mandor | D5: 200000 | E5: =A5*D5 -> 66600 | F5: 0 | G5: =E5+F5 -> 66600
C6: JUMLAH ( BELUM PPN ) | E6: =SUM(E4:E5) -> 933310 | F6: 0 | G6: =SUM(G4:G5) -> 933310 | I6: =0.02*10*5 -> 1
C7: Keuntungan 10 % | D7: 0.15 | E7: =E6*D7 -> 139996.5 | F7: =F6*D7 -> 0 | G7: =D7*G6 -> 139996.5
C8: JUMLAH | E8: =SUM(E6:E7) -> 1073306.5 | F8: 0 | G8: =SUM(G6:G7) -> 1073306.5 | R8: 19
C9: Harga untuk permeter | E9: =E8/50 -> 21466.13 | F9: 0 | G9: =G8/50 -> 21466.13 | R9: 19
A12: 1 | B12: m2 | C12: Pasang Batualam
A14: Jenis Pekerjaan | D14: Harga satuan | E14: Upah | F14: Bahan | G14: Jumlah
A15: 1 | B15: m2 | C15: Granite uk. 60x60 | D15: 350000 | E15: 0 | F15: =A15*D15 -> 350000 | G15: =E15+F15 -> 350000
A16: 4.08 | B16: kg | C16: PC | D16: 1700 | E16: 0 | F16: =A16*D16 -> 6936 | G16: =E16+F16 -> 6936
A17: 0.009 | B17: m3 | C17: Pasir pasang | D17: 345000 | E17: 0 | F17: =A17*D17 -> 3105 | G17: =E17+F17 -> 3105
A18: 0.6 | B18: kg | C18: Semen putih | D18: =55000/40 -> 1375 | E18: 0 | F18: =A18*D18 -> 825 | G18: =E18+F18 -> 825
A19: 0.25 | B19: org | C19: Pekerja | D19: 130000 | E19: =A19*D19 -> 32500 | F19: 0 | G19: =E19+F19 -> 32500
A20: 0.5 | B20: org | C20: Tukang batu | D20: 180000 | E20: =A20*D20 -> 90000 | F20: 0 | G20: =E20+F20 -> 90000
A21: 0.0125 | B21: org | C21: Mandor | D21: 250000 | E21: =A21*D21 -> 3125 | F21: 0 | G21: =E21+F21 -> 3125
C22: JUMLAH ( BELUM PPN ) | E22: =SUM(E15:E21) -> 125625 | F22: =SUM(F15:F21) -> 360866 | G22: =SUM(G15:G21) -> 486491
C23: Keuntungan 10 % | D23: 0.15 | E23: =E22*D23 -> 18843.75 | F23: =F22*D23 -> 54129.9 | G23: =D23*G22 -> 72973.65
C24: JUMLAH | E24: =SUM(E22:E23) -> 144468.75 | F24: =SUM(F22:F23) -> 414995.9 | G24: =SUM(G22:G23) -> 559464.65
A26: 1 | B26: m2 | C26: Acian Lantai (Finishing Skeamcoat)
A28: Jenis Pekerjaan | D28: Harga satuan | E28: Upah | F28: Bahan | G28: Jumlah
A29: 3.5 | B29: kg | C29: PC | D29: =113000/50 -> 2260 | E29: 0 | F29: =A29*D29 -> 7910 | G29: =E29+F29 -> 7910
A30: 1 | B30: Ls | C30: Alat Bantu | D30: 800 | E30: 0 | F30: =A30*D30 -> 800 | G30: =E30+F30 -> 800
A31: 0.07 | B31: org | C31: Pekerja | D31: 130000 | E31: =A31*D31 -> 9100 | F31: 0 | G31: =E31+F31 -> 9100
A32: 0.033 | B32: org | C32: Tukang batu | D32: 200000 | E32: =A32*D32 -> 6600 | F32: 0 | G32: =E32+F32 -> 6600
A33: 0.0035 | B33: org | C33: Mandor | D33: 250000 | E33: =A33*D33 -> 875 | F33: 0 | G33: =E33+F33 -> 875
C34: JUMLAH ( BELUM PPN ) | E34: =SUM(E29:E33) -> 16575 | F34: =SUM(F29:F33) -> 8710 | G34: =SUM(G29:G33) -> 25285
C35: JASA 10 % | D35: 0.15 | E35: =E34*D35 -> 2486.25 | F35: =F34*D35 -> 1306.5 | G35: =D35*G34 -> 3792.75
C36: JUMLAH | E36: =SUM(E34:E35) -> 19061.25 | F36: =SUM(F34:F35) -> 10016.5 | G36: =SUM(G34:G35) -> 29077.75

Sheet ANALISA_DINDING
A14: 1 | B14: m2 | C14: Pasangan Dinding Bata Merah
A16: Jenis Pekerjaan | D16: Harga satuan | E16: Upah | F16: Bahan | G16: Jumlah
A17: 140 | B17: m2 | C17: Bata Merah | D17: 1100 | E17: 0 | F17: =A17*D17 -> 154000 | G17: =E17+F17 -> 154000
A18: 32.95 | B18: kg | C18: Semen Portan | D18: 1720 | E18: 0 | F18: =A18*D18 -> 56674 | G18: =E18+F18 -> 56674
A19: 0.091 | B19: m3 | C19: Pasir pasang | D19: 267000 | E19: 0 | F19: =A19*D19 -> 24297 | G19: =E19+F19 -> 24297
A20: 0.6 | B20: org | C20: Pekerja | D20: 130000 | E20: =A20*D20 -> 78000 | F20: 0 | G20: =E20+F20 -> 78000
A21: 0.2 | B21: org | C21: Tukang batu | D21: 200000 | E21: =A21*D21 -> 40000 | F21: 0 | G21: =E21+F21 -> 40000
A22: 0.02 | B22: org | C22: Kepala Tukang | D22: 250000 | E22: =A22*D22 -> 5000 | F22: 0 | G22: =E22+F22 -> 5000
A23: 0.03 | B23: org | C23: Mandor | D23: 265000 | E23: =A23*D23 -> 7950 | F23: 0 | G23: =E23+F23 -> 7950
C24: JUMLAH ( BELUM PPN ) | E24: =SUM(E17:E23) -> 130950 | F24: =SUM(F17:F23) -> 234971 | G24: =SUM(G17:G23) -> 365921
C25: JASA 10 % | D25: 1.15 | E25: =E24*0.1 -> 13095 | F25: =F24*0.1 -> 23497.1 | G25: =D25*G24 -> 420809.15
C26: JUMLAH | E26: =SUM(E24:E25) -> 144045 | F26: =SUM(F24:F25) -> 258468.1 | G26: =SUM(G24:G25) -> 786730.15
A29: 1 | B29: m2 | C29: Pasangan bata Hebel HB/CB 20, Campuran Spesi 1PC:3PP
A31: Jenis Pekerjaan | D31: Harga satuan | E31: Upah | F31: Bahan | G31: Jumlah
A32: 9 | B32: bh | C32: Bata Hebbel Ukuran | D32: =700000/85 -> 8235.2941 | E32: 0 | F32: =A32*D32 -> 74117.647 | G32: =E32+F32 -> 74117.647
A33: =50/9 -> 5.5555556 | B33: kg | C33: Mu Perekat | D33: =114000/50 -> 2280 | E33: 0 | F33: =A33*D33 -> 12666.667 | G33: =E33+F33 -> 12666.667
A34: 1 | B34: Ls | C34: Alat Bantu | D34: 2000 | E34: 0 | F34: =A34*D34 -> 2000 | G34: =E34+F34 -> 2000
A35: 0.28 | B35: kg | C35: Besi Angkur D8 mm | D35: 8122.3629 | E35: 0 | F35: =A35*D35 -> 2274.2616 | G35: =E35+F35 -> 2274.2616
A36: 0.25 | B36: org | C36: Pekerja | D36: 130000 | E36: =A36*D36 -> 32500 | F36: 0 | G36: =E36+F36 -> 32500
A37: 0.15 | B37: org | C37: Tukang batu | D37: 200000 | E37: =A37*D37 -> 30000 | F37: 0 | G37: =E37+F37 -> 30000
A38: 0.018 | B38: org | C38: Mandor | D38: 265000 | E38: =A38*D38 -> 4770 | F38: 0 | G38: =E38+F38 -> 4770
A39: 1 | B39: Ls | C39: Alat Bantu | E39: 7000 | F39: =60000/4 -> 15000 | G39: =E39+F39 -> 22000
C40: JUMLAH ( BELUM PPN ) | E40: =SUM(E32:E39) -> 74270 | F40: =SUM(F32:F39) -> 106058.58 | G40: =SUM(G32:G39) -> 180328.58
C41: JASA 10 % | D41: 0.15 | E41: =E40*D41 -> 11140.5 | F41: =F40*D41 -> 15908.786 | G41: =D41*G40 -> 27049.286
C42: JUMLAH | E42: =SUM(E40:E41) -> 85410.5 | F42: =SUM(F40:F41) -> 121967.36 | G42: =SUM(G40:G41) -> 207377.86
A44: 1 | B44: m2 | C44: Plesteran 1 Pc : 3 Ps, tebal 15 mm
A46: Jenis Pekerjaan | D46: Harga satuan | E46: Upah | F46: Bahan | G46: Jumlah
A47: 7.776 | B47: kg | C47: PC | D47: 1700 | E47: 0 | F47: =A47*D47 -> 13219.2 | G47: =E47+F47 -> 13219.2
A48: 0.023 | B48: m3 | C48: Pasir pasang | D48: 342000 | E48: 0 | F48: =A48*D48 -> 7866 | G48: =E48+F48 -> 7866
A49: 0.2 | B49: org | C49: Pekerja | D49: 130000 | E49: =A49*D49 -> 26000 | F49: 0 | G49: =E49+F49 -> 26000
A50: 0.15 | B50: org | C50: Tukang batu | D50: 180000 | E50: =A50*D50 -> 27000 | F50: 0 | G50: =E50+F50 -> 27000
A51: 0.015 | B51: org | C51: Kepala Tukang | D51: 250000 | E51: =A51*D51 -> 3750 | F51: 0 | G51: =E51+F51 -> 3750
A52: 0.015 | B52: org | C52: Mandor | D52: 250000 | E52: =A52*D52 -> 3750 | F52: 0 | G52: =E52+F52 -> 3750
A53: 1 | B53: Ls | C53: Alat Bantu | E53: 3000 | F53: =60000/4 -> 15000 | G53: =E53+F53 -> 18000
C54: JUMLAH ( BELUM PPN ) | E54: =SUM(E47:E53) -> 63500 | F54: =SUM(F47:F53) -> 36085.2 | G54: =SUM(G47:G52) -> 81585.2
C55: JASA 10 % | D55: 0.15 | E55: =E54*D55 -> 9525 | F55: =F54*D55 -> 5412.78 | G55: =D55*G54 -> 12237.78
C56: JUMLAH | E56: =SUM(E54:E55) -> 73025 | F56: =SUM(F54:F55) -> 41497.98 | G56: =SUM(G54:G55) -> 93822.98
A58: 1 | B58: m1 | C58: Acian Dinding Bata
A60: Jenis Pekerjaan | D60: Harga satuan | E60: Upah | F60: Bahan | G60: Jumlah
A61: 0.5 | B61: kg | C61: PC | D61: 1700 | E61: 0 | F61: =A61*D61 -> 850 | G61: =E61+F61 -> 850
A62: 0.002 | B62: m3 | C62: Pasir pasang | D62: =D48 -> 342000 | E62: 0 | F62: =A62*D62 -> 684 | G62: =E62+F62 -> 684
A63: 0.057 | B63: org | C63: Pekerja | D63: 130000 | E63: =A63*D63 -> 7410 | F63: 0 | G63: =E63+F63 -> 7410
A64: 0.038 | B64: org | C64: Tukang batu | D64: =$D$50 -> 180000 | E64: =A64*D64 -> 6840 | F64: 0 | G64: =E64+F64 -> 6840
A65: 0.002 | B65: org | C65: Mandor | D65: 265000 | E65: =A65*D65 -> 530 | F65: 0 | G65: =E65+F65 -> 530
A66: 1 | B66: Ls | C66: Alat Bantu | E66: 7000 | F66: =60000/4 -> 15000 | G66: =E66+F66 -> 22000
C67: JUMLAH ( BELUM PPN ) | E67: =SUM(E61:E66) -> 21780 | F67: =SUM(F61:F66) -> 16534 | G67: =SUM(G61:G65) -> 16314
C68: JASA 10 % | D68: 0.15 | E68: =E67*D68 -> 3267 | F68: =F67*D68 -> 2480.1 | G68: =D68*G67 -> 2447.1
C69: JUMLAH | E69: =SUM(E67:E68) -> 25047 | F69: =SUM(F67:F68) -> 19014.1 | G69: =SUM(G67:G68) -> 18761.1
A71: 1 | B71: m2 | C71: Pasangan Keramik Dinding Uk. 20x60
A73: Jenis Pekerjaan | D73: Harga satuan | E73: Upah | F73: Bahan | G73: Jumlah
A74: 8 | B74: bh | C74: Keramik dinding uk. 20 x 60 | D74: =150000/8 -> 18750 | E74: 0 | F74: =A74*D74 -> 150000 | G74: =E74+F74 -> 150000 | H74: =1/(0.2*0.6) -> 8.3333333
A75: 9.8 | B75: Kg | C75: Semen Portland ( 50 kg ) | D75: 1700 | E75: 0 | F75: =A75*D75 -> 16660 | G75: =E75+F75 -> 16660
A76: 0.045 | B76: m3 | C76: Pasir Pasang | D76: =D62 -> 342000 | E76: 0 | F76: =A76*D76 -> 15390 | G76: =E76+F76 -> 15390
A77: 1.3 | B77: Kg | C77: Semen Warna | D77: =54000/50 -> 1080 | E77: 0 | F77: =A77*D77 -> 1404 | G77: =E77+F77 -> 1404
A78: 0.25 | B78: org | C78: Pekerja | D78: 130000 | E78: =A78*D78 -> 32500 | F78: 0 | G78: =E78+F78 -> 32500
A79: 0.125 | B79: org | C79: Tukang batu | D79: =$D$50 -> 180000 | E79: =A79*D79 -> 22500 | F79: 0 | G79: =E79+F79 -> 22500
A80: 0.013 | B80: org | C80: Kepala Tukang | D80: 200000 | E80: =A80*D80 -> 2600 | F80: 0 | G80: =E80+F80 -> 2600
A81: 0.013 | B81: org | C81: Mandor | D81: 265000 | E81: =A81*D81 -> 3445 | F81: 0 | G81: =E81+F81 -> 3445
C82: JUMLAH ( BELUM PPN ) | E82: =SUM(E74:E81) -> 61045 | F82: =SUM(F74:F81) -> 183454 | G82: =SUM(G74:G81) -> 244499
C83: JASA 10 % | D83: 0.15 | E83: =E82*D83 -> 9156.75 | F83: =F82*D83 -> 27518.1 | G83: =D83*G82 -> 36674.85
C84: JUMLAH | E84: =SUM(E82:E83) -> 70201.75 | F84: =SUM(F82:F83) -> 210972.1 | G84: =SUM(G82:G83) -> 281173.85
A86: 1 | B86: m2 | C86: Pasangan Batu Dinding
A88: Jenis Pekerjaan | D88: Harga satuan | E88: Upah | F88: Bahan | G88: Jumlah
A89: 8 | B89: bh | C89: Batu dinding | D89: =150000/8 -> 18750 | E89: 0 | F89: =A89*D89 -> 150000 | G89: =E89+F89 -> 150000 | H89: =1/(0.2*0.6) -> 8.3333333
A90: 9.8 | B90: Kg | C90: Semen Portland ( 50 kg ) | D90: =74000/50 -> 1480 | E90: 0 | F90: =A90*D90 -> 14504 | G90: =E90+F90 -> 14504
A91: 0.045 | B91: m3 | C91: Pasir Pasang | D91: =D77 -> 1080 | E91: 0 | F91: =A91*D91 -> 48.6 | G91: =E91+F91 -> 48.6
A92: 1.3 | B92: Kg | C92: Semen Warna | D92: =54000/50 -> 1080 | E92: 0 | F92: =A92*D92 -> 1404 | G92: =E92+F92 -> 1404
A93: 0.25 | B93: org | C93: Pekerja | D93: 130000 | E93: =A93*D93 -> 32500 | F93: 0 | G93: =E93+F93 -> 32500
A94: 0.125 | B94: org | C94: Tukang batu | D94: =$D$50 -> 180000 | E94: =A94*D94 -> 22500 | F94: 0 | G94: =E94+F94 -> 22500
A95: 0.013 | B95: org | C95: Kepala Tukang | D95: 200000 | E95: =A95*D95 -> 2600 | F95: 0 | G95: =E95+F95 -> 2600
A96: 0.013 | B96: org | C96: Mandor | D96: 265000 | E96: =A96*D96 -> 3445 | F96: 0 | G96: =E96+F96 -> 3445
C97: JUMLAH ( BELUM PPN ) | E97: =SUM(E89:E96) -> 61045 | F97: =SUM(F89:F96) -> 165956.6 | G97: =SUM(G89:G96) -> 227001.6
C98: JASA 10 % | D98: 0.15 | E98: =E97*D98 -> 9156.75 | F98: =F97*D98 -> 24893.49 | G98: =D98*G97 -> 34050.24
C99: JUMLAH | E99: =SUM(E97:E98) -> 70201.75 | F99: =SUM(F97:F98) -> 190850.09 | G99: =SUM(G97:G98) -> 261051.84
A101: 1 | B101: m2 | C101: Pengecatan tembok baru (Cat Dasar)
A103: Jenis Pekerjaan | D103: Harga satuan | E103: Upah | F103: Bahan | G103: Jumlah
A104: 0.3 | B104: kg | C104: Cat dasar | D104: =755000/20 -> 37750 | E104: 0 | F104: =A104*D104 -> 11325 | G104: =E104+F104 -> 11325
A105: 1 | B105: Ls | C105: Alat Bantu | D105: 800 | E105: 0 | F105: =A105*D105 -> 800 | G105: =E105+F105 -> 800
A106: 0.02 | B106: org | C106: Pekerja | D106: 130000 | E106: =A106*D106 -> 2600 | F106: 0 | G106: =E106+F106 -> 2600
A107: 0.063 | B107: org | C107: Tukang cat | D107: =$D$50 -> 180000 | E107: =A107*D107 -> 11340 | F107: 0 | G107: =E107+F107 -> 11340
A108: 0.0025 | B108: org | C108: Mandor | D108: 265000 | E108: =A108*D108 -> 662.5 | F108: 0 | G108: =E108+F108 -> 662.5
C109: JUMLAH ( BELUM PPN ) | E109: =SUM(E104:E108) -> 14602.5 | F109: =SUM(F104:F108) -> 12125 | G109: =SUM(G104:G108) -> 26727.5
C110: JASA 10 % | D110: 0.15 | E110: =E109*D110 -> 2190.375 | F110: =F109*D110 -> 1818.75 | G110: =G109*D110 -> 4009.125
C111: JUMLAH | E111: =SUM(E109:E110) -> 16792.875 | F111: =SUM(F109:F110) -> 13943.75 | G111: =SUM(G109:G110) -> 30736.625
A113: 1 | B113: m2 | C113: Pengecatan tembok baru (Cat Dasar)
A115: Jenis Pekerjaan | D115: Harga satuan | E115: Upah | F115: Bahan | G115: Jumlah
A116: 0.1 | B116: kg | C116: Cat dasar | D116: =2550000/20 -> 127500 | E116: 0 | F116: =A116*D116 -> 12750 | G116: =E116+F116 -> 12750
A117: 1 | B117: Ls | C117: Alat Bantu | D117: 800 | E117: 0 | F117: =A117*D117 -> 800 | G117: =E117+F117 -> 800
A118: 0.02 | B118: org | C118: Pekerja | D118: 130000 | E118: =A118*D118 -> 2600 | F118: 0 | G118: =E118+F118 -> 2600
A119: 0.063 | B119: org | C119: Tukang cat | D119: =$D$50 -> 180000 | E119: =A119*D119 -> 11340 | F119: 0 | G119: =E119+F119 -> 11340
A120: 0.0025 | B120: org | C120: Mandor | D120: 265000 | E120: =A120*D120 -> 662.5 | F120: 0 | G120: =E120+F120 -> 662.5
C121: JUMLAH ( BELUM PPN ) | E121: =SUM(E116:E120) -> 14602.5 | F121: =SUM(F116:F120) -> 13550 | G121: =SUM(G116:G120) -> 28152.5
C122: JASA 10 % | D122: 0.15 | E122: =E121*D122 -> 2190.375 | F122: =F121*D122 -> 2032.5 | G122: =G121*D122 -> 4222.875
C123: JUMLAH | E123: =SUM(E121:E122) -> 16792.875 | F123: =SUM(F121:F122) -> 15582.5 | G123: =SUM(G121:G122) -> 32375.375

Sheet ANALISA
K2: Harga 2023 | L2: bahan | M2: upah | N2: angkut | P2: jumlah asesoris pintu masih kurang, ikuti volume diamond
A3: 1 | C3: Pasang Bata Ringan / m2 | P3: harga keramik belum update
C4: Celcon t=7.5 cm | F4: m3 | G4: 0.075 | H4: 985000 | I4: =G4*H4 -> 73875
C5: Kolom praktis canal c | F5: m' | G5: 0.38 | H5: 49666.667 | I5: =G5*H5 -> 18873.333 | L5: =30000/3 -> 10000 | M5: 39000 | N5: =1000000/1500 -> 666.66667 | O5: =SUM(L5:N5) -> 49666.667
C6: MU 380 | F6: zak | G6: 0.11 | H6: 135000 | I6: =G6*H6 -> 14850
C7: Upah pasang | F7: m2 | G7: 1 | H7: 55000 | I7: =G7*H7 -> 55000
C8: Alat bantu | F8: ls | G8: 1 | H8: 250 | I8: =G8*H8 -> 250
I9: =SUM(I4:I8) -> 162848.33
I10: =INT(I9/1000*1000) -> 162848
A11: =A1+1 -> 1 | C11: Plesteran adukan instant / m2
C12: MU 301 | F12: zak | G12: 0.65 | H12: 135000 | I12: =G12*H12 -> 87750
C13: Upah plester | F13: m2 | G13: 1 | H13: 34000 | I13: =G13*H13 -> 34000
C14: Alat bantu | F14: ls | G14: 1 | H14: 9000 | I14: =G14*H14 -> 9000
I15: =SUM(I12:I14) -> 130750
A16: =A9+1 -> 1 | C16: Acian semen / m2
C17: PC Setara Tigaroda | F17: zak | G17: 0.25 | H17: 135000 | I17: =G17*H17 -> 33750
C18: Upah aci | F18: ls | G18: 1 | H18: 34000 | I18: =G18*H18 -> 34000
I19: =SUM(I17:I18) -> 67750
A20: =A13+1 -> 1 | C20: Kolom Praktis 100 x 100 / m'
C21: Beton | F21: m³ | G21: =0.1*0.1*1 -> 0.01 | H21: 1002920 | I21: =G21*H21 -> 10029.2
C22: Besi | F22: m1 | G22: 1 | H22: =(((7.4/12)*4))+((4.74/12)*(0.45*5))*19500 -> 17333.092 | I22: =G22*H22 -> 17333.092
C23: Bekisting | F23: m² | G23: =0.1*1*4 -> 0.4 | H23: =(234000/2.97)+(4*4*5000)+(23000/12) -> 160704.55 | I23: =G23*H23 -> 64281.818
C24: Upah & alat | E24: =(I26*0.1) -> 0 | F24: m' | G24: 1 | H24: =SUM(I21:I23)/2 -> 45822.055 | I24: =G24*H24 -> 45822.055
H25: per m1 | I25: =SUM(I21:I24) -> 137466.16
A27: =1+A4 -> 1 | C27: Perapihan Beton Exposed (skim coat) / m2
C28: MU 270 | F28: m2 | G28: 0.25 | H28: 89800 | I28: =G28*H28 -> 22450
C29: Upah aci | F29: ls | G29: 1 | H29: 34000 | I29: =G29*H29 -> 34000
C30: Upah ketrik beton | F30: m2 | G30: 1 | H30: 15000 | I30: =G30*H30 -> 15000
C31: Alat bantu | F31: ls | G31: 1 | H31: 250 | I31: =G31*H31 -> 250
I32: =SUM(I28:I31) -> 71700
A33: =1 -> 1 | C33: Urugan Pasir / m3
C34: Pasir urug | F34: m3 | G34: 1 | H34: =1800000/7 -> 257142.86 | I34: =G34*H34 -> 257142.86
C35: Upah urug | F35: m3 | G35: 1 | H35: 7500 | I35: =G35*H35 -> 7500
C36: Alat bantu | F36: ls | G36: 1 | H36: 1000 | I36: =G36*H36 -> 1000
I37: =SUM(I34:I36) -> 265642.86 | L37: /m2
H38: t=10 cm | I38: =I37*0.1 -> 26564.286 | L38: 23000
A39: 1 | C39: Lantai Granite Tile 60 x 60 / m2 (Verona GB 126005S) BY OWNER
C40: Bahan :
C41: Granite tile 60x60 ex. Wisma Sehati (BY OWNER) | F41: m2 | G41: 1.02 | H41: =85000*0 -> 0 | I41: =G41*H41 -> 0
C42: Perekat MU-450 | F42: zak | G42: 0.125 | H42: 97125 | I42: =G42*H42 -> 12140.625
C43: AM Grout | F43: kg | G43: 0.15 | H43: 8660 | I43: =G43*H43 -> 1299
I44: =SUM(I41:I43) -> 13439.625
H45: keuntungan 10% | I45: =I44*0.1 -> 1343.9625
I46: =SUM(I44:I45) -> 14783.588
C47: Upah :
C48: Screed | F48: m2 | G48: 1 | H48: 36000 | I48: =G48*H48 -> 36000
C49: Upah pasang | F49: m2 | G49: 1 | H49: 18000 | I49: =G49*H49 -> 18000
C50: Alat bantu | F50: ls | G50: 1 | H50: 580 | I50: =G50*H50 -> 580
I51: =SUM(I48:I50) -> 54580
H52: keuntungan 10% | I52: =I51*0.1 -> 5458
I53: =SUM(I51:I52) -> 60038
I54: =SUM(I46,I53) -> 74821.587
I55: =INT(I54/1)*1 -> 74821
A56: =A38+1 -> 1 | C56: Plint Granite Tile 10 x 60 cm / m' bahan by owner
C57: Granite tile 10x60 ex. Wisma Sehati Verona by owner | F57: bh | G57: =1/0.6 -> 1.6666667 | I57: =G57*H57 -> 0
C58: PC | F58: kg | G58: 2.5 | H58: 1350 | I58: =G58*H58 -> 3375
C59: Pasir pasang | F59: m3 | G59: 0.01 | H59: 190410 | I59: =G59*H59 -> 1904.1
C60: Perekat MU 450 | F60: zak | G60: 0.0125 | H60: 97125 | I60: =G60*H60 -> 1214.0625
C61: AM Grout | F61: kg | G61: 0.025 | H61: 8660 | I61: =G61*H61 -> 216.5
I62: =SUM(I57:I61) -> 6709.6625
H63: keuntungan 10% | I63: =I62*0.1 -> 670.96625
I64: =SUM(I62:I63) -> 7380.6288
C65: Upah :
C66: Upah pasang | F66: m' | G66: 1 | H66: 14500 | I66: =G66*H66 -> 14500
C67: Alat bantu | F67: ls | G67: 1 | H67: 580 | I67: =G67*H67 -> 580
I68: =SUM(I65:I67) -> 15080
H69: keuntungan 10% | I69: =I68*0.1 -> 1508
I70: =SUM(I68:I69) -> 16588
I71: =SUM(I64,I70) -> 23968.629
H72: total : | I72: =INT(I71/1)*1 -> 23968
A74: =1+A52 -> 1 | C74: Pekerjaan Pembesian / kg
C75: Besi beton | F75: kg | G75: 1.03 | H75: 7470 | I75: =G75*H75*0.03 -> 230.823
C76: Kawat Pengikat | F76: kg | G76: 0.09 | H76: 10000 | I76: =G76*H76*0 -> 0
C77: Upah pasang | F77: kg | G77: 1 | H77: 700 | I77: =G77*H77 -> 700
C78: Alat bantu (upah penurunan material) | F78: ls | G78: 1 | H78: 100 | I78: =G78*H78 -> 100
I79: =SUM(I75:I78) -> 1030.823
H80: Dibulatkan | I80: =INT(I79/1)*1 -> 1030
A82: =1+A75 -> 1 | C82: Bekisting pas.bata ( batako ) adukan ( 1 pc : 4 ps ),
C83: Bata tras (30 x 15 x 7) | F83: bh | G83: 20 | H83: 2600 | I83: =G83*H83 -> 52000
C84: PC | F84: kg | G84: 9.86 | H84: 1350 | I84: =G84*H84 -> 13311
C85: Pasir pasang | F85: m3 | G85: 0.04 | H85: 165000 | I85: =G85*H85 -> 6600
C86: Upah pasang | F86: m2 | G86: 1 | H86: 14500 | I86: =G86*H86 -> 14500
C87: Alat bantu | F87: ls | G87: 1 | H87: 500 | I87: =G87*H87 -> 500
I88: =SUM(I83:I87) -> 86911
I89: =INT(I88/1)*1 -> 86911
A90: =A83+1 -> 1 | C90: Beton mutu K 350 / m3
C91: Readymix K-350 | F91: m3 | G91: 1.023 | H91: 677500 | I91: =G91*H91 -> 693082.5 | J91: PC RATE
C92: Sewa pompa | F92: m3 | G92: 1 | H92: 25000 | I92: =G92*H92 -> 25000
C93: Upah cor | F93: m3 | G93: 1 | H93: 30000 | I93: =G93*H93 -> 30000
C94: Alat bantu, stop cor | F94: ls | G94: 1 | H94: 500 | I94: =G94*H94 -> 500
I95: =SUM(I91:I94) -> 748582.5
A96: =A88+1 -> 1 | C96: Beton mutu K 500 / m3
C97: Readymix K-500 | F97: m3 | G97: 1.023 | H97: 800000 | I97: =G97*H97 -> 818400
C98: Sewa pompa | F98: m3 | G98: 1 | H98: 25000 | I98: =G98*H98 -> 25000
C99: Upah cor | F99: m3 | G99: 1 | H99: 30000 | I99: =G99*H99 -> 30000
C100: Alat bantu, stop cor | F100: ls | G100: 1 | H100: 500 | I100: =G100*H100 -> 500
I101: =SUM(I97:I100) -> 873900
A102: =1+A73 -> 1 | C102: Bekisting Plat / m2
C103: Plywood 12 mm | E103: 0.33333333 | F103: lbr | G103: 0.347 | H103: 230050 | I103: =G103*H103*E103 -> 26609.117
C104: Rangka kayu 6/12 | E104: 0.33333333 | F104: m³ | G104: 0.0175 | H104: 2100000 | I104: =G104*H104*E104 -> 12250
...

Sheet hardscape
A1: BILL OF ITEM
A3: Proyek | D3: =+#REF! -> #REF! | H3: PEMBERI TUGAS :
A4: Lokasi Proyek | D4: =+#REF! -> #REF! | H4: PT. PRASETYA AGUNG CIPTA ABADI
A5: Paket Pekerjaan | D5: =+#REF! -> #REF!
A6: Kontraktor | D6: =+#REF! -> #REF!
A7: Catatan | D7: =+#REF! -> #REF!
D8: =+#REF! -> #REF!
M10: koef | N10: =+'3. Struktur'!T10 -> 0
A11: NO | B11: URAIAN PEKERJAAN | E11: SPESIFIKASI | F11: SAT | G11: Volume | H11: Harga Satuan | J11: Jumlah | L11: Jumlah | N11: -2
H12: Material Utama | I12: Mat bantu+upah | J12: Material Utama | K12: Mat bantu+upah | L12: Total | N12: 0.75 | O12: =1-N12 -> 0.25
A13: V | B13: PEKERJAAN HARDSCAPE "LAGOON"
A14: A. | B14: AREA "ADULT POOL"
A15: 1 | B15: Finishing "Adult Pool" dan "Kolam Rendam"
A16: 1.1 | B16: Finishing Lantai dan dinding "ADULT POOL" termasuk "KOLAM RENDAM"
B17: Keramik Lantai, tangga dan dinding Kolam 100x100 mm warna random
C18: - warna biru tua | E18: Blue berry ex. Samson | F18: m2 | G18: =35+165 -> 200 | H18: ='Ars Diamond'!V681 -> #REF! | I18: ='Ars Diamond'!W681 -> #REF! | J18: =G18*H18 -> #REF! | K18: =G18*I18 -> #REF! | L18: =J18+K18 -> #REF!
C19: - warna biru sedang | E19: Navy Blue ex. Samson | F19: m2 | G19: 164 | H19: ='Ars Diamond'!V682 -> #REF! | I19: ='Ars Diamond'!W682 -> #REF! | J19: =G19*H19 -> #REF! | K19: =G19*I19 -> #REF! | L19: =J19+K19 -> #REF!
C20: - warna biru muda | E20: Marina Blue ex. Samson | F20: m2 | G20: =280+164 -> 444 | H20: ='Ars Diamond'!V683 -> #REF! | I20: ='Ars Diamond'!W683 -> #REF! | J20: =G20*H20 -> #REF! | K20: =G20*I20 -> #REF! | L20: =J20+K20 -> #REF!
C21: - warna putih | E21: Cico white ex. Samson | F21: m2 | G21: 164 | H21: ='Ars Diamond'!V684 -> #REF! | I21: ='Ars Diamond'!W684 -> #REF! | J21: =G21*H21 -> #REF! | K21: =G21*I21 -> #REF! | L21: =J21+K21 -> #REF!
B22: Coping dinding kolam | E22: Batu salagedang warna abu-abu hitam | F22: m' | G22: 108 | H22: ='Ars Diamond'!V685 -> #REF! | I22: ='Ars Diamond'!W685 -> #REF! | J22: =G22*H22 -> #REF! | K22: =G22*I22 -> #REF! | L22: =J22+K22 -> #REF!
E23: uk. 300x300x50mm rata mesin ; clear coating ex. Propan | J23: =G23*H23 -> 0 | K23: =G23*I23 -> 0 | L23: =J23+K23 -> 0
B24: Waterproofing untuk lantai, dinding dan deck | F24: m2 | G24: 1067 | H24: ='Ars Diamond'!V687 -> #REF! | I24: ='Ars Diamond'!W687 -> #REF! | J24: =G24*H24 -> #REF! | K24: =G24*I24 -> #REF! | L24: =J24+K24 -> #REF!
B25: Gutter overflow sekeliling kolam t=30 cm ; lebar = 25 cm | F25: m' | G25: 61 | H25: ='Ars Diamond'!V688 -> #REF! | I25: ='Ars Diamond'!W688 -> #REF! | J25: =G25*H25 -> #REF! | K25: =G25*I25 -> #REF! | L25: =J25+K25 -> #REF!
B26: Penutup Gutter over flow | E26: batu salagedang 300x300x50 mm ; rata mesin | F26: m' | G26: 61 | H26: ='Ars Diamond'!V689 -> #REF! | I26: ='Ars Diamond'!W689 -> #REF! | J26: =G26*H26 -> #REF! | K26: =G26*I26 -> #REF! | L26: =J26+K26 -> #REF!
E27: finish clear coating ex. Propan | J27: =G27*H27 -> 0 | K27: =G27*I27 -> 0 | L27: =J27+K27 -> 0
J28: =G28*H28 -> 0 | K28: =G28*I28 -> 0 | L28: =J28+K28 -> 0
A29: 1.2 | B29: Finishing Planter | J29: =G29*H29 -> 0 | K29: =G29*I29 -> 0 | L29: =J29+K29 -> 0
B30: - waterproofing dinding dan dasar planter | F30: m2 | G30: 120 | H30: =H24 -> #REF! | I30: =I24 -> #REF! | J30: =G30*H30 -> #REF! | K30: =G30*I30 -> #REF! | L30: =J30+K30 -> #REF!
B31: - Pengadaan sistem drainasi planter | F31: m2 | G31: 109 | H31: ='Ars Diamond'!V674 -> #REF! | I31: ='Ars Diamond'!W674 -> #REF! | J31: =G31*H31 -> #REF! | K31: =G31*I31 -> #REF! | L31: =J31+K31 -> #REF!
B32: - Coping planter | E32: Batu salagedang warna abu-abu hitam | F32: m' | G32: 45 | H32: ='Ars Diamond'!V675 -> #REF! | I32: ='Ars Diamond'!W675 -> #REF! | J32: =G32*H32 -> #REF! | K32: =G32*I32 -> #REF! | L32: =J32+K32 -> #REF!
E33: uk. 200x200x50mm rata mesin ; clear coating ex. Propan | J33: =G33*H33 -> 0 | K33: =G33*I33 -> 0 | L33: =J33+K33 -> 0
J34: =G34*H34 -> 0 | K34: =G34*I34 -> 0 | L34: =J34+K34 -> 0
A35: 2 | B35: Cabana | J35: =G35*H35 -> 0 | K35: =G35*I35 -> 0 | L35: =J35+K35 -> 0
A36: 2.1 | B36: Pembuatan Dudukan Cabana | J36: =G36*H36 -> 0 | K36: =G36*I36 -> 0 | L36: =J36+K36 -> 0
B37: - Balok 30x50 | F37: m' | G37: 25 | H37: =ROUND(N37*$N$10,$N$11) -> 0 | I37: =ROUND(O37*$N$10,$N$11) -> 0 | J37: =G37*H37 -> 0 | K37: =G37*I37 -> 0 | L37: =J37+K37 -> 0 | N37: =+P37*$N$12 -> 281250 | O37: =+$O$12*P37 -> 93750 | P37: =0.3*0.5*2500000 -> 375000
B38: - Pasangan bata ringan | F38: m2 | G38: 3.6 | H38: ='Ars Diamond'!V46 -> 107848.33 | I38: ='Ars Diamond'!W46 -> 55000 | J38: =G38*H38 -> 388254 | K38: =G38*I38 -> 198000 | L38: =J38+K38 -> 586254
B39: - screed lantai cabana | F39: m2 | G39: 31.25 | H39: =ROUND(N39*$N$10,$N$11) -> 0 | I39: =ROUND(O39*$N$10,$N$11) -> 0 | J39: =G39*H39 -> 0 | K39: =G39*I39 -> 0 | L39: =J39+K39 -> 0 | N39: 30000 | O39: 0
B40: - Lantai cabana | E40: batu salagedang warna abu-abu uk.300x300x20 mm | F40: m2 | G40: 31.25 | H40: =ROUND(N40*$N$10,$N$11) -> 0 | I40: =ROUND(O40*$N$10,$N$11) -> 0 | J40: =G40*H40 -> 0 | K40: =G40*I40 -> 0 | L40: =J40+K40 -> 0 | N40: 230000 | O40: 23000
E41: rata alam finish clear coating ; ex. Propan | J41: =G41*H41 -> 0 | K41: =G41*I41 -> 0 | L41: =J41+K41 -> 0
J42: =G42*H42 -> 0 | K42: =G42*I42 -> 0 | L42: =J42+K42 -> 0
A43: 2.2 | B43: Pembuatan Cabana | J43: =G43*H43 -> 0 | K43: =G43*I43 -> 0 | L43: =J43+K43 -> 0 | P43: 9500000
B44: - Kolom Cabana | E44: Kayu bengkirai uk. 150x150 mm serut halis lapis anti rayap | F44: m' | G44: 50 | H44: =ROUND(N44*$N$10,$N$11) -> 0 | I44: =ROUND(O44*$N$10,$N$11) -> 0 | J44: =G44*H44 -> 0 | K44: =G44*I44 -> 0 | L44: =J44+K44 -> 0 | N44: =+P44*$N$12 -> 163687.5 | O44: =+$O$12*P44 -> 54562.5 | P44: =0.15*0.15*($P$43+200000) -> 218250
E45: finish cat transparan warna coklat ex. Woodstain mowilex | J45: =G45*H45 -> 0 | K45: =G45*I45 -> 0 | L45: =J45+K45 -> 0
B46: - Balok Cabana | E46: Kayu bengkirai uk. 120x60 mm serut halis lapis anti rayap | F46: m' | G46: 92 | H46: =ROUND(N46*$N$10,$N$11) -> 0 | I46: =ROUND(O46*$N$10,$N$11) -> 0 | J46: =G46*H46 -> 0 | K46: =G46*I46 -> 0 | L46: =J46+K46 -> 0 | N46: =+P46*$N$12 -> 52380 | O46: =+$O$12*P46 -> 17460 | P46: =0.12*0.06*($P$43+200000) -> 69840
E47: finish cat transparan warna coklat ex. Woodstain mowilex | J47: =G47*H47 -> 0 | K47: =G47*I47 -> 0 | L47: =J47+K47 -> 0
B48: - Balok Cabana | E48: Kayu bengkirai uk. 70x20 mm serut halis lapis anti rayap | F48: m' | G48: 126.5 | H48: =ROUND(N48*$N$10,$N$11) -> 0 | I48: =ROUND(O48*$N$10,$N$11) -> 0 | J48: =G48*H48 -> 0 | K48: =G48*I48 -> 0 | L48: =J48+K48 -> 0 | N48: =+P48*$N$12 -> 10185 | O48: =+$O$12*P48 -> 3395 | P48: =0.07*0.02*($P$43+200000) -> 13580
E49: finish cat transparan warna coklat ex. Woodstain mowilex | J49: =G49*H49 -> 0 | K49: =G49*I49 -> 0 | L49: =J49+K49 -> 0
B50: - Atap Cabana | E50: Kayu bengkirai uk. 70x20 mm serut halis lapis anti rayap | F50: m2 | G50: 26.45 | H50: =ROUND(N50*$N$10,$N$11) -> 0 | I50: =ROUND(O50*$N$10,$N$11) -> 0 | J50: =G50*H50 -> 0 | K50: =G50*I50 -> 0 | L50: =J50+K50 -> 0 | N50: =+P50*$N$12 -> 101850 | O50: =+$O$12*P50 -> 33950 | P50: =0.07*0.02*($P$43+200000)*10 -> 135800
E51: finish cat transparan warna coklat ex. Woodstain mowilex | J51: =G51*H51 -> 0 | K51: =G51*I51 -> 0 | L51: =J51+K51 -> 0
B52: - Railing Cabana | E52: Kayu bengkirai uk. 70x50 mm serut halis lapis anti rayap | F52: m' | G52: 30 | H52: =ROUND(N52*$N$10,$N$11) -> 0 | I52: =ROUND(O52*$N$10,$N$11) -> 0 | J52: =G52*H52 -> 0 | K52: =G52*I52 -> 0 | L52: =J52+K52 -> 0 | N52: =+P52*$N$12 -> 25462.5 | O52: =+$O$12*P52 -> 8487.5 | P52: =0.07*0.05*($P$43+200000) -> 33950
E53: finish cat transparan warna coklat ex. Woodstain mowilex | J53: =G53*H53 -> 0 | K53: =G53*I53 -> 0 | L53: =J53+K53 -> 0
J54: =G54*H54 -> 0 | K54: =G54*I54 -> 0 | L54: =J54+K54 -> 0
A55: 3 | B55: Water Cascade | J55: =G55*H55 -> 0 | K55: =G55*I55 -> 0 | L55: =J55+K55 -> 0
B56: Finishing Lantai dan dinding Watercascade | J56: =G56*H56 -> 0 | K56: =G56*I56 -> 0 | L56: =J56+K56 -> 0
B57: Lantai dan dinding Pond | E57: Batu salagedang warna abu-abu hitam | F57: m2 | G57: 277 | H57: =H40 -> 0 | I57: =I40 -> 0 | J57: =G57*H57 -> 0 | K57: =G57*I57 -> 0 | L57: =J57+K57 -> 0
E58: uk. 300x300x20mm rata alam ; clear coating ex. Propan | J58: =G58*H58 -> 0 | K58: =G58*I58 -> 0 | L58: =J58+K58 -> 0
B59: Copping Pond | E59: Batu salagedang warna abu-abu hitam | F59: m' | G59: 124.31 | H59: =ROUND(N59*$N$10,$N$11) -> 0 | I59: =ROUND(O59*$N$10,$N$11) -> 0 | J59: =G59*H59 -> 0 | K59: =G59*I59 -> 0 | L59: =J59+K59 -> 0 | N59: 100000 | O59: 15000
E60: uk. 200x200x50mm rata mesin ; clear coating ex. Propan | J60: =G60*H60 -> 0 | K60: =G60*I60 -> 0 | L60: =J60+K60 -> 0
B61: Waterproofing untuk lantai, dan dinding Pond | F61: m2 | G61: 301 | H61: =H30 -> #REF! | I61: =I39 -> 0 | J61: =G61*H61 -> #REF! | K61: =G61*I61 -> 0 | L61: =J61+K61 -> #REF!
J62: =G62*H62 -> 0 | K62: =G62*I62 -> 0 | L62: =J62+K62 -> 0
A63: 4 | B63: Pool Deck | J63: =G63*H63 -> 0 | K63: =G63*I63 -> 0 | L63: =J63+K63 -> 0
B64: - Lantai | E64: Keramik 40x40 Escada Beige Ex. Centro | F64: m2 | G64: 413 | H64: ='Ars Diamond'!V698 -> #REF! | I64: ='Ars Diamond'!W698 -> #REF! | J64: =G64*H64 -> #REF! | K64: =G64*I64 -> #REF! | L64: =J64+K64 -> #REF! | R64: CEK HARGA
B65: - Border Lantai | E65: Batu salagedang warna abu-abu hitam | F65: m' | G65: 94.03 | H65: ='Ars Diamond'!V699 -> #REF! | I65: ='Ars Diamond'!W699 -> #REF! | J65: =G65*H65 -> #REF! | K65: =G65*I65 -> #REF! | L65: =J65+K65 -> #REF!
E66: uk. 300x300x20mm rata mesin ; clear coating ex. Propan | J66: =G66*H66 -> 0 | K66: =G66*I66 -> 0 | L66: =J66+K66 -> 0
B67: - Waterproofing untuk lantai, "Pool Deck" | F67: m2 | G67: 441.05 | H67: ='Ars Diamond'!V701 -> #REF! | I67: ='Ars Diamond'!W701 -> #REF! | J67: =G67*H67 -> #REF! | K67: =G67*I67 -> #REF! | L67: =J67+K67 -> #REF!
J68: =G68*H68 -> 0 | K68: =G68*I68 -> 0 | L68: =J68+K68 -> 0
A69: 5 | B69: Timber Deck | J69: =G69*H69 -> 0 | K69: =G69*I69 -> 0 | L69: =J69+K69 -> 0
B70: - Rangka | E70: Kayu bengkirai uk. 100x60mm serut halus lapis anti rayap | F70: m2 | G70: 110 | H70: =ROUND(N70*$N$10,$N$11) -> 0 | I70: =ROUND(O70*$N$10,$N$11) -> 0 | J70: =G70*H70 -> 0 | K70: =G70*I70 -> 0 | L70: =J70+K70 -> 0 | N70: =+P70*$N$12 -> 349200 | O70: =+$O$12*P70 -> 116400 | P70: =0.1*0.06*($P$43+200000)*8 -> 465600 | R70: CEK HARGA
B71: - Lantai deck | E71: Kayu sintetik t=60mm warna teak, permukaan teksture | F71: m2 | G71: 110 | H71: =ROUND(N71*$N$10,$N$11) -> 0 | I71: =ROUND(O71*$N$10,$N$11) -> 0 | J71: =G71*H71 -> 0 | K71: =G71*I71 -> 0 | L71: =J71+K71 -> 0 | N71: =+P71*$N$12 -> 720000 | O71: =+$O$12*P71 -> 240000 | P71: 960000
E72: finish cat transparan | J72: =G72*H72 -> 0 | K72: =G72*I72 -> 0 | L72: =J72+K72 -> 0
B73: - Planter | E73: Fiber teksture halus finish cat duco warna putih susu | F73: m' | G73: 65 | H73: =ROUND(N73*$N$10,$N$11) -> 0 | I73: =ROUND(O73*$N$10,$N$11) -> 0 | J73: =G73*H73 -> 0 | K73: =G73*I73 -> 0 | L73: =J73+K73 -> 0 | N73: =+P73*$N$12 -> 281250 | O73: =+$O$12*P73 -> 93750 | P73: 375000
K74: SUB TOTAL A | L74: =SUM(L16:L73) -> #REF!
A76: B | B76: AREA "CHILD POOL"
A77: 1 | B77: Finishing "Child Pool"
A78: 1.1 | B78: Finishing Lantai dan dinding "Child Pool"
B79: Keramik Lantai, tangga dan dinding Kolam 100x100 mm warna random | J79: =G79*H79 -> 0 | K79: =G79*I79 -> 0 | L79: =J79+K79 -> 0
C80: - warna biru tua | E80: Blue berry ex. Samson | F80: m2 | G80: =5.7+24.75 -> 30.45 | H80: =H18 -> #REF! | I80: =I18 -> #REF! | J80: =G80*H80 -> #REF! | K80: =G80*I80 -> #REF! | L80: =J80+K80 -> #REF!
C81: - warna biru sedang | E81: Navy Blue ex. Samson | F81: m2 | G81: 24.75 | H81: =H19 -> #REF! | I81: =I19 -> #REF! | J81: =G81*H81 -> #REF! | K81: =G81*I81 -> #REF! | L81: =J81+K81 -> #REF!
C82: - warna biru muda | E82: Marina Blue ex. Samson | F82: m2 | G82: =41+24.75 -> 65.75 | H82: =H20 -> #REF! | I82: =I20 -> #REF! | J82: =G82*H82 -> #REF! | K82: =G82*I82 -> #REF! | L82: =J82+K82 -> #REF!
C83: - warna putih | E83: Cico white ex. Samson | F83: m2 | G83: 24.75 | H83: =H21 -> #REF! | I83: =I21 -> #REF! | J83: =G83*H83 -> #REF! | K83: =G83*I83 -> #REF! | L83: =J83+K83 -> #REF!
B84: Coping dinding kolam | E84: Batu salagedang warna abu-abu hitam | F84: m' | G84: 4 | H84: =H22 -> #REF! | I84: =I22 -> #REF! | J84: =G84*H84 -> #REF! | K84: =G84*I84 -> #REF! | L84: =J84+K84 -> #REF!
E85: uk. 300x300x50mm rata mesin ; clear coating ex. Propan | J85: =G85*H85 -> 0 | K85: =G85*I85 -> 0 | L85: =J85+K85 -> 0
B86: Waterproofing untuk lantai, dinding dan deck | F86: m2 | G86: 151.33 | H86: =H24 -> #REF! | I86: =I24 -> #REF! | J86: =G86*H86 -> #REF! | K86: =G86*I86 -> #REF! | L86: =J86+K86 -> #REF!
B87: Gutter overflow sekeliling kolam t=30 cm ; lebar = 25 cm | F87: m' | G87: 5 | H87: =H25 -> #REF! | I87: =I25 -> #REF! | J87: =G87*H87 -> #REF! | K87: =G87*I87 -> #REF! | L87: =J87+K87 -> #REF!
B88: Penutup Gutter over flow | E88: batu salagedang 300x300x50 mm ; rata mesin | F88: m' | G88: 5 | H88: =H26 -> #REF! | I88: =I26 -> #REF! | J88: =G88*H88 -> #REF! | K88: =G88*I88 -> #REF! | L88: =J88+K88 -> #REF!
E89: finish clear coating ex. Propan | J89: =G89*H89 -> 0 | K89: =G89*I89 -> 0 | L89: =J89+K89 -> 0
J90: =G90*H90 -> 0 | K90: =G90*I90 -> 0 | L90: =J90+K90 -> 0
A91: 1.2 | B91: Finishing Planter | J91: =G91*H91 -> 0 | K91: =G91*I91 -> 0 | L91: =J91+K91 -> 0
B92: - waterproofing dinding dan dasar planter | F92: m2 | G92: 38 | H92: =H30 -> #REF! | I92: =I30 -> #REF! | J92: =G92*H92 -> #REF! | K92: =G92*I92 -> #REF! | L92: =J92+K92 -> #REF!
B93: - Pengadaan sistem drainasi planter | F93: m2 | G93: 34 | H93: =H31 -> #REF! | I93: =I31 -> #REF! | J93: =G93*H93 -> #REF! | K93: =G93*I93 -> #REF! | L93: =J93+K93 -> #REF!
B94: - Coping planter | E94: Batu salagedang warna abu-abu hitam | F94: m' | G94: 14 | H94: =H32 -> #REF! | I94: =I32 -> #REF! | J94: =G94*H94 -> #REF! | K94: =G94*I94 -> #REF! | L94: =J94+K94 -> #REF!
E95: uk. 200x200x50mm rata mesin ; clear coating ex. Propan | J95: =G95*H95 -> 0 | K95: =G95*I95 -> 0 | L95: =J95+K95 -> 0
J96: =G96*H96 -> 0 | K96: =G96*I96 -> 0 | L96: =J96+K96 -> 0
A97: 1.3 | B97: Timber Deck | J97: =G97*H97 -> 0 | K97: =G97*I97 -> 0 | L97: =J97+K97 -> 0
B98: - Rangka | E98: Kayu bengkirai uk. 100x60mm serut halus lapis anti rayap | F98: m2 | G98: 37 | H98: =+H70 -> 0 | I98: =+I70 -> 0 | J98: =G98*H98 -> 0 | K98: =G98*I98 -> 0 | L98: =J98+K98 -> 0
B99: - Lantai deck | E99: Kayu sintetik t=60mm warna teak, permukaan teksture | F99: m2 | G99: 50 | H99: =+H71 -> 0 | I99: =+I71 -> 0 | J99: =G99*H99 -> 0 | K99: =G99*I99 -> 0 | L99: =J99+K99 -> 0
E100: finish cat transparan | J100: =G100*H100 -> 0 | K100: =G100*I100 -> 0 | L100: =J100+K100 -> 0
B101: - Planter | E101: Fiber teksture halus finish cat duco warna putih susu | F101: m' | G101: 13 | H101: =+H73 -> 0 | I101: =+I73 -> 0 | J101: =G101*H101 -> 0 | K101: =G101*I101 -> 0 | L101: =J101+K101 -> 0
B102: Waterproofing untuk lantai, dinding dan deck | F102: m2 | G102: 63 | H102: =H67 -> #REF! | I102: =I67 -> #REF! | J102: =G102*H102 -> #REF! | K102: =G102*I102 -> #REF! | L102: =J102+K102 -> #REF!
J103: =G103*H103 -> 0 | K103: =G103*I103 -> 0 | L103: =J103+K103 -> 0
...

Sheet Ars Diamond
A1: BILL OF ITEM
A3: Proyek | D3: =+#REF! -> #REF! | G3: =+#REF! -> #REF! | V3: PEMBERI TUGAS :
A4: Lokasi Proyek | D4: =+#REF! -> #REF! | G4: =+#REF! -> #REF! | V4: PT. BINAKARYA BANGUN PROPERTINDO
A5: Paket Pekerjaan | D5: =+#REF! -> #REF!
A6: Kontraktor | D6: =+#REF! -> #REF!
A7: Catatan | D7: =+#REF! -> #REF!
D8: =+#REF! -> #REF!
AA10: koef | AB10: =+'Ars topaz'!R10 -> #REF!
A11: NO | B11: URAIAN PEKERJAAN | E11: SPESIFIKASI | F11: SAT | G11: VOLUME | U11: Volume | V11: Harga Satuan | X11: Jumlah | Z11: Jumlah | AB11: 0
G12: Basement | H12: Lt. Dasar | I12: Lt. 1 | J12: Lt. 2 | K12: Lt. 3 | L12: Lt. 4 | M12: Lt. 5 | N12: Lt. 6 | O12: Lt. 7 | P12: Lt. 8 | Q12: Lt. 9 | R12: Lt. 10 | S12: Lt. 11 | T12: Lt. Atap + R.Mesin | U12: Total | V12: Material Utama | W12: Mat bantu+upah | X12: Material Utama | Y12: Mat bantu+upah | Z12: Total | AB12: 0.75 | AC12: =1-AB12 -> 0.25
A13: III | B13: PEKERJAAN ARSITEKTUR
A14: B | B14: PEKERJAAN ARSITEKTUR TOWER DIAMOND
B15: Catatan :
B16: Pekerjaan pasangan dinding bata ringan
B17: Harga satuan dinding bata dinding bata ringan ex. Primacon/setara
B18: yang disetujui dengan perekat dan adukan khusus, sudah termasuk angkur
B19: untuk setiap pasangan dinding yang berhubungan dengan kolom struktur
B20: (besi n 8 mm, p=40cm/titik ; setiap sisi dipasang 2 buah), termasuk juga
B21: sparing, dan semua pekerjaan bantu yang berhubungan dengan pekerjaan.
B23: Harga satuan plesteran sudah termasuk acian, ketrikan atau bobokan beton
B24: maupun bata, kawat ayam (bila diperlukan) dan semua pekerjaan
B25: bantu yang diperlukan.
B27: Plesteran dan acian dinding bata ringan ex. Primacon/setara yang disetujui,
B28: menggunakan adukan mortar ex. Mortar Utama atau setara yang disetujui
... B40: 2 sisi masing-masing tebal 9 mm
A42: B.1 | B42: PEKERJAAN PASANGAN DINDING
A43: 1 | B43: Pekerjaan Pasangan untuk Dinding Ruangan
B44: Pasangan bata ringan t=7,5 cm untuk dinding penyekat ruangan di unit, KM, dan
B45: ruang-ruang fasilitas lainnya tidak termasuk dinding lift :
B46: - Pasangan bata ringan tebal = 7,5 cm [tebal finish=10cm] + thinbed | E46: Bata ringan ex. Primacon/setara + thinbed MU-380/setara | F46: m2 | G46: 4159 | H46: 2107 | I46: 1787 | J46: 1787 | K46: 1787 | L46: 1787 | M46: 1787 | N46: 1787 | O46: 1713 | P46: 1694 | Q46: 1695 | R46: 1696 | S46: 1697 | T46: 264 | U46: =SUM(G46:T46) -> 25747 | V46: ='Ars topaz'!L40 -> 107848.33 | W46: ='Ars topaz'!M40 -> 55000 | X46: =U46*V46 -> 2.776771e+09 | Y46: =U46*W46 -> 1416085000 | Z46: =X46+Y46 -> 4.192856e+09
B47: - Plesteran mortar t=1 cm/sisi, | E47: ex. MU-301/setara | F47: m2 | G47: 7454.5918 | H47: 3174 | I47: 4335.5816 | J47: 3174 | K47: 4335.5816 | L47: 3174 | M47: 4335.5816 | N47: 3174 | O47: 4335.5816 | P47: 3174 | Q47: 3174 | R47: 3174 | S47: 3174 | T47: 528 | U47: =SUM(G47:T47) -> 50716.918 | V47: ='Ars topaz'!L41 -> 90750 | W47: ='Ars topaz'!M41 -> 40000 | X47: =U47*V47 -> 4.6025603e+09 | Y47: =U47*W47 -> 2.0286767e+09 | Z47: =X47+Y47 -> 6.631237e+09
B48: - Acian mortar t=2,5mm/sisi | E48: ex. MU-250/setara | F48: m2 | G48: 7275.1118 | H48: 2601.32 | I48: 3883.4402 | J48: 2601.32 | K48: 3883.4402 | L48: 2601.32 | M48: 3883.4402 | N48: 2601.32 | O48: 3883.4402 | P48: 2601.32 | Q48: 2601.32 | R48: 2601.32 | S48: 2601.32 | T48: 428 | U48: =SUM(G48:T48) -> 44047.433 | V48: ='Ars topaz'!L42 -> 33750 | W48: ='Ars topaz'!M42 -> 34000 | X48: =U48*V48 -> 1.4866008e+09 | Y48: =U48*W48 -> 1.4976127e+09 | Z48: =X48+Y48 -> 2.9842136e+09
B49: - Penebalan dinding belakang shower, setinggi plafond | F49: m2 | H49: 99 | I49: 117 | J49: 117 | K49: 117 | L49: 117 | M49: 117 | N49: 117 | O49: 117 | P49: 128 | Q49: 128 | R49: 128 | S49: 128 | U49: =SUM(G49:T49) -> 1430 | V49: ='Ars topaz'!#REF! -> #REF! | W49: ='Ars topaz'!#REF! -> #REF! | X49: =U49*V49 -> #REF! | Y49: =U49*W49 -> #REF! | Z49: =X49+Y49 -> #REF!
A50: 2 | B50: Pekerjaan Pasangan untuk Dinding Lift | U50: =SUM(G50:T50) -> 0 | X50: =U50*V50 -> 0 | Y50: =U50*W50 -> 0 | Z50: =X50+Y50 -> 0
B51: =+B46 -> - Pasangan bata ringan tebal = 7,5 cm [tebal finish=10cm] + thinbed | E51: =+E46 -> Bata ringan ex. Primacon/setara + thinbed MU-380/setara | F51: m2 | G51: 116 | H51: 116 | I51: 95 | J51: 95 | K51: 95 | L51: 95 | M51: 95 | N51: 95 | O51: 95 | P51: 95 | Q51: 95 | R51: 95 | S51: 95 | U51: =SUM(G51:T51) -> 1277 | V51: ='Ars topaz'!#REF! -> #REF! | W51: ='Ars topaz'!#REF! -> #REF! | X51: =U51*V51 -> #REF! | Y51: =U51*W51 -> #REF! | Z51: =X51+Y51 -> #REF!
B52: =+B47 -> - Plesteran mortar t=1 cm/sisi, | E52: =+E47 -> ex. MU-301/setara | F52: m2 | G52: 232 | H52: 232 | I52: 190 | J52: 190 | K52: 190 | L52: 190 | M52: 190 | N52: 190 | O52: 190 | P52: 190 | Q52: 190 | R52: 190 | S52: 190 | U52: =SUM(G52:T52) -> 2554 | V52: ='Ars topaz'!#REF! -> #REF! | W52: ='Ars topaz'!#REF! -> #REF! | X52: =U52*V52 -> #REF! | Y52: =U52*W52 -> #REF! | Z52: =X52+Y52 -> #REF!
B53: - Acian mortar t=2,5mm (sisi Luar) | E53: =+E48 -> ex. MU-250/setara | F53: m2 | G53: 232 | H53: 232 | I53: 190 | J53: 190 | K53: 190 | L53: 190 | M53: 190 | N53: 190 | O53: 190 | P53: 190 | Q53: 190 | R53: 190 | S53: 190 | U53: =SUM(G53:T53) -> 2554 | V53: ='Ars topaz'!#REF! -> #REF! | W53: ='Ars topaz'!#REF! -> #REF! | X53: =U53*V53 -> #REF! | Y53: =U53*W53 -> #REF! | Z53: =X53+Y53 -> #REF!
A54: 3 | B54: Pekerjaan Pasangan Dinding Precast | U54: =SUM(G54:T54) -> 0 | X54: =U54*V54 -> 0 | Y54: =U54*W54 -> 0 | Z54: =X54+Y54 -> 0
B55: Pasangan dinding precast beton tampak exterior fasade dari lantai 1-11 : | U55: =SUM(G55:T55) -> 0 | X55: =U55*V55 -> 0 | Y55: =U55*W55 -> 0 | Z55: =X55+Y55 -> 0
B56: ◦ Dinding precast tampak exterior : | U56: =SUM(G56:T56) -> 0 | X56: =U56*V56 -> 0 | Y56: =U56*W56 -> 0 | Z56: =X56+Y56 -> 0
B57: - Precast beton [t=8 cm, dgn tul. wiremesh M5 - 1 lapis arah x, y] | F57: m2 | H57: 330 | I57: 276 | J57: 276 | K57: 276 | L57: 276 | M57: 276 | N57: 276 | O57: 276 | P57: 182 | Q57: 182 | R57: 182 | S57: 182 | U57: =SUM(G57:T57) -> 2990 | V57: ='Ars topaz'!#REF! -> #REF! | W57: ='Ars topaz'!#REF! -> #REF! | X57: =U57*V57 -> #REF! | Y57: =U57*W57 -> #REF! | Z57: =X57+Y57 -> #REF!
B58: include sealent & topian/kanopi diatas jendela | U58: =SUM(G58:T58) -> 0 | X58: =U58*V58 -> 0 | Y58: =U58*W58 -> 0 | Z58: =X58+Y58 -> 0
B59: - Perapihan antara pertemuan dinding precast beton terhadap sudut pelat lantai | F59: m' | H59: 222 | I59: 240 | J59: 240 | K59: 240 | L59: 240 | M59: 240 | N59: 240 | O59: 240 | P59: 182 | Q59: 182 | R59: 182 | S59: 182 | U59: =SUM(G59:T59) -> 2630 | V59: ='Ars topaz'!#REF! -> #REF! | W59: ='Ars topaz'!#REF! -> #REF! | X59: =U59*V59 -> #REF! | Y59: =U59*W59 -> #REF! | Z59: =X59+Y59 -> #REF!
B60: ◦ Dinding precast parapet : | U60: =SUM(G60:T60) -> 0 | X60: =U60*V60 -> 0 | Y60: =U60*W60 -> 0 | Z60: =X60+Y60 -> 0
B61: - Precast beton [t=8 cm, dgn tul. wiremesh M5 - 1 lapis arah x, y] | F61: m2 | T61: 485 | U61: =SUM(G61:T61) -> 485 | V61: ='Ars topaz'!#REF! -> #REF! | W61: ='Ars topaz'!#REF! -> #REF! | X61: =U61*V61 -> #REF! | Y61: =U61*W61 -> #REF! | Z61: =X61+Y61 -> #REF!
B62: ◦ Precast untuk janggutan balkon : | U62: =SUM(G62:T62) -> 0 | X62: =U62*V62 -> 0 | Y62: =U62*W62 -> 0 | Z62: =X62+Y62 -> 0
B63: - Precast beton [t=8 cm, dgn tul. wiremesh M5 - 1 lapis arah x, y] | F63: m2 | I63: 35 | J63: 35 | K63: 35 | L63: 35 | M63: 35 | N63: 35 | O63: 35 | P63: 38 | Q63: 38 | R63: 38 | S63: 38 | U63: =SUM(G63:T63) -> 397 | V63: ='Ars topaz'!#REF! -> #REF! | W63: ='Ars topaz'!#REF! -> #REF! | X63: =U63*V63 -> #REF! | Y63: =U63*W63 -> #REF! | Z63: =X63+Y63 -> #REF!
A64: 4 | B64: Pasangan dinding interior penyekat ruang | U64: =SUM(G64:T64) -> 0 | X64: =U64*V64 -> 0 | Y64: =U64*W64 -> 0 | Z64: =X64+Y64 -> 0
B65: - Dinding gypsum (include wall angle) 2 sisi t=9,4cm finish, gypsum t=9mm, | E65: ex. Jayaboard/setara | F65: m2 | H65: 719 | I65: 587 | J65: 587 | K65: 587 | L65: 587 | M65: 587 | N65: 587 | O65: 587 | P65: 844 | Q65: 844 | R65: 844 | S65: 844 | U65: =SUM(G65:T65) -> 8204 | V65: ='Ars topaz'!#REF! -> #REF! | W65: ='Ars topaz'!#REF! -> #REF! | X65: =U65*V65 -> #REF! | Y65: =U65*W65 -> #REF! | Z65: =X65+Y65 -> #REF!
B66: rangka metal furing + hollow | U66: =SUM(G66:T66) -> 0 | X66: =U66*V66 -> 0 | Y66: =U66*W66 -> 0 | Z66: =X66+Y66 -> 0
A67: 5 | B67: Pekerjaan Kolom praktis dan Balok Praktis | U67: =SUM(G67:T67) -> 0 | X67: =U67*V67 -> 0 | Y67: =U67*W67 -> 0 | Z67: =X67+Y67 -> 0
B68: - KP site mix K-225 (10x10cm) (4n8,n6-200) + stek atas 4n8-400 | F68: m' | G68: 438.4 | H68: 1085 | I68: 1016 | J68: 1016 | K68: 1016 | L68: 1016 | M68: 1016 | N68: 1016 | O68: 1016 | P68: 1242.4 | Q68: 1242.4 | R68: 1242.4 | S68: 1242.4 | U68: =SUM(G68:T68) -> 13605 | V68: ='Ars topaz'!#REF! -> #REF! | W68: ='Ars topaz'!#REF! -> #REF! | X68: =U68*V68 -> #REF! | Y68: =U68*W68 -> #REF! | Z68: =X68+Y68 -> #REF!
B69: - BP site mix K-225 (10x10cm) (4n8,n6-200) | F69: m' | G69: 110 | H69: 271.4 | I69: 254 | J69: 254 | K69: 254 | L69: 254 | M69: 254 | N69: 254 | O69: 254 | P69: 310.6 | Q69: 310.6 | R69: 310.6 | S69: 310.6 | U69: =SUM(G69:T69) -> 3401.8 | V69: ='Ars topaz'!#REF! -> #REF! | W69: ='Ars topaz'!#REF! -> #REF! | X69: =U69*V69 -> #REF! | Y69: =U69*W69 -> #REF! | Z69: =X69+Y69 -> #REF!
A70: 6 | B70: Pekerjaan Perapihan Finishing beton expose | U70: =SUM(G70:T70) -> 0 | X70: =U70*V70 -> 0 | Y70: =U70*W70 -> 0 | Z70: =X70+Y70 -> 0
B71: - Perapihan permukaan Finishing Beton Expose termasuk pembetukan sudutan | U71: =SUM(G71:T71) -> 0 | X71: =U71*V71 -> 0 | Y71: =U71*W71 -> 0 | Z71: =X71+Y71 -> 0
C72: - Perapihan permukaan beton expose untuk kolom | E72: ex. MU-380/setara | F72: m2 | G72: 517 | H72: 517 | I72: 487 | J72: 487 | K72: 487 | L72: 487 | M72: 487 | N72: 487 | O72: 487 | P72: 538 | Q72: 538 | R72: 538 | S72: 538 | U72: =SUM(G72:T72) -> 6595 | V72: ='Ars topaz'!#REF! -> #REF! | W72: ='Ars topaz'!#REF! -> #REF! | X72: =U72*V72 -> #REF! | Y72: =U72*W72 -> #REF! | Z72: =X72+Y72 -> #REF!
C73: - Perapihan permukaan beton expose untuk balok | E73: =+E72 -> ex. MU-380/setara | F73: m2 | H73: 94 | I73: 108 | J73: 108 | K73: 108 | L73: 108 | M73: 108 | N73: 108 | O73: 108 | P73: 125 | Q73: 125 | R73: 125 | S73: 125 | U73: =SUM(G73:T73) -> 1350 | V73: ='Ars topaz'!#REF! -> #REF! | W73: ='Ars topaz'!#REF! -> #REF! | X73: =U73*V73 -> #REF! | Y73: =U73*W73 -> #REF! | Z73: =X73+Y73 -> #REF!
C74: - Perapihan permukaan beton expose pelat dan kanopi beton | E74: =+E73 -> ex. MU-380/setara | F74: m2 | G74: 2392.45 | H74: 91 | I74: 106 | J74: 106 | K74: 106 | L74: 106 | M74: 106 | N74: 106 | O74: 106 | P74: 133 | Q74: 133 | R74: 133 | S74: 133 | U74: =SUM(G74:T74) -> 3757.45 | V74: ='Ars topaz'!#REF! -> #REF! | W74: ='Ars topaz'!#REF! -> #REF! | X74: =U74*V74 -> #REF! | Y74: =U74*W74 -> #REF! | Z74: =X74+Y74 -> #REF!
C75: - Perapihan beton expose bawah tangga | E75: =+E74 -> ex. MU-380/setara | F75: m2 | G75: 60 | H75: 60 | I75: 59 | J75: 59 | K75: 59 | L75: 59 | M75: 59 | N75: 59 | O75: 59 | P75: 59 | Q75: 59 | R75: 59 | S75: 59 | U75: =SUM(G75:T75) -> 769 | V75: ='Ars topaz'!#REF! -> #REF! | W75: ='Ars topaz'!#REF! -> #REF! | X75: =U75*V75 -> #REF! | Y75: =U75*W75 -> #REF! | Z75: =X75+Y75 -> #REF!
C76: - Perapihan beton expose pit lift, dinding basement, dan Shearwall | E76: =+E75 -> ex. MU-380/setara | F76: m2 | G76: 144 | U76: =SUM(G76:T76) -> 144 | V76: ='Ars topaz'!#REF! -> #REF! | W76: ='Ars topaz'!#REF! -> #REF! | X76: =U76*V76 -> #REF! | Y76: =U76*W76 -> #REF! | Z76: =X76+Y76 -> #REF!
Y77: SUB TOTAL B.1 | Z77: =SUM(Z41:AD76) -> #REF!
U78: =SUM(G78:T78) -> 0
A79: B.2 | B79: PEKERJAAN FINISHING PLAFOND DAN DINDING | U79: =SUM(G79:T79) -> 0
B80: Catatan harga : | U80: =SUM(G80:T80) -> 0
B81: Pekerjaan dan Pemasangan plafond gypsum | U81: =SUM(G81:T81) -> 0
B82: Harga satuan biaya pemasangan sudah termasuk upah angkut bahan, pemotongan | U82: =SUM(G82:T82) -> 0
B83: pembersihan, pemasangan, pemolesan, perapihan, bahan pembantu | U83: =SUM(G83:T83) -> 0
B84: upah kerja peralatan dan bahan terbuang (waste) | U84: =SUM(G84:T84) -> 0
U85: =SUM(G85:T85) -> 0
B86: Harga satuan plafond gypsum ex. Jayaboard/setara sudah bahan gypsum board | U86: =SUM(G86:T86) -> 0
B87: rangka plafond hollow 20/40 dan 40/40 dengan tebal 0,4 mm | U87: =SUM(G87:T87) -> 0
B88: dan penggantungnya, penyiapan tempat serta pemasangan plafond gypsum | U88: =SUM(G88:T88) -> 0
B89: dan konstruksi penggantungnya pada tempat-tempat yang tercantum pada gambar | U89: =SUM(G89:T89) -> 0
U90: =SUM(G90:T90) -> 0
B91: Pekerjaan Pengecatan | U91: =SUM(G91:T91) -> 0
B92: Harga satuan pekerjaan cat sudah termasuk pekerjaan cat dasar. | U92: =SUM(G92:T92) -> 0
B93: upah angkut bahan, pembersihan, perapihan, peralatan bantu dan upah kerja | U93: =SUM(G93:T93) -> 0
U94: =SUM(G94:T94) -> 0
A95: 1 | B95: Pekerjaan Pemasangan Plafond dan Rangka | U95: =SUM(G95:T95) -> 0
A96: 1.1 | B96: Pekerjaan Plafond Gypsum | U96: =SUM(G96:T96) -> 0
B97: - Rangka + plafond Gypsum board | E97: t=9 mm + rangka metal furing ex. Jayaboard/setara | F97: m2 | G97: 1412 | H97: 978 | I97: 1121 | J97: 1121 | K97: 1121 | L97: 1121 | M97: 1121 | N97: 1121 | O97: 1121 | P97: 1229 | Q97: 1229 | R97: 1229 | S97: 1229 | U97: =SUM(G97:T97) -> 15153 | V97: ='Ars topaz'!L66 -> #REF! | W97: ='Ars topaz'!M66 -> #REF! | X97: =U97*V97 -> #REF! | Y97: =U97*W97 -> #REF! | Z97: =X97+Y97 -> #REF!
B98: - List Plafond | E98: List z aluminium | F98: m' | G98: 1152 | H98: 1385 | I98: 1585 | J98: 1585 | K98: 1585 | L98: 1585 | M98: 1585 | N98: 1585 | O98: 1585 | P98: 1685 | Q98: 1685 | R98: 1685 | S98: 1685 | U98: =SUM(G98:T98) -> 20372 | V98: ='Ars topaz'!L67 -> #REF! | W98: ='Ars topaz'!M67 -> #REF! | X98: =U98*V98 -> #REF! | Y98: =U98*W98 -> #REF! | Z98: =X98+Y98 -> #REF!
A99: 1.2 | B99: Pekerjaan Plafond Calsiboard | U99: =SUM(G99:T99) -> 0 | X99: =U99*V99 -> 0 | Y99: =U99*W99 -> 0 | Z99: =X99+Y99 -> 0
B100: - Rangka + plafond Gypsum board | E100: t=9 mm + rangka metal furing ex. Jayaboard/setara | F100: m2 | H100: 253 | I100: 294 | J100: 294 | K100: 294 | L100: 294 | M100: 294 | N100: 294 | O100: 294 | P100: 1685 | Q100: 1685 | R100: 1685 | S100: 1685 | U100: =SUM(G100:T100) -> 9051 | V100: ='Ars topaz'!L69 -> #REF! | W100: ='Ars topaz'!M69 -> #REF! | X100: =U100*V100 -> #REF! | Y100: =U100*W100 -> #REF! | Z100: =X100+Y100 -> #REF!
B101: - List Plafond | E101: List z aluminium | F101: m' | H101: 856 | I101: 994 | J101: 994 | K101: 994 | L101: 994 | M101: 994 | N101: 994 | O101: 994 | P101: 1004 | Q101: 1004 | R101: 1004 | S101: 1004 | U101: =SUM(G101:T101) -> 11830 | V101: ='Ars topaz'!L70 -> #REF! | W101: ='Ars topaz'!M70 -> #REF! | X101: =U101*V101 -> #REF! | Y101: =U101*W101 -> #REF! | Z101: =X101+Y101 -> #REF!
A102: 1.3 | B102: Pekerjaan Plafond Gypsum Area Koridor dan Lobby Lift | U102: =SUM(G102:T102) -> 0 | X102: =U102*V102 -> 0 | Y102: =U102*W102 -> 0 | Z102: =X102+Y102 -> 0
B103: - Rangka + plafond Gypsum board | E103: t=9 mm + rangka metal furing ex. Jayaboard/setara | F103: m2 | G103: 160 | H103: 231 | I103: 231 | J103: 231 | K103: 231 | L103: 231 | M103: 231 | N103: 231 | O103: 231 | P103: 231 | Q103: 231 | R103: 231 | S103: 231 | U103: =SUM(G103:T103) -> 2932 | V103: ='Ars topaz'!L72 -> #REF! | W103: ='Ars topaz'!M72 -> #REF! | X103: =U103*V103 -> #REF! | Y103: =U103*W103 -> #REF! | Z103: =X103+Y103 -> #REF!
B104: - List Plafond | E104: List z aluminium | F104: m' | G104: 116 | H104: 316 | I104: 316 | J104: 316 | K104: 316 | L104: 316 | M104: 316 | N104: 316 | O104: 316 | P104: 316 | Q104: 316 | R104: 316 | S104: 316 | U104: =SUM(G104:T104) -> 3908 | V104: ='Ars topaz'!L73 -> #REF! | W104: ='Ars topaz'!M73 -> #REF! | X104: =U104*V104 -> #REF! | Y104: =U104*W104 -> #REF! | Z104: =X104+Y104 -> #REF!
U105: =SUM(G105:T105) -> 0 | X105: =U105*V105 -> 0 | Y105: =U105*W105 -> 0 | Z105: =X105+Y105 -> 0
A106: 2 | B106: Pekerjaan Pengecatan | U106: =SUM(G106:T106) -> 0 | X106: =U106*V106 -> 0 | Y106: =U106*W106 -> 0 | Z106: =X106+Y106 -> 0
A107: 2.1 | B107: Pengecatan dinding exterior : | U107: =SUM(G107:T107) -> 0 | X107: =U107*V107 -> 0 | Y107: =U107*W107 -> 0 | Z107: =X107+Y107 -> 0
C108: - Cat dasar : | E108: alkali resisting primer | F108: m2 | H108: 330 | I108: 276 | J108: 276 | K108: 276 | L108: 276 | M108: 276 | N108: 276 | O108: 276 | P108: 182 | Q108: 182 | R108: 182 | S108: 182 | U108: =SUM(G108:T108) -> 2990 | V108: ='Ars topaz'!L77 -> #REF! | W108: ='Ars topaz'!M77 -> #REF! | X108: =U108*V108 -> #REF! | Y108: =U108*W108 -> #REF! | Z108: =X108+Y108 -> #REF!
C109: - Cat Penutup : | E109: wheathershild max ex. ICI DUlux/setara | F109: m2 | H109: 330 | I109: 276 | J109: 276 | K109: 276 | L109: 276 | M109: 276 | N109: 276 | O109: 276 | P109: 182 | Q109: 182 | R109: 182 | S109: 182 | U109: =SUM(G109:T109) -> 2990 | V109: ='Ars topaz'!L78 -> #REF! | W109: ='Ars topaz'!M78 -> #REF! | X109: =U109*V109 -> #REF! | Y109: =U109*W109 -> #REF! | Z109: =X109+Y109 -> #REF!
A110: 2.2 | B110: Pengecatan exterior untuk kanopi beton dan pelat plafond balkon : | U110: =SUM(G110:T110) -> 0 | X110: =U110*V110 -> 0 | Y110: =U110*W110 -> 0 | Z110: =X110+Y110 -> 0
C111: =+C108 -> - Cat dasar : | E111: =+E108 -> alkali resisting primer | F111: m2 | G111: 45 | H111: 91 | I111: 106 | J111: 106 | K111: 106 | L111: 106 | M111: 106 | N111: 106 | O111: 106 | P111: 133 | Q111: 133 | R111: 133 | S111: 133 | U111: =SUM(G111:T111) -> 1410 | V111: ='Ars topaz'!L80 -> #REF! | W111: ='Ars topaz'!M80 -> #REF! | X111: =U111*V111 -> #REF! | Y111: =U111*W111 -> #REF! | Z111: =X111+Y111 -> #REF!
C112: =+C109 -> - Cat Penutup : | E112: =+E109 -> wheathershild max ex. ICI DUlux/setara | F112: m2 | G112: 45 | H112: 91 | I112: 106 | J112: 106 | K112: 106 | L112: 106 | M112: 106 | N112: 106 | O112: 106 | P112: 133 | Q112: 133 | R112: 133 | S112: 133 | U112: =SUM(G112:T112) -> 1410 | V112: ='Ars topaz'!L81 -> #REF! | W112: ='Ars topaz'!M81 -> #REF! | X112: =U112*V112 -> #REF! | Y112: =U112*W112 -> #REF! | Z112: =X112+Y112 -> #REF!
A113: 2.3 | B113: Pengecatan dinding interior : | U113: =SUM(G113:T113) -> 0 | X113: =U113*V113 -> 0 | Y113: =U113*W113 -> 0 | Z113: =X113+Y113 -> 0
C114: - Cat dasar : | E114: primer : cathylac cat dasar | F114: m2 | G114: 4219 | H114: 2886 | I114: 2433 | J114: 2433 | K114: 2433 | L114: 2433 | M114: 2433 | N114: 2433 | O114: 2359 | P114: 2597 | Q114: 2598 | R114: 2599 | S114: 2600 | U114: =SUM(G114:T114) -> 34456 | V114: ='Ars topaz'!L83 -> #REF! | W114: ='Ars topaz'!M83 -> #REF! | X114: =U114*V114 -> #REF! | Y114: =U114*W114 -> #REF! | Z114: =X114+Y114 -> #REF!
C115: - Cat Penutup : | E115: ex. Cathylac/setara | F115: m2 | G115: 4219 | H115: 2886 | I115: 2433 | J115: 2433 | K115: 2433 | L115: 2433 | M115: 2433 | N115: 2433 | O115: 2359 | P115: 2597 | Q115: 2598 | R115: 2599 | S115: 2600 | U115: =SUM(G115:T115) -> 34456 | V115: ='Ars topaz'!L84 -> #REF! | W115: ='Ars topaz'!M84 -> #REF! | X115: =U115*V115 -> #REF! | Y115: =U115*W115 -> #REF! | Z115: =X115+Y115 -> #REF!
A116: 2.4 | B116: Pengecatan plafond gypsum, balok & pelat expose interior/exterior : | U116: =SUM(G116:T116) -> 0 | X116: =U116*V116 -> 0 | Y116: =U116*W116 -> 0 | Z116: =X116+Y116 -> 0
...

Sheet Ars topaz
A1: BILL OF ITEM
A3: Proyek | D3: =+#REF! -> #REF! | G3: =+#REF! -> #REF! | L3: PEMBERI TUGAS :
A4: Lokasi Proyek | D4: =+#REF! -> #REF! | G4: =+#REF! -> #REF! | L4: PT. BINAKARYA BANGUN PROPERTINDO
A5: Paket Pekerjaan | D5: =+#REF! -> #REF!
A6: Kontraktor | D6: =+#REF! -> #REF!
A7: Catatan | D7: =+#REF! -> #REF!
D8: =+#REF! -> #REF!
Q10: koef | R10: =+#REF! -> #REF! | S10: 1
A11: NO | B11: URAIAN PEKERJAAN | E11: SPESIFIKASI | F11: SAT | G11: VOLUME | K11: Volume | L11: Harga Satuan | N11: Jumlah | P11: Jumlah | R11: -2
G12: Basement | H12: Lt. Dasar | I12: Lt. 1 | J12: Lt. 2 | K12: Total | L12: Material Utama | M12: Mat bantu+upah | N12: Material Utama | O12: Mat bantu+upah | P12: Total | R12: 0.75 | S12: =1-R12 -> 0.25
A13: III | B13: PEKERJAAN ARSITEKTUR
A14: A | B14: PEKERJAAN ARSITEKTUR TOWER TOPAZ
B15: Catatan :
B16: Pekerjaan pasangan dinding bata ringan
B17: Harga satuan dinding bata dinding bata ringan ex. Primacon/setara
B18: yang disetujui dengan perekat dan adukan khusus, sudah termasuk angkur
B19: untuk setiap pasangan dinding yang berhubungan dengan kolom struktur
B20: (besi n 8 mm, p=40cm/titik ; setiap sisi dipasang 2 buah), termasuk juga
B21: sparing, dan semua pekerjaan bantu yang berhubungan dengan pekerjaan.
B23: Harga satuan plesteran sudah termasuk acian, ketrikan atau bobokan beton
B24: maupun bata, kawat ayam (bila diperlukan) dan semua pekerjaan
B25: bantu yang diperlukan.
B27: Plesteran dan acian dinding bata ringan ex. Pc Tigaroda, pasir pasang/setara,
B29: Pembetukan sudutan pada pertemuan dinding sisi luar, sudutan kolom,
... B34: dimana permukaan expose beton rata dan pembentukan sudutan rapi/lurus
A36: A.1 | B36: PEKERJAAN PASANGAN DINDING
A37: 1 | B37: Pekerjaan Pasangan untuk Dinding Ruangan
B38: Pasangan bata ringan t=7,5 cm untuk dinding penyekat ruangan di unit, KM, dan
B39: ruang-ruang fasilitas lainnya tidak termasuk dinding lift :
B40: - Pasangan bata ringan tebal = 7,5 cm [tebal finish=10cm] + thinbed | E40: Bata ringan ex. Primacon/setara + thinbed MU-380/setara | F40: m2 | G40: 145.15 | H40: 101.35 | I40: 312.2 | J40: 193.4 | K40: =SUM(G40:J40) -> 752.1 | L40: =ANALISA!$I$9-55000 -> 107848.33 | M40: 55000 | N40: =K40*L40 -> 81112731 | O40: =K40*M40 -> 41365500 | P40: =N40+O40 -> 1.2247823e+08 | R40: 97898.65 | S40: 17030
B41: - Plesteran t=2,5 cm/sisi, | E41: 1Pc : 3 Ps | F41: m2 | G41: =G40*2 -> 290.3 | H41: =H40*2 -> 202.7 | I41: =I40*2 -> 624.4 | J41: =J40*2 -> 386.8 | K41: =SUM(G41:J41) -> 1504.2 | L41: =ANALISA!$I$15-40000 -> 90750 | M41: 40000 | N41: =K41*L41 -> 136506150 | O41: =K41*M41 -> 60168000 | P41: =N41+O41 -> 196674150 | R41: 24381.5 | S41: 16740
B42: - Acian mortar t=0,05mm/sisi | E42: Potland Cemen Setara Tigaroda | F42: m2 | G42: =G41 -> 290.3 | H42: =H41 -> 202.7 | I42: =I41 -> 624.4 | J42: =J41 -> 386.8 | K42: =SUM(G42:J42) -> 1504.2 | L42: =ANALISA!$I$17 -> 33750 | M42: =ANALISA!$I$18 -> 34000 | N42: =K42*L42 -> 50766750 | O42: =K42*M42 -> 51142800 | P42: =N42+O42 -> 101909550 | R42: 14842.5 | S42: 10390
A43: 2 | B43: Dinding Toilet Keramik uk.20x40 cm
B44: Pasangan Keramik Toilet setara Roman
B45: - Dinding Toilet | E45: Keramik setara roman, perekat pc setara tigaroda | F45: m2 | G45: 59.3 | H45: 47.5 | I45: 173 | J45: 43 | K45: =SUM(G45:J45) -> 322.8 | L45: 245000 | M45: 35000 | N45: =K45*L45 -> 79086000 | O45: =K45*M45 -> 11298000 | P45: =N45+O45 -> 90384000 | R45: 97898.65 | S45: 17030
O46: SUB TOTAL A.1 | P46: =SUM(P13:P45) -> 5.1144593e+08
A48: A.2 | B48: PEKERJAAN FINISHING PLAFOND DAN DINDING
B49: Catatan harga :
B50: Pekerjaan dan Pemasangan plafond gypsum
B51: Harga satuan biaya pemasangan sudah termasuk upah angkut bahan, pemotongan
B52: pembersihan, pemasangan, pemolesan, perapihan, bahan pembantu
B53: upah kerja peralatan dan bahan terbuang (waste)
B55: Harga satuan plafond gypsum ex. Jayaboard/setara sudah bahan gypsum board
B56: rangka plafond hollow 20/40 dan 40/40 dengan tebal 0,4 mm
B57: dan penggantungnya, penyiapan tempat serta pemasangan plafond gypsum
B58: dan konstruksi penggantungnya pada tempat-tempat yang tercantum pada gambar
B60: Pekerjaan Pengecatan
B61: Harga satuan pekerjaan cat sudah termasuk pekerjaan cat dasar.
B62: upah angkut bahan, pembersihan, perapihan, peralatan bantu dan upah kerja
A64: 1 | B64: Pekerjaan Pemasangan Plafond dan Rangka
A65: 1.1 | B65: Pekerjaan Plafond Gypsum
B66: - Rangka + plafond Gypsum board | E66: t=9 mm + rangka metal furing ex. Jayaboard/setara | F66: m2 | G66: 1528 | H66: 1311 | I66: 1650 | J66: 1650 | K66: =SUM(G66:J66) -> 6139 | L66: =ROUND(R66*$R$10,$R$11) -> #REF! | M66: =ROUND(S66*$R$10,$R$11) -> #REF! | N66: =K66*L66 -> #REF! | O66: =K66*M66 -> #REF! | P66: =N66+O66 -> #REF! | R66: =26540+63470 -> 90010 | S66: =9230+10960 -> 20190 | T66: 72000
B67: - List Plafond | E67: List z aluminium | F67: m' | G67: =28+52+30+20+40+607+110+110+21+25 -> 1043 | H67: 1837 | I67: 2312 | J67: 2312 | K67: =SUM(G67:J67) -> 7504 | L67: =ROUND(R67*$R$10,$R$11) -> #REF! | M67: =ROUND(S67*$R$10,$R$11) -> #REF! | N67: =K67*L67 -> #REF! | O67: =K67*M67 -> #REF! | P67: =N67+O67 -> #REF! | R67: 10960 | S67: 4040 | T67: 14000
A68: 1.2 | B68: Pekerjaan Plafond Calsiboard | K68: =SUM(G68:J68) -> 0 | N68: =K68*L68 -> 0 | O68: =K68*M68 -> 0 | P68: =N68+O68 -> 0
B69: - Rangka + plafond Calsiboard | E69: t=9 mm + rangka metal furing ex. Jayaboard/setara | F69: m2 | G69: 87 | H69: 316 | I69: 398 | J69: 398 | K69: =SUM(G69:J69) -> 1199 | L69: =ROUND(R69*$R$10,$R$11) -> #REF! | M69: =ROUND(S69*$R$10,$R$11) -> #REF! | N69: =K69*L69 -> #REF! | O69: =K69*M69 -> #REF! | P69: =N69+O69 -> #REF! | R69: =26540+86550 -> 113090 | S69: =9230+10960 -> 20190 | T69: 85000 | X69: CEK HARGA !!!
B70: - List Plafond | E70: List z aluminium | F70: m' | G70: 65 | H70: 1054 | I70: 1329 | J70: 1329 | K70: =SUM(G70:J70) -> 3777 | L70: =+L67 -> #REF! | M70: =+M67 -> #REF! | N70: =K70*L70 -> #REF! | O70: =K70*M70 -> #REF! | P70: =N70+O70 -> #REF! | R70: =+$R$12*T70 -> 10500 | S70: =+$S$12*T70 -> 3500 | T70: 14000
A71: 1.3 | B71: Pekerjaan Plafond Gypsum Area Koridor dan Lobby Lift | K71: =SUM(G71:J71) -> 0 | N71: =K71*L71 -> 0 | O71: =K71*M71 -> 0 | P71: =N71+O71 -> 0
B72: - Rangka + plafond Gypsum board | E72: t=9 mm + rangka metal furing ex. Jayaboard/setara | F72: m2 | G72: 86 | H72: 954 | I72: 535 | J72: 535 | K72: =SUM(G72:J72) -> 2110 | L72: =L66 -> #REF! | M72: =M66 -> #REF! | N72: =K72*L72 -> #REF! | O72: =K72*M72 -> #REF! | P72: =N72+O72 -> #REF!
B73: - List Plafond | E73: List z aluminium | F73: m' | G73: 100 | H73: 616 | I73: 545 | J73: 545 | K73: =SUM(G73:J73) -> 1806 | L73: =L67 -> #REF! | M73: =M67 -> #REF! | N73: =K73*L73 -> #REF! | O73: =K73*M73 -> #REF! | P73: =N73+O73 -> #REF!
K74: =SUM(G74:J74) -> 0 | N74: =K74*L74 -> 0 | O74: =K74*M74 -> 0 | P74: =N74+O74 -> 0
A75: 2 | B75: Pekerjaan Pengecatan | K75: =SUM(G75:J75) -> 0 | N75: =K75*L75 -> 0 | O75: =K75*M75 -> 0 | P75: =N75+O75 -> 0
A76: 2.1 | B76: Pengecatan dinding exterior : | K76: =SUM(G76:J76) -> 0 | N76: =K76*L76 -> 0 | O76: =K76*M76 -> 0 | P76: =N76+O76 -> 0
C77: - Cat dasar : | E77: alkali resisting primer | F77: m2 | H77: =#REF! -> #REF! | I77: =#REF! -> #REF! | J77: =#REF! -> #REF! | K77: =SUM(G77:J77) -> #REF! | L77: =ROUND(R77*$R$10,$R$11) -> #REF! | M77: =ROUND(S77*$R$10,$R$11) -> #REF! | N77: =K77*L77 -> #REF! | O77: =K77*M77 -> #REF! | P77: =N77+O77 -> #REF! | R77: 3460 | S77: 2310
C78: - Cat Penutup : | E78: wheathershild max ex. ICI DUlux/setara | F78: m2 | H78: =H77 -> #REF! | I78: =I77 -> #REF! | J78: =J77 -> #REF! | K78: =SUM(G78:J78) -> #REF! | L78: =ROUND(R78*$R$10,$R$11) -> #REF! | M78: =ROUND(S78*$R$10,$R$11) -> #REF! | N78: =K78*L78 -> #REF! | O78: =K78*M78 -> #REF! | P78: =N78+O78 -> #REF! | R78: 14430 | S78: 6350
A79: 2.2 | B79: Pengecatan exterior untuk kanopi beton dan pelat plafond balkon : | K79: =SUM(G79:J79) -> 0 | N79: =K79*L79 -> 0 | O79: =K79*M79 -> 0 | P79: =N79+O79 -> 0
C80: =+C77 -> - Cat dasar : | E80: =+E77 -> alkali resisting primer | F80: m2 | G80: =17+36 -> 53 | H80: 117 | I80: 147 | J80: 147 | K80: =SUM(G80:J80) -> 464 | L80: =L77 -> #REF! | M80: =+M77 -> #REF! | N80: =K80*L80 -> #REF! | O80: =K80*M80 -> #REF! | P80: =N80+O80 -> #REF!
C81: =+C78 -> - Cat Penutup : | E81: =+E78 -> wheathershild max ex. ICI DUlux/setara | F81: m2 | G81: =G80 -> 53 | H81: =H80 -> 117 | I81: =I80 -> 147 | J81: =J80 -> 147 | K81: =SUM(G81:J81) -> 464 | L81: =L78 -> #REF! | M81: =+M78 -> #REF! | N81: =K81*L81 -> #REF! | O81: =K81*M81 -> #REF! | P81: =N81+O81 -> #REF!
A82: 2.3 | B82: Pengecatan dinding interior : | K82: =SUM(G82:J82) -> 0 | N82: =K82*L82 -> 0 | O82: =K82*M82 -> 0 | P82: =N82+O82 -> 0
C83: - Cat dasar : | E83: primer : cathylac cat dasar | F83: m2 | G83: =G40+#REF!+#REF! -> #REF! | H83: =H40+#REF!+#REF! -> #REF! | I83: =I40+#REF!+#REF! -> #REF! | J83: =J40+#REF!+#REF! -> #REF! | K83: =SUM(G83:J83) -> #REF! | L83: =+L80 -> #REF! | M83: =+M80 -> #REF! | N83: =K83*L83 -> #REF! | O83: =K83*M83 -> #REF! | P83: =N83+O83 -> #REF! | S83: 3000
C84: - Cat Penutup : | E84: ex. Cathylac/setara | F84: m2 | G84: =G83 -> #REF! | H84: =H83 -> #REF! | I84: =I83 -> #REF! | J84: =J83 -> #REF! | K84: =SUM(G84:J84) -> #REF! | L84: =ROUND(R84*$R$10,$R$11) -> #REF! | M84: =ROUND(S84*$R$10,$R$11) -> #REF! | N84: =K84*L84 -> #REF! | O84: =K84*M84 -> #REF! | P84: =N84+O84 -> #REF! | R84: 6350 | S84: 3460
A85: 2.4 | B85: Pengecatan plafond gypsum, balok & pelat expose interior/exterior : | K85: =SUM(G85:J85) -> 0 | N85: =K85*L85 -> 0 | O85: =K85*M85 -> 0 | P85: =N85+O85 -> 0
C86: =+C83 -> - Cat dasar : | E86: =+E83 -> primer : cathylac cat dasar | F86: m2 | G86: =#REF!+#REF!+G66+G69 -> #REF! | H86: =#REF!+#REF!+H66+H69 -> #REF! | I86: =#REF!+I66+I69 -> #REF! | J86: =#REF!+J66+J69 -> #REF! | K86: =SUM(G86:J86) -> #REF! | L86: =L80 -> #REF! | M86: =+M83 -> #REF! | N86: =K86*L86 -> #REF! | O86: =K86*M86 -> #REF! | P86: =N86+O86 -> #REF!
C87: =+C84 -> - Cat Penutup : | E87: =+E84 -> ex. Cathylac/setara | F87: m2 | G87: =G86 -> #REF! | H87: =H86 -> #REF! | I87: =I86 -> #REF! | J87: =J86 -> #REF! | K87: =SUM(G87:J87) -> #REF! | L87: =L84 -> #REF! | M87: =+M84 -> #REF! | N87: =K87*L87 -> #REF! | O87: =K87*M87 -> #REF! | P87: =N87+O87 -> #REF!
A88: 2.5 | B88: Pengecatan expose kolom, & expose bawah tangga : | K88: =SUM(G88:J88) -> 0 | N88: =K88*L88 -> 0 | O88: =K88*M88 -> 0 | P88: =N88+O88 -> 0
C89: =+C86 -> - Cat dasar : | E89: =+E86 -> primer : cathylac cat dasar | F89: m2 | G89: 665 | H89: 665 | I89: 676 | J89: 677 | K89: =SUM(G89:J89) -> 2683 | L89: =L83 -> #REF! | M89: =+M86 -> #REF! | N89: =K89*L89 -> #REF! | O89: =K89*M89 -> #REF! | P89: =N89+O89 -> #REF!
C90: =+C87 -> - Cat Penutup : | E90: =+E84 -> ex. Cathylac/setara | F90: m2 | G90: =H90 -> 665 | H90: =H89 -> 665 | I90: =I89 -> 676 | J90: =J89 -> 677 | K90: =SUM(G90:J90) -> 2683 | L90: =L87 -> #REF! | M90: =+M87 -> #REF! | N90: =K90*L90 -> #REF! | O90: =K90*M90 -> #REF! | P90: =N90+O90 -> #REF!
A91: 2.6 | B91: Pengecatan dinding koridor dan sisi luar parkir ; setinggi plafond : | K91: =SUM(G91:J91) -> 0 | N91: =K91*L91 -> 0 | O91: =K91*M91 -> 0 | P91: =N91+O91 -> 0
C92: =+C89 -> - Cat dasar : | E92: =+E80 -> alkali resisting primer | F92: m2 | G92: =ROUNDUP(G73*2.4-(59*(1.89+0.6)),0) -> 94 | H92: =ROUNDUP(H73*2.4-(59*(1.89+0.6)),0) -> 1332 | I92: =ROUNDUP(I73*2.4-(75*(1.89+0.6)),0) -> 1122 | J92: =ROUNDUP(J73*2.4-(75*(1.89+0.6)),0) -> 1122 | K92: =SUM(G92:J92) -> 3670 | L92: =L89 -> #REF! | M92: =+M80 -> #REF! | N92: =K92*L92 -> #REF! | O92: =K92*M92 -> #REF! | P92: =N92+O92 -> #REF!
C93: - Cat penutup | E93: Pentalite ex. ICI Dulux/etara | F93: m2 | G93: =G92 -> 94 | H93: =H92 -> 1332 | I93: =I92 -> 1122 | J93: =J92 -> 1122 | K93: =SUM(G93:J93) -> 3670 | L93: =+L81 -> #REF! | M93: =+M81 -> #REF! | N93: =K93*L93 -> #REF! | O93: =K93*M93 -> #REF! | P93: =N93+O93 -> #REF!
A94: 2.7 | B94: Pengecatan dinding kolom dan koridor dalam R. Tangga setinggi 120 cm : | K94: =SUM(G94:J94) -> 0 | N94: =K94*L94 -> 0 | O94: =K94*M94 -> 0 | P94: =N94+O94 -> 0
C95: =+C92 -> - Cat dasar : | E95: =+E92 -> alkali resisting primer | F95: m2 | G95: 87 | H95: 87 | I95: 70 | J95: 71 | K95: =SUM(G95:J95) -> 315 | L95: =L92 -> #REF! | M95: =+M89 -> #REF! | N95: =K95*L95 -> #REF! | O95: =K95*M95 -> #REF! | P95: =N95+O95 -> #REF!
C96: =+C93 -> - Cat penutup | E96: =+E93 -> Pentalite ex. ICI Dulux/etara | F96: m2 | G96: =G95 -> 87 | H96: =H95 -> 87 | I96: =I95 -> 70 | J96: =J95 -> 71 | K96: =SUM(G96:J96) -> 315 | L96: =+L90 -> #REF! | M96: =+M90 -> #REF! | N96: =K96*L96 -> #REF! | O96: =K96*M96 -> #REF! | P96: =N96+O96 -> #REF!
O98: SUB TOTAL A.2 | P98: =SUM(P51:P97) -> #REF!
A100: A.3 | B100: PEKERJAAN PASANGAN KERAMIK LANTAI DAN KERAMIK DINDING
B101: Catatan harga :
B102: Pekerjaan pasangan Keramik Lantai/dinding
B103: Harga satuan biaya pemasangan sudah termasuk upah angkut bahan, pemotongan
B104: pembersihan, pemasangan, pemolesan, perapihan, peminggulan, perekat,
B105: pengisian nad, bahan pembantu, upah kerja peralatan dan bahan terbuang (waste)
B107: Harga satuan pekerjaan dan atau biaya pemasangan pelapis lantai sudah termasuk
B108: screed leveling dan ketrik slab beton sesuai kebutuhan
B110: Harga satuan pekerjaan pelapis dinding harus sudah termasuk adukan/perekat,
B111: angkur, kawat pengikat, pemotongan, pinggulan, adu manis, nad, poles, perapian
B112: pada pertemuan dengan peralatan sanitair, dinding/kolom.
B114: Setiap pekerjaan harus sesuai dengan dengan petunjuk yang disyaratkan
B115: pabrik pembuatnya
A117: 1 | B117: Pekerjaan Finishing lantai, Pasangan keramik lantai dan dinding Lt. Basement dan Lt. Dasar
A118: 1.1 | B118: R. Engineering, R. BOA, R. Mail Box, | K118: =SUM(G118:J118) -> 0 | N118: =K118*L118 -> 0 | O118: =K118*M118 -> 0 | P118: =N118+O118 -> 0
C119: - Urugan pasir untuk peninggian level lantai + 15 cm | F119: m3 | G119: 64 | K119: =SUM(G119:J119) -> 64 | L119: =ROUND(R119*$R$10,$R$11) -> #REF! | M119: =ROUND(S119*$R$10,$R$11) -> #REF! | N119: =K119*L119 -> #REF! | O119: =K119*M119 -> #REF! | P119: =N119+O119 -> #REF! | R119: 167330 | S119: 9810 | T119: 225000
C120: - Granit tile 60x60 | E120: =+E138 -> GB126005S - Verona ex. Wisma Sehati | F120: m2 | G120: 423 | K120: =SUM(G120:J120) -> 423 | L120: 0 | M120: =SUM(ANALISA!I44,ANALISA!I51) -> 68019.625 | N120: =K120*L120 -> 0 | O120: =K120*M120 -> 28772301 | P120: =N120+O120 -> 28772301 | S120: 63085.7
...

Sheet ANALISA ATAP
A3: 1 | C3: Kuda-kuda baja ringan M2
C4: Baja ringan Canal 0,75 | F4: M' | G4: 6 | H4: =160000/6 -> 26666.667 | I4: =G4*H4 -> 160000
C5: Baud | F5: bh | G5: 28 | H5: 1000 | I5: =G5*H5 -> 28000
C6: Dynabolt | F6: bh | G6: 1 | H6: 10000 | I6: =G6*H6 -> 10000
C7: Alat bantu | F7: ls | G7: 1 | H7: 7000 | I7: =G7*H7 -> 7000
I8: =SUM(I4:I6) -> 198000
E9: keuntungan | H9: 0.15 | I9: =I8*H9 -> 29700
I10: =SUM(I8:I9) -> 227700
C11: Upah :
C12: Pekerja | F12: OH | G12: 0.2 | H12: 130000 | I12: =G12*H12 -> 26000
C13: Tukang Besi | F13: OH | G13: 0.45 | H13: 180000 | I13: =G13*H13 -> 81000
C14: Kepala Tukang | F14: OH | G14: 0.01 | H14: 200000 | I14: =G14*H14 -> 2000
C15: Mandor | F15: OH | G15: 0.05 | H15: 260000 | I15: =G15*H15 -> 13000
I16: =SUM(I12:I15) -> 122000
E17: keuntungan | H17: 0.15 | I17: =I16*H17 -> 18300
I18: =SUM(I16:I17) -> 140300
A20: =A3+1 -> 2 | C20: Reng Kuda-kuda baja ringan M2
C21: Reng ringan Canal 0,45 | F21: M' | G21: 4 | H21: =45000/4 -> 11250 | I21: =G21*H21 -> 45000
C22: Baud | F22: bh | G22: 28 | H22: 500 | I22: =G22*H22 -> 14000
C23: Alat bantu | F23: ls | G23: 1 | H23: =800 -> 800 | I23: =G23*H23 -> 800
I24: =SUM(I21:I22) -> 59000
E25: keuntungan | H25: 0.15 | I25: =I24*H25 -> 8850
I26: =SUM(I24:I25) -> 67850
C27: Upah :
C28: Pekerja | F28: OH | G28: 0.005 | H28: 130000 | I28: =G28*H28 -> 650
C29: Tukang Besi | F29: OH | G29: 0.015 | H29: 180000 | I29: =G29*H29 -> 2700
C30: Kepala Tukang | F30: OH | G30: 0.01 | H30: 200000 | I30: =G30*H30 -> 2000
C31: Mandor | F31: OH | G31: 0.015 | H31: 260000 | I31: =G31*H31 -> 3900
I32: =SUM(I28:I31) -> 9250
E33: keuntungan | H33: 0.15 | I33: =I32*H33 -> 1387.5
I34: =SUM(I32:I33) -> 10637.5
A36: =A20+1 -> 3 | C36: Pekerjaan Almunium Foil M2
C37: Almunium Foil | F37: M2 | G37: 1 | H37: =300000/25 -> 12000 | I37: =G37*H37 -> 12000
C38: Baud | F38: bh | G38: 4 | H38: 500 | I38: =G38*H38 -> 2000
C39: Alat bantu | F39: ls | G39: 1 | H39: =2000 -> 2000 | I39: =G39*H39 -> 2000
I40: =SUM(I37:I38) -> 14000
E41: keuntungan | H41: 0.15 | I41: =I40*H41 -> 2100
I42: =SUM(I40:I41) -> 16100
C43: Upah :
C44: Pekerja | F44: OH | G44: 0.01 | H44: 130000 | I44: =G44*H44 -> 1300
C45: Tukang Besi | F45: OH | G45: 0.03 | H45: 180000 | I45: =G45*H45 -> 5400
C46: Kepala Tukang | F46: OH | G46: 0.01 | H46: 200000 | I46: =G46*H46 -> 2000
C47: Mandor | F47: OH | G47: 0.001 | H47: 260000 | I47: =G47*H47 -> 260
I48: =SUM(I44:I47) -> 8960
E49: keuntungan | H49: 0.15 | I49: =I48*H49 -> 1344
I50: =SUM(I48:I49) -> 10304
A52: =A36+1 -> 4 | C52: Pekerjaan Pemasangan atap
C53: atap beton | F53: M2 | G53: 18 | H53: 11000 | I53: =G53*H53 -> 198000
C54: Baud | F54: bh | G54: 22 | H54: 500 | I54: =G54*H54 -> 11000
C55: Alat bantu | F55: ls | G55: 1 | H55: =800 -> 800 | I55: =G55*H55 -> 800
I56: =SUM(I53:I54) -> 209000
E57: keuntungan | H57: 0.15 | I57: =I56*H57 -> 31350
I58: =SUM(I56:I57) -> 240350
C59: Upah :
C60: Pekerja | F60: OH | G60: 0.05 | H60: 130000 | I60: =G60*H60 -> 6500
C61: Tukang | F61: OH | G61: 0.05 | H61: 180000 | I61: =G61*H61 -> 9000
C62: Kepala Tukang | F62: OH | G62: 0.01 | H62: 200000 | I62: =G62*H62 -> 2000
C63: Mandor | F63: OH | G63: 0.001 | H63: 260000 | I63: =G63*H63 -> 260
I64: =SUM(I60:I63) -> 17760
E65: keuntungan | H65: 0.15 | I65: =I64*H65 -> 2664
I66: =SUM(I64:I65) -> 20424
A68: =A52+1 -> 5 | C68: Pekerjaan Listplank M'
C69: Listplang Gypsum | F69: M' | G69: 1 | H69: =65000/4 -> 16250 | I69: =G69*H69 -> 16250
C70: Baud | F70: bh | G70: 8 | H70: =500 -> 500 | I70: =G70*H70 -> 4000
C71: Compon | F71: kg | G71: 0.2 | H71: =60000/40 -> 1500 | I71: =G71*H71 -> 300
C72: Alat bantu | F72: ls | G72: 1 | H72: =800 -> 800 | I72: =G72*H72 -> 800
I73: =SUM(I69:I70) -> 20250
E74: keuntungan | H74: 0.15 | I74: =I73*H74 -> 3037.5
I75: =SUM(I73:I74) -> 23287.5
C76: Upah :
C77: Pekerja | F77: OH | G77: 0.005 | H77: 130000 | I77: =G77*H77 -> 650
C78: Tukang | F78: OH | G78: 0.03 | H78: 180000 | I78: =G78*H78 -> 5400
C79: Kepala Tukang | F79: OH | G79: 0.001 | H79: 200000 | I79: =G79*H79 -> 200
C80: Mandor | F80: OH | G80: 0.001 | H80: 260000 | I80: =G80*H80 -> 260
I81: =SUM(I77:I80) -> 6510
E82: keuntungan | H82: 0.15 | I82: =I81*H82 -> 976.5
I83: =SUM(I81:I82) -> 7486.5
A85: =A68+1 -> 6 | C85: Pekerjaan Genteng Bubungan | E85: M'
C86: Genteng Bubungan | F86: M' | G86: 5 | H86: =5000 -> 5000 | I86: =G86*H86 -> 25000
C87: Pc | F87: M3 | G87: 0.04 | H87: 330000 | I87: =G87*H87 -> 13200
C88: Ps | F88: Zak | G88: 0.05 | H88: =60000 -> 60000 | I88: =G88*H88 -> 3000
C89: Alat bantu | F89: ls | G89: 1 | H89: 800 | I89: =G89*H89 -> 800
I90: =SUM(I86:I87) -> 38200
E91: keuntungan | H91: 0.15 | I91: =I90*H91 -> 5730
I92: =SUM(I90:I91) -> 43930
C93: Upah :
C94: Pekerja | F94: OH | G94: 0.05 | H94: 130000 | I94: =G94*H94 -> 6500
C95: Tukang | F95: OH | G95: 0.05 | H95: 180000 | I95: =G95*H95 -> 9000
C96: Kepala Tukang | F96: OH | G96: 0.01 | H96: 200000 | I96: =G96*H96 -> 2000
C97: Mandor | F97: OH | G97: 0.001 | H97: 260000 | I97: =G97*H97 -> 260
I98: =SUM(I94:I97) -> 17760
E99: keuntungan | H99: 0.15 | I99: =I98*H99 -> 2664
I100: =SUM(I98:I99) -> 20424

Sheet ANALISA PLAFOND
A1: 1 | C1: Pekerjaan Plafond | E1: M2
C2: Gypsum Board / kisi-kisi kayu | F2: M2 | G2: 1 | H2: =190000/2.97 -> 63973.064 | I2: =G2*H2 -> 63973.064
C3: Paku Skrup | F3: bh | G3: 12 | H3: 1000 | I3: =G3*H3 -> 12000
C4: Hollo Plafond | F4: btg | G4: 1 | H4: =70000 -> 70000 | I4: =G4*H4 -> 70000
C5: Gypsum compon | F5: kg | G5: 0.1 | H5: =80000/40 -> 2000 | I5: =G5*H5 -> 200
I6: =SUM(I2:I5) -> 146173.06
E7: keuntungan | H7: 0.15 | I7: =I6*H7 -> 21925.96
I8: =SUM(I6:I7) -> 168099.02
C9: Upah :
C10: Pekerja | F10: OH | G10: 0.1 | H10: 130000 | I10: =G10*H10 -> 13000
C11: Tukang Kayu | F11: OH | G11: 0.05 | H11: 180000 | I11: =G11*H11 -> 9000
C12: Kepala Tukang | F12: OH | G12: 0.005 | H12: 220000 | I12: =G12*H12 -> 1100
C13: Mandor | F13: OH | G13: 0.005 | H13: 260000 | I13: =G13*H13 -> 1300
I14: =SUM(I10:I13) -> 24400
E15: keuntungan | H15: 0.15 | I15: =I14*H15 -> 3660
I16: =SUM(I14:I15) -> 28060
A17: =A1+1 -> 2 | C17: Pekerjaan CAT Plafond | E17: M2
C18: Plamuur | F18: Kg | G18: 0.15 | H18: =700000/20 -> 35000 | I18: =G18*H18 -> 5250
C19: Cat Dasar | F19: Kg | G19: 0.17 | H19: =700000/20 -> 35000 | I19: =G19*H19 -> 5950
C20: Cat Penutup | F20: Kg | G20: 0.35 | H20: =700000/20 -> 35000 | I20: =G20*H20 -> 12250
C21: Kuas | F21: Bh | G21: 0.01 | H21: 31000 | I21: =G21*H21 -> 310
C22: Pengencer | F22: Kg | G22: 0.03 | H22: 25000 | I22: =G22*H22 -> 750
C23: Amplas | F23: Lbr | G23: 0.2 | H23: 7500 | I23: =G23*H23 -> 1500
I24: =SUM(I18:I23) -> 26010
E25: keuntungan | H25: 0.15 | I25: =I24*H25 -> 3901.5
I26: =SUM(I24:I25) -> 29911.5
C27: Upah :
C28: Pekerja | F28: OH | G28: 0.05 | H28: =H10 -> 130000 | I28: =G28*H28 -> 6500
C29: Tukang Cat | F29: OH | G29: 0.03 | H29: =H11 -> 180000 | I29: =G29*H29 -> 5400
C30: Kepala Tukang | F30: OH | G30: 0.005 | H30: =H12 -> 220000 | I30: =G30*H30 -> 1100
C31: Mandor | F31: OH | G31: 0.005 | H31: =H13 -> 260000 | I31: =G31*H31 -> 1300
I32: =SUM(I28:I31) -> 14300
E33: keuntungan | H33: 0.15 | I33: =I32*H33 -> 2145
I34: =SUM(I32:I33) -> 16445

Sheet 9. Pekerjaan MEP
A1: BILL OF ITEM
A3: Proyek | D3: ='3. Struktur'!D3 -> : Pembangunan Rumah Tinggal di Pondok Indah Rumah Hunian
A4: Lokasi Proyek | D4: ='3. Struktur'!D4 -> : Jl. Sekolah Duta 1 Blok 1 TC No.19
A5: Paket Pekerjaan | D5: ='3. Struktur'!D5 -> : STRUKTUR - ARSITEKTUR - MEP
A6: Kontraktor | D6: ='3. Struktur'!D6 -> : PT TRIDJASA SIGMA INDONESIA
A7: Catatan | D7: ='3. Struktur'!D7 -> : Perhitungan ini merujuk pada gambar
D8: ='3. Struktur'!D8 -> FOR TENDER tanggal 28 Oktober 2023
AA10: koef | AB10: =+#REF! -> #REF! | AC10: 1
A11: NO | B11: URAIAN PEKERJAAN | E11: SPESIFIKASI | F11: SAT | G11: VOLUME | K11: Volume | L11: Harga Satuan | N11: Jumlah | P11: Harga Satuan | Q11: Jumlah | AB11: -2
G12: Basement | H12: Lt. Dasar | I12: Lt. 1 | J12: Lt. 2 | K12: Total | L12: Material Utama | M12: Mat bantu+upah | N12: Material Utama | O12: Mat bantu+upah | Q12: Total | AB12: 0.75 | AC12: =1-AB12 -> 0.25
A13: IX | B13: PEKERJAAN MEKANIKAL, ELEKTRIKAL & PLUMBING
B14: Catatan harga :
B15: Pekerjaan Mekanikal, Elektrikal & Plumbing | E15: - melakukan pembobokan untuk instalasi listrik
E16: - pekerjaan pengadaan material
B17: - material yang digunakan sesuai spesifikasi yang tertera
B18: - jika perubahan spesifikasi material maka ada penambahan biaya sesuai kesepakatan owner dan pelaksana kerja | R18: DEV | S18: PT. TSI | U18: DEV | V18: PT. MBP | X18: DEV | Y18: VENDOR
B19: - jika ada perubahan titik atau tempat pekerjaan MEP maka ada penambahan biaya dan disepakati bersama | S19: Harga Satuan | T19: Jumlah | V19: Harga Satuan | W19: Jumlah | Y19: Harga Satuan | Z19: Jumlah
A22: IX.A | B22: PEKERJAAN MEKANIKAL, ELEKTRKAL DAN PLUMBING --LANTAI BASEMAN | Q22: =Q23+Q47+Q57 -> 2.1704396e+08
A23: A | B23: Instalasi | Q23: =SUM(Q24:Q45) -> 1.2864043e+08
A24: 1 | B24: Kabel NYM 3x2,5 mm 100m/roll | E24: Suprime | F24: roll | G24: 6 | H24: 0 | I24: 0 | J24: 0 | K24: =SUM(G24:J24) -> 6 | L24: ='ANALISA ME'!$E$484 -> 9449730 | M24: ='ANALISA ME'!$F$484 -> 720900 | N24: =K24*L24 -> 56698380 | O24: =K24*M24 -> 4325400 | P24: =L24+M24 -> 10170630 | Q24: =N24+O24 -> 61023780 | R24: =T24/Q24 -> 0.1 | S24: =P24*10% -> 1017063 | T24: =K24*S24 -> 6102378 | U24: =W24/Q24 -> 0.1 | V24: =P24*10% -> 1017063 | W24: =K24*V24 -> 6102378 | X24: =Z24/Q24 -> 0.8 | Y24: =P24*(100%-R24-U24) -> 8136504 | Z24: =K24*Y24 -> 48819024 | AA24: =L24/100 -> 94497.3 | AB24: =26540+63470 -> 90010 | AC24: =9230+10960 -> 20190 | AD24: 72000
A25: 2 | B25: Kabel NYM 2x1,5 mm 100m/roll | E25: Suprime | F25: roll | G25: 3 | H25: 0 | I25: 0 | J25: 0 | K25: =SUM(G25:J25) -> 3 | L25: ='ANALISA ME'!$E$496 -> 7315920 | M25: ='ANALISA ME'!$F$496 -> 720900 | N25: =K25*L25 -> 21947760 | O25: =K25*M25 -> 2162700 | P25: =L25+M25 -> 8036820 | Q25: =N25+O25 -> 24110460 | R25: =T25/Q25 -> 0.1 | S25: =P25*10% -> 803682 | T25: =K25*S25 -> 2411046 | U25: =W25/Q25 -> 0.1 | V25: =P25*10% -> 803682 | W25: =K25*V25 -> 2411046 | X25: =Z25/Q25 -> 0.8 | Y25: =P25*(100%-R25-U25) -> 6429456 | Z25: =K25*Y25 -> 19288368
A26: 3 | B26: Kabell NYY 3x2.5 mm | E26: Suprime | F26: m1 | G26: 20 | H26: 0 | I26: 0 | J26: 0 | K26: =SUM(G26:J26) -> 20 | L26: ='ANALISA ME'!$E$508 -> 209570.62 | M26: ='ANALISA ME'!$F$508 -> 42484.5 | N26: =K26*L26 -> 4191412.5 | O26: =K26*M26 -> 849690 | P26: =L26+M26 -> 252055.12 | Q26: =N26+O26 -> 5041102.5 | R26: =T26/Q26 -> 0.1 | S26: =P26*10% -> 25205.513 | T26: =K26*S26 -> 504110.25 | U26: =W26/Q26 -> 0.1 | V26: =P26*10% -> 25205.513 | W26: =K26*V26 -> 504110.25 | X26: =Z26/Q26 -> 0.8 | Y26: =P26*(100%-R26-U26) -> 201644.1 | Z26: =K26*Y26 -> 4032882
A27: 4 | B27: Pipa conduit | E27: Lokal | F27: btg | G27: 190 | H27: 0 | I27: 0 | J27: 0 | K27: =SUM(G27:J27) -> 190 | L27: ='ANALISA ME'!$E$543 -> 19136.25 | M27: ='ANALISA ME'!$F$543 -> 6966 | N27: =K27*L27 -> 3635887.5 | O27: =K27*M27 -> 1323540 | P27: =L27+M27 -> 26102.25 | Q27: =N27+O27 -> 4959427.5 | R27: =T27/Q27 -> 0.1 | S27: =P27*10% -> 2610.225 | T27: =K27*S27 -> 495942.75 | U27: =W27/Q27 -> 0.1 | V27: =P27*10% -> 2610.225 | W27: =K27*V27 -> 495942.75 | X27: =Z27/Q27 -> 0.8 | Y27: =P27*(100%-R27-U27) -> 20881.8 | Z27: =K27*Y27 -> 3967542
A28: 5 | B28: Klem pipa conduit | E28: Lokal | F28: pcs | G28: 95 | H28: 0 | I28: 0 | J28: 0 | K28: =SUM(G28:J28) -> 95 | L28: =L29 -> 3543.75 | M28: =M29 -> 4610.25 | N28: =K28*L28 -> 336656.25 | O28: =K28*M28 -> 437973.75 | P28: =L28+M28 -> 8154 | Q28: =N28+O28 -> 774630 | R28: =T28/Q28 -> 0.1 | S28: =P28*10% -> 815.4 | T28: =K28*S28 -> 77463 | U28: =W28/Q28 -> 0.1 | V28: =P28*10% -> 815.4 | W28: =K28*V28 -> 77463 | X28: =Z28/Q28 -> 0.8 | Y28: =P28*(100%-R28-U28) -> 6523.2 | Z28: =K28*Y28 -> 619704
A29: 6 | B29: Sok pipa conduit | E29: Lokal | F29: pcs | G29: 95 | H29: 0 | I29: 0 | J29: 0 | K29: =SUM(G29:J29) -> 95 | L29: ='ANALISA ME'!$E$555 -> 3543.75 | M29: ='ANALISA ME'!$F$555 -> 4610.25 | N29: =K29*L29 -> 336656.25 | O29: =K29*M29 -> 437973.75 | P29: =L29+M29 -> 8154 | Q29: =N29+O29 -> 774630 | R29: =T29/Q29 -> 0.1 | S29: =P29*10% -> 815.4 | T29: =K29*S29 -> 77463 | U29: =W29/Q29 -> 0.1 | V29: =P29*10% -> 815.4 | W29: =K29*V29 -> 77463 | X29: =Z29/Q29 -> 0.8 | Y29: =P29*(100%-R29-U29) -> 6523.2 | Z29: =K29*Y29 -> 619704
A30: 7 | B30: Terminal listrik/krustin 10 mm | D30: - Lantai | E30: RXM-AB (RXZE2S114M) | F30: pack | G30: 2 | H30: 0 | I30: 0 | J30: 0 | K30: =SUM(G30:J30) -> 2 | L30: ='ANALISA ME'!$E$567 -> 85050 | M30: ='ANALISA ME'!$F$567 -> 43345.8 | N30: =K30*L30 -> 170100 | O30: =K30*M30 -> 86691.6 | P30: =L30+M30 -> 128395.8 | Q30: =N30+O30 -> 256791.6 | R30: =T30/Q30 -> 0.1 | S30: =P30*10% -> 12839.58 | T30: =K30*S30 -> 25679.16 | U30: =W30/Q30 -> 0.1 | V30: =P30*10% -> 12839.58 | W30: =K30*V30 -> 25679.16 | X30: =Z30/Q30 -> 0.8 | Y30: =P30*(100%-R30-U30) -> 102716.64 | Z30: =K30*Y30 -> 205433.28
A31: 8 | B31: Tdus cabang 3 | D31: - dinding tampak A | E31: Lokal | F31: pcs | G31: 115 | H31: 0 | I31: 0 | J31: 0 | K31: =SUM(G31:J31) -> 115 | L31: ='ANALISA ME'!$E$579 -> 19845 | M31: ='ANALISA ME'!$F$579 -> 4610.25 | N31: =K31*L31 -> 2282175 | O31: =K31*M31 -> 530178.75 | P31: =L31+M31 -> 24455.25 | Q31: =N31+O31 -> 2812353.8 | R31: =T31/Q31 -> 0.1 | S31: =P31*10% -> 2445.525 | T31: =K31*S31 -> 281235.38 | U31: =W31/Q31 -> 0.1 | V31: =P31*10% -> 2445.525 | W31: =K31*V31 -> 281235.38 | X31: =Z31/Q31 -> 0.8 | Y31: =P31*(100%-R31-U31) -> 19564.2 | Z31: =K31*Y31 -> 2249883
A32: 9 | B32: Tdus cabang 4 | D32: - dinding tampak B | E32: Lokal | F32: pcs | G32: 40 | H32: 0 | I32: 0 | J32: 0 | K32: =SUM(G32:J32) -> 40 | L32: ='ANALISA ME'!$E$591 -> 22680 | M32: ='ANALISA ME'!$F$591 -> 4610.25 | N32: =K32*L32 -> 907200 | O32: =K32*M32 -> 184410 | P32: =L32+M32 -> 27290.25 | Q32: =N32+O32 -> 1091610 | R32: =T32/Q32 -> 0.1 | S32: =P32*10% -> 2729.025 | T32: =K32*S32 -> 109161 | U32: =W32/Q32 -> 0.1 | V32: =P32*10% -> 2729.025 | W32: =K32*V32 -> 109161 | X32: =Z32/Q32 -> 0.8 | Y32: =P32*(100%-R32-U32) -> 21832.2 | Z32: =K32*Y32 -> 873288
A33: 10 | B33: Solasi listrik | D33: - dinding tampak C | E33: Lokal | F33: pcs | G33: 20 | H33: 0 | I33: 0 | J33: 0 | K33: =SUM(G33:J33) -> 20 | L33: ='ANALISA ME'!$E$603 -> 9922.5 | M33: ='ANALISA ME'!$F$603 -> 4610.25 | N33: =K33*L33 -> 198450 | O33: =K33*M33 -> 92205 | P33: =L33+M33 -> 14532.75 | Q33: =N33+O33 -> 290655 | R33: =T33/Q33 -> 0.1 | S33: =P33*10% -> 1453.275 | T33: =K33*S33 -> 29065.5 | U33: =W33/Q33 -> 0.1 | V33: =P33*10% -> 1453.275 | W33: =K33*V33 -> 29065.5 | X33: =Z33/Q33 -> 0.8 | Y33: =P33*(100%-R33-U33) -> 11626.2 | Z33: =K33*Y33 -> 232524
A34: 11 | B34: Box panel 60x50x20 cm | D34: - dinding tampak D | F34: unit | G34: 1 | H34: 0 | I34: 0 | J34: 0 | K34: =SUM(G34:J34) -> 1 | L34: ='ANALISA ME'!$E$615 -> 949725 | M34: ='ANALISA ME'!$F$615 -> 360450 | N34: =K34*L34 -> 949725 | O34: =K34*M34 -> 360450 | P34: =L34+M34 -> 1310175 | Q34: =N34+O34 -> 1310175 | R34: =T34/Q34 -> 0.1 | S34: =P34*10% -> 131017.5 | T34: =K34*S34 -> 131017.5 | U34: =W34/Q34 -> 0.1 | V34: =P34*10% -> 131017.5 | W34: =K34*V34 -> 131017.5 | X34: =Z34/Q34 -> 0.8 | Y34: =P34*(100%-R34-U34) -> 1048140 | Z34: =K34*Y34 -> 1048140
A35: 12 | B35: MCB 6A 1 phase | D35: - Plat Lantai (Atap) | E35: MCB Domae (schneider) | F35: unit | G35: 6 | H35: 0 | I35: 0 | J35: 0 | K35: =SUM(G35:J35) -> 6 | L35: ='ANALISA ME'!$E$627 -> 128638.12 | M35: ='ANALISA ME'!$F$627 -> 64908 | N35: =K35*L35 -> 771828.75 | O35: =K35*M35 -> 389448 | P35: =L35+M35 -> 193546.12 | Q35: =N35+O35 -> 1161276.8 | R35: =T35/Q35 -> 0.1 | S35: =P35*10% -> 19354.612 | T35: =K35*S35 -> 116127.67 | U35: =W35/Q35 -> 0.1 | V35: =P35*10% -> 19354.612 | W35: =K35*V35 -> 116127.67 | X35: =Z35/Q35 -> 0.8 | Y35: =P35*(100%-R35-U35) -> 154836.9 | Z35: =K35*Y35 -> 929021.4
A36: 13 | B36: MCB 10A 1 phase | E36: MCB Domae (schneider) | F36: unit | G36: 5 | H36: 0 | I36: 0 | J36: 0 | K36: =SUM(G36:J36) -> 5 | L36: ='ANALISA ME'!$E$651 -> 121550.62 | M36: ='ANALISA ME'!$F$651 -> 64908 | N36: =K36*L36 -> 607753.12 | O36: =K36*M36 -> 324540 | P36: =L36+M36 -> 186458.62 | Q36: =N36+O36 -> 932293.12 | R36: =T36/Q36 -> 0.1 | S36: =P36*10% -> 18645.862 | T36: =K36*S36 -> 93229.312 | U36: =W36/Q36 -> 0.1 | V36: =P36*10% -> 18645.862 | W36: =K36*V36 -> 93229.312 | X36: =Z36/Q36 -> 0.8 | Y36: =P36*(100%-R36-U36) -> 149166.9 | Z36: =K36*Y36 -> 745834.5
A37: 14 | B37: MCB 16A 3 phase | E37: MCB Domae (schneider) | F37: unit | G37: 2 | H37: 0 | I37: 0 | J37: 0 | K37: =SUM(G37:J37) -> 2 | L37: ='ANALISA ME'!$E$663 -> 558495 | M37: ='ANALISA ME'!$F$663 -> 95283 | N37: =K37*L37 -> 1116990 | O37: =K37*M37 -> 190566 | P37: =L37+M37 -> 653778 | Q37: =N37+O37 -> 1307556 | R37: =T37/Q37 -> 0.1 | S37: =P37*10% -> 65377.8 | T37: =K37*S37 -> 130755.6 | U37: =W37/Q37 -> 0.1 | V37: =P37*10% -> 65377.8 | W37: =K37*V37 -> 130755.6 | X37: =Z37/Q37 -> 0.8 | Y37: =P37*(100%-R37-U37) -> 523022.4 | Z37: =K37*Y37 -> 1046044.8
A38: 15 | B38: MCB 25A 3 phase | E38: MCB Domae (schneider) | F38: unit | G38: 1 | H38: 0 | I38: 0 | J38: 0 | K38: =SUM(G38:J38) -> 1 | L38: ='ANALISA ME'!$E$675 -> 602012.25 | M38: ='ANALISA ME'!$F$675 -> 118773 | N38: =K38*L38 -> 602012.25 | O38: =K38*M38 -> 118773 | P38: =L38+M38 -> 720785.25 | Q38: =N38+O38 -> 720785.25 | R38: =T38/Q38 -> 0.1 | S38: =P38*10% -> 72078.525 | T38: =K38*S38 -> 72078.525 | U38: =W38/Q38 -> 0.1 | V38: =P38*10% -> 72078.525 | W38: =K38*V38 -> 72078.525 | X38: =Z38/Q38 -> 0.8 | Y38: =P38*(100%-R38-U38) -> 576628.2 | Z38: =K38*Y38 -> 576628.2
A39: 16 | B39: MCB 32A 3 phase | D39: - Lantai | E39: MCB Domae (schneider) | F39: unit | G39: 1 | H39: 0 | I39: 0 | J39: 0 | K39: =SUM(G39:J39) -> 1 | L39: ='ANALISA ME'!$E$687 -> 649923.75 | M39: ='ANALISA ME'!$F$687 -> 134433 | N39: =K39*L39 -> 649923.75 | O39: =K39*M39 -> 134433 | P39: =L39+M39 -> 784356.75 | Q39: =N39+O39 -> 784356.75 | R39: =T39/Q39 -> 0.1 | S39: =P39*10% -> 78435.675 | T39: =K39*S39 -> 78435.675 | U39: =W39/Q39 -> 0.1 | V39: =P39*10% -> 78435.675 | W39: =K39*V39 -> 78435.675 | X39: =Z39/Q39 -> 0.8 | Y39: =P39*(100%-R39-U39) -> 627485.4 | Z39: =K39*Y39 -> 627485.4
A40: 17 | B40: MCB 40A 3 phase | D40: - dinding tampak A | E40: MCB Domae (schneider) | F40: unit | G40: 1 | H40: 0 | I40: 0 | J40: 0 | K40: =SUM(G40:J40) -> 1 | L40: ='ANALISA ME'!$E$699 -> 761197.5 | M40: ='ANALISA ME'!$F$699 -> 153063 | N40: =K40*L40 -> 761197.5 | O40: =K40*M40 -> 153063 | P40: =L40+M40 -> 914260.5 | Q40: =N40+O40 -> 914260.5 | R40: =T40/Q40 -> 0.1 | S40: =P40*10% -> 91426.05 | T40: =K40*S40 -> 91426.05 | U40: =W40/Q40 -> 0.1 | V40: =P40*10% -> 91426.05 | W40: =K40*V40 -> 91426.05 | X40: =Z40/Q40 -> 0.8 | Y40: =P40*(100%-R40-U40) -> 731408.4 | Z40: =K40*Y40 -> 731408.4
A41: 18 | B41: MCCB 125A 3 phase | D41: - dinding tampak B | E41: MCB Domae (schneider) | F41: unit | G41: 1 | H41: 0 | I41: 0 | J41: 0 | K41: =SUM(G41:J41) -> 1 | L41: ='ANALISA ME'!$E$711 -> 2889396.6 | M41: ='ANALISA ME'!$F$711 -> 359505 | N41: =K41*L41 -> 2889396.6 | O41: =K41*M41 -> 359505 | P41: =L41+M41 -> 3248901.6 | Q41: =N41+O41 -> 3248901.6 | R41: =T41/Q41 -> 0.1 | S41: =P41*10% -> 324890.16 | T41: =K41*S41 -> 324890.16 | U41: =W41/Q41 -> 0.1 | V41: =P41*10% -> 324890.16 | W41: =K41*V41 -> 324890.16 | X41: =Z41/Q41 -> 0.8 | Y41: =P41*(100%-R41-U41) -> 2599121.2 | Z41: =K41*Y41 -> 2599121.2
A42: 19 | B42: Ampere & volt meter digital | D42: - dinding tampak C | E42: Autonics Digital Panel Meters Ammeter Series M4M1P-AA-5 1pc | F42: pcs | G42: 3 | H42: 0 | I42: 0 | J42: 0 | K42: =SUM(G42:J42) -> 3 | L42: ='ANALISA ME'!$E$723 -> 4599787.5 | M42: ='ANALISA ME'!$F$723 -> 520155 | N42: =K42*L42 -> 13799362 | O42: =K42*M42 -> 1560465 | P42: =L42+M42 -> 5119942.5 | Q42: =N42+O42 -> 15359828 | R42: =T42/Q42 -> 0.1 | S42: =P42*10% -> 511994.25 | T42: =K42*S42 -> 1535982.8 | U42: =W42/Q42 -> 0.1 | V42: =P42*10% -> 511994.25 | W42: =K42*V42 -> 1535982.8 | X42: =Z42/Q42 -> 0.8 | Y42: =P42*(100%-R42-U42) -> 4095954 | Z42: =K42*Y42 -> 12287862
A43: 20 | B43: Busbar | D43: - dinding tampak D | F43: btg | G43: 1 | H43: 0 | I43: 0 | J43: 0 | K43: =SUM(G43:J43) -> 1 | L43: ='ANALISA ME'!$E$735 -> 741352.5 | M43: ='ANALISA ME'!$F$735 -> 520155 | N43: =K43*L43 -> 741352.5 | O43: =K43*M43 -> 520155 | P43: =L43+M43 -> 1261507.5 | Q43: =N43+O43 -> 1261507.5 | R43: =T43/Q43 -> 0.1 | S43: =P43*10% -> 126150.75 | T43: =K43*S43 -> 126150.75 | U43: =W43/Q43 -> 0.1 | V43: =P43*10% -> 126150.75 | W43: =K43*V43 -> 126150.75 | X43: =Z43/Q43 -> 0.8 | Y43: =P43*(100%-R43-U43) -> 1009206 | Z43: =K43*Y43 -> 1009206
A44: 21 | B44: Sisir MCB | D44: - Plat Lantai (Atap) | F44: btg | G44: 1 | H44: 0 | I44: 0 | J44: 0 | K44: =SUM(G44:J44) -> 1 | L44: ='ANALISA ME'!$E$747 -> 233887.5 | M44: ='ANALISA ME'!$F$747 -> 188730 | N44: =K44*L44 -> 233887.5 | O44: =K44*M44 -> 188730 | P44: =L44+M44 -> 422617.5 | Q44: =N44+O44 -> 422617.5 | R44: =T44/Q44 -> 0.1 | S44: =P44*10% -> 42261.75 | T44: =K44*S44 -> 42261.75 | U44: =W44/Q44 -> 0.1 | V44: =P44*10% -> 42261.75 | W44: =K44*V44 -> 42261.75 | X44: =Z44/Q44 -> 0.8 | Y44: =P44*(100%-R44-U44) -> 338094 | Z44: =K44*Y44 -> 338094
A45: 22 | B45: Bracket MCB | F45: btg | G45: 1 | H45: 0 | I45: 0 | J45: 0 | K45: =SUM(G45:J45) -> 1 | L45: ='ANALISA ME'!$E$759 -> 63787.5 | M45: ='ANALISA ME'!$F$759 -> 17644.5 | N45: =K45*L45 -> 63787.5 | O45: =K45*M45 -> 17644.5 | P45: =L45+M45 -> 81432 | Q45: =N45+O45 -> 81432 | R45: =T45/Q45 -> 0.1 | S45: =P45*10% -> 8143.2 | T45: =K45*S45 -> 8143.2 | U45: =W45/Q45 -> 0.1 | V45: =P45*10% -> 8143.2 | W45: =K45*V45 -> 8143.2 | X45: =Z45/Q45 -> 0.8 | Y45: =P45*(100%-R45-U45) -> 65145.6 | Z45: =K45*Y45 -> 65145.6
S46: =P46*10% -> 0 | V46: =P46*15% -> 0
A47: B | B47: Armature | H47: 0 | I47: 0 | J47: 0 | Q47: =SUM(Q48:Q55) -> 53888385 | S47: =P47*10% -> 0 | V47: =P47*15% -> 0
A48: 1 | B48: Lampu downlight | E48: DOWNLIGHT LED PHILIPS 13WATT 13W TIPE MESON 59464 EYECOMFORT_COOLDAY - Putih | F48: unit | G48: 32 | H48: 0 | I48: 0 | J48: 0 | K48: =SUM(G48:J48) -> 32 | L48: ='ANALISA ME'!$E$771 -> 226800 | M48: ='ANALISA ME'!$F$771 -> 91057.5 | N48: =K48*L48 -> 7257600 | O48: =K48*M48 -> 2913840 | P48: =L48+M48 -> 317857.5 | Q48: =N48+O48 -> 10171440 | R48: =T48/Q48 -> 0.1 | S48: =P48*10% -> 31785.75 | T48: =K48*S48 -> 1017144 | U48: =W48/Q48 -> 0.1 | V48: =P48*10% -> 31785.75 | W48: =K48*V48 -> 1017144 | X48: =Z48/Q48 -> 0.8 | Y48: =P48*(100%-R48-U48) -> 254286 | Z48: =K48*Y48 -> 8137152
A49: =A48+1 -> 2 | B49: Lampu TL 18W/6500K + housing | F49: set | G49: 29 | H49: 0 | I49: 0 | J49: 0 | K49: =SUM(G49:J49) -> 29 | L49: ='ANALISA ME'!$E$856 -> 233887.5 | M49: ='ANALISA ME'!$F$856 -> 94594.5 | N49: =K49*L49 -> 6782737.5 | O49: =K49*M49 -> 2743240.5 | P49: =L49+M49 -> 328482 | Q49: =N49+O49 -> 9525978 | R49: =T49/Q49 -> 0.1 | S49: =P49*10% -> 32848.2 | T49: =K49*S49 -> 952597.8 | U49: =W49/Q49 -> 0.1 | V49: =P49*10% -> 32848.2 | W49: =K49*V49 -> 952597.8 | X49: =Z49/Q49 -> 0.8 | Y49: =P49*(100%-R49-U49) -> 262785.6 | Z49: =K49*Y49 -> 7620782.4
A50: =A49+1 -> 3 | B50: Stop kontak 2 gang | E50: 16AX 250V Sakelar 2 Gang 2 Arah, Fluoresen, Lavender Silver | F50: unit | G50: 20 | H50: 0 | I50: 0 | J50: 0 | K50: =SUM(G50:J50) -> 20 | L50: ='ANALISA ME'!$E$868 -> 239736.85 | M50: ='ANALISA ME'!$F$868 -> 106204.5 | N50: =K50*L50 -> 4794737 | O50: =K50*M50 -> 2124090 | P50: =L50+M50 -> 345941.35 | Q50: =N50+O50 -> 6918827 | R50: =T50/Q50 -> 0.1 | S50: =P50*10% -> 34594.135 | T50: =K50*S50 -> 691882.7 | U50: =W50/Q50 -> 0.1 | V50: =P50*10% -> 34594.135 | W50: =K50*V50 -> 691882.7 | X50: =Z50/Q50 -> 0.8 | Y50: =P50*(100%-R50-U50) -> 276753.08 | Z50: =K50*Y50 -> 5535061.6
A51: =A50+1 -> 4 | B51: Saklar seri | E51: 16A 250V 1 Gang Kotak Kontak Tipe Schuko, Lavender Silver | F51: unit | G51: 10 | H51: 0 | I51: 0 | J51: 0 | K51: =SUM(G51:J51) -> 10 | L51: ='ANALISA ME'!$E$880 -> 213833.25 | M51: ='ANALISA ME'!$F$880 -> 117814.5 | N51: =K51*L51 -> 2138332.5 | O51: =K51*M51 -> 1178145 | P51: =L51+M51 -> 331647.75 | Q51: =N51+O51 -> 3316477.5 | R51: =T51/Q51 -> 0.1 | S51: =P51*10% -> 33164.775 | T51: =K51*S51 -> 331647.75 | U51: =W51/Q51 -> 0.1 | V51: =P51*10% -> 33164.775 | W51: =K51*V51 -> 331647.75 | X51: =Z51/Q51 -> 0.8 | Y51: =P51*(100%-R51-U51) -> 265318.2 | Z51: =K51*Y51 -> 2653182
A52: =A51+1 -> 5 | B52: Stop kontak genset/ surface mounting | F52: unit | G52: 1 | H52: 0 | I52: 0 | J52: 0 | K52: =SUM(G52:J52) -> 1 | L52: ='ANALISA ME'!$E$892 -> 324810 | M52: ='ANALISA ME'!$F$892 -> 120379.5 | N52: =K52*L52 -> 324810 | O52: =K52*M52 -> 120379.5 | P52: =L52+M52 -> 445189.5 | Q52: =N52+O52 -> 445189.5 | R52: =T52/Q52 -> 0.1 | S52: =P52*10% -> 44518.95 | T52: =K52*S52 -> 44518.95 | U52: =W52/Q52 -> 0.1 | V52: =P52*10% -> 44518.95 | W52: =K52*V52 -> 44518.95 | X52: =Z52/Q52 -> 0.8 | Y52: =P52*(100%-R52-U52) -> 356151.6 | Z52: =K52*Y52 -> 356151.6
A53: =A52+1 -> 6 | B53: Gas detector | E53: Gas Detector Controller 4Channel Bosean BH-50 Control Panel BH50 Fixed | F53: unit | G53: 1 | H53: 0 | I53: 0 | J53: 0 | K53: =SUM(G53:J53) -> 1 | L53: ='ANALISA ME'!$E$904 -> 4876875 | M53: ='ANALISA ME'!$F$904 -> 327604.5 | N53: =K53*L53 -> 4876875 | O53: =K53*M53 -> 327604.5 | P53: =L53+M53 -> 5204479.5 | Q53: =N53+O53 -> 5204479.5 | R53: =T53/Q53 -> 0.1 | S53: =P53*10% -> 520447.95 | T53: =K53*S53 -> 520447.95 | U53: =W53/Q53 -> 0.1 | V53: =P53*10% -> 520447.95 | W53: =K53*V53 -> 520447.95 | X53: =Z53/Q53 -> 0.8 | Y53: =P53*(100%-R53-U53) -> 4163583.6 | Z53: =K53*Y53 -> 4163583.6
A54: =A53+1 -> 7 | B54: Heat detector | E54: Fire Alarm Sensor Deteksi panas Heat Detector BOSCH FCH-T320 | F54: unit | G54: 1 | H54: 0 | I54: 0 | J54: 0 | K54: =SUM(G54:J54) -> 1 | L54: ='ANALISA ME'!$E$916 -> 1075781.2 | M54: ='ANALISA ME'!$F$916 -> 327604.5 | N54: =K54*L54 -> 1075781.2 | O54: =K54*M54 -> 327604.5 | P54: =L54+M54 -> 1403385.8 | Q54: =N54+O54 -> 1403385.8 | R54: =T54/Q54 -> 0.1 | S54: =P54*10% -> 140338.58 | T54: =K54*S54 -> 140338.58 | U54: =W54/Q54 -> 0.1 | V54: =P54*10% -> 140338.58 | W54: =K54*V54 -> 140338.58 | X54: =Z54/Q54 -> 0.8 | Y54: =P54*(100%-R54-U54) -> 1122708.6 | Z54: =K54*Y54 -> 1122708.6
A55: =A54+1 -> 8 | B55: Smoke detector | E55: Horing Lih Independent Smoke Detector with Battery QA 31 1pc | F55: unit | G55: 10 | H55: 0 | I55: 0 | J55: 0 | K55: =SUM(G55:J55) -> 10 | L55: ='ANALISA ME'!$E$928 -> 1362656.2 | M55: ='ANALISA ME'!$F$928 -> 327604.5 | N55: =K55*L55 -> 13626562 | O55: =K55*M55 -> 3276045 | P55: =L55+M55 -> 1690260.8 | Q55: =N55+O55 -> 16902608 | R55: =T55/Q55 -> 0.1 | S55: =P55*10% -> 169026.08 | T55: =K55*S55 -> 1690260.8 | U55: =W55/Q55 -> 0.1 | V55: =P55*10% -> 169026.08 | W55: =K55*V55 -> 1690260.8 | X55: =Z55/Q55 -> 0.8 | Y55: =P55*(100%-R55-U55) -> 1352208.6 | Z55: =K55*Y55 -> 13522086
S56: =P56*10% -> 0 | V56: =P56*15% -> 0
A57: C | B57: Plumbing | H57: 0 | I57: 0 | J57: 0 | K57: =SUM(G57:J57) -> 0 | Q57: =SUM(Q58:Q75) -> 34515142 | S57: =P57*10% -> 0 | V57: =P57*15% -> 0
A58: 1 | B58: Pipa PVC AW dia. 1 inch dari PDAM ke roof tank | E58: Wavin type AW | F58: btg | G58: 10 | H58: 0 | I58: 0 | J58: 0 | K58: =SUM(G58:J58) -> 10 | L58: =ANALISA_Plambing!$F$77 -> 90578.25 | M58: =ANALISA_Plambing!$E$77 -> 86119.2 | N58: =K58*L58 -> 905782.5 | O58: =K58*M58 -> 861192 | P58: =L58+M58 -> 176697.45 | Q58: =N58+O58 -> 1766974.5 | R58: =T58/Q58 -> 0.1 | S58: =P58*10% -> 17669.745 | T58: =K58*S58 -> 176697.45 | U58: =W58/Q58 -> 0.1 | V58: =P58*10% -> 17669.745 | W58: =K58*V58 -> 176697.45 | X58: =Z58/Q58 -> 0.8 | Y58: =P58*(100%-R58-U58) -> 141357.96 | Z58: =K58*Y58 -> 1413579.6
A59: =A58+1 -> 2 | B59: Pipa PVC AW dia. 3/4 inch dari roof tank ke Lt. Basement incl mainline | E59: Wavin type AW | F59: btg | G59: 18 | H59: 0 | I59: 0 | J59: 0 | K59: =SUM(G59:J59) -> 18 | L59: =ANALISA_Plambing!$F$65 -> 71624.25 | M59: =ANALISA_Plambing!$E$65 -> 64589.4 | N59: =K59*L59 -> 1289236.5 | O59: =K59*M59 -> 1162609.2 | P59: =L59+M59 -> 136213.65 | Q59: =N59+O59 -> 2451845.7 | R59: =T59/Q59 -> 0.1 | S59: =P59*10% -> 13621.365 | T59: =K59*S59 -> 245184.57 | U59: =W59/Q59 -> 0.1 | V59: =P59*10% -> 13621.365 | W59: =K59*V59 -> 245184.57 | X59: =Z59/Q59 -> 0.8 | Y59: =P59*(100%-R59-U59) -> 108970.92 | Z59: =K59*Y59 -> 1961476.6
A60: =A59+1 -> 3 | B60: Pipa PVC AW dia. 1/2 inch | E60: Wavin type AW | F60: btg | G60: 4 | H60: 0 | I60: 0 | J60: 0 | K60: =SUM(G60:J60) -> 4 | L60: =ANALISA_Plambing!$F$53 -> 54405 | M60: =ANALISA_Plambing!$E$53 -> 39900.6 | N60: =K60*L60 -> 217620 | O60: =K60*M60 -> 159602.4 | P60: =L60+M60 -> 94305.6 | Q60: =N60+O60 -> 377222.4 | R60: =T60/Q60 -> 0.1 | S60: =P60*10% -> 9430.56 | T60: =K60*S60 -> 37722.24 | U60: =W60/Q60 -> 0.1 | V60: =P60*10% -> 9430.56 | W60: =K60*V60 -> 37722.24 | X60: =Z60/Q60 -> 0.8 | Y60: =P60*(100%-R60-U60) -> 75444.48 | Z60: =K60*Y60 -> 301777.92
A61: =A60+1 -> 4 | B61: Pipa PVC D dia. 3 inch | E61: Wavin type AW | F61: btg | G61: 30 | H61: 0 | I61: 0 | J61: 0 | K61: =SUM(G61:J61) -> 30 | L61: =ANALISA_Plambing!$F$139 -> 407328.75 | M61: =ANALISA_Plambing!$E$139 -> 245646 | N61: =K61*L61 -> 12219862 | O61: =K61*M61 -> 7369380 | P61: =L61+M61 -> 652974.75 | Q61: =N61+O61 -> 19589242 | R61: =T61/Q61 -> 0.1 | S61: =P61*10% -> 65297.475 | T61: =K61*S61 -> 1958924.3 | U61: =W61/Q61 -> 0.1 | V61: =P61*10% -> 65297.475 | W61: =K61*V61 -> 1958924.3 | X61: =Z61/Q61 -> 0.8 | Y61: =P61*(100%-R61-U61) -> 522379.8 | Z61: =K61*Y61 -> 15671394
A62: =A61+1 -> 5 | B62: Knee pipa PVC 3 inch | E62: Wavin type AW | F62: pcs | G62: 30 | H62: 0 | I62: 0 | J62: 0 | K62: =SUM(G62:J62) -> 30 | L62: =ANALISA_Plambing!$F$163 -> 91125 | M62: =ANALISA_Plambing!$E$163 -> 61411.5 | N62: =K62*L62 -> 2733750 | O62: =K62*M62 -> 1842345 | P62: =L62+M62 -> 152536.5 | Q62: =N62+O62 -> 4576095 | R62: =T62/Q62 -> 0.1 | S62: =P62*10% -> 15253.65 | T62: =K62*S62 -> 457609.5 | U62: =W62/Q62 -> 0.1 | V62: =P62*10% -> 15253.65 | W62: =K62*V62 -> 457609.5 | X62: =Z62/Q62 -> 0.8 | Y62: =P62*(100%-R62-U62) -> 122029.2 | Z62: =K62*Y62 -> 3660876
A63: =A62+1 -> 6 | B63: Tee pipa PVC 3 inch | E63: Wavin type AW | F63: pcs | G63: 10 | H63: 0 | I63: 0 | J63: 0 | K63: =SUM(G63:J63) -> 10 | L63: =ANALISA_Plambing!$F$175 -> 82012.5 | M63: =ANALISA_Plambing!$E$175 -> 62991 | N63: =K63*L63 -> 820125 | O63: =K63*M63 -> 629910 | P63: =L63+M63 -> 145003.5 | Q63: =N63+O63 -> 1450035 | R63: =T63/Q63 -> 0.1 | S63: =P63*10% -> 14500.35 | T63: =K63*S63 -> 145003.5 | U63: =W63/Q63 -> 0.1 | V63: =P63*10% -> 14500.35 | W63: =K63*V63 -> 145003.5 | X63: =Z63/Q63 -> 0.8 | Y63: =P63*(100%-R63-U63) -> 116002.8 | Z63: =K63*Y63 -> 1160028
A64: =A63+1 -> 7 | B64: Knee pipa PVC 1 inch | E64: Wavin type AW | F64: pcs | G64: 4 | H64: 0 | I64: 0 | J64: 0 | K64: =SUM(G64:J64) -> 4 | L64: =ANALISA_Plambing!$F$199 -> 21870 | M64: =ANALISA_Plambing!$E$199 -> 5624.1 | N64: =K64*L64 -> 87480 | O64: =K64*M64 -> 22496.4 | P64: =L64+M64 -> 27494.1 | Q64: =N64+O64 -> 109976.4 | R64: =T64/Q64 -> 0.1 | S64: =P64*10% -> 2749.41 | T64: =K64*S64 -> 10997.64 | U64: =W64/Q64 -> 0.1 | V64: =P64*10% -> 2749.41 | W64: =K64*V64 -> 10997.64 | X64: =Z64/Q64 -> 0.8 | Y64: =P64*(100%-R64-U64) -> 21995.28 | Z64: =K64*Y64 -> 87981.12
A65: =A64+1 -> 8 | B65: Knee pipa PVC 3/4 inch | E65: Wavin type AW | F65: pcs | G65: 9 | H65: 0 | I65: 0 | J65: 0 | K65: =SUM(G65:J65) -> 9 | L65: =ANALISA_Plambing!$F$188 -> 7290 | M65: =ANALISA_Plambing!$E$188 -> 5624.1 | N65: =K65*L65 -> 65610 | O65: =K65*M65 -> 50616.9 | P65: =L65+M65 -> 12914.1 | Q65: =N65+O65 -> 116226.9 | R65: =T65/Q65 -> 0.1 | S65: =P65*10% -> 1291.41 | T65: =K65*S65 -> 11622.69 | U65: =W65/Q65 -> 0.1 | V65: =P65*10% -> 1291.41 | W65: =K65*V65 -> 11622.69 | X65: =Z65/Q65 -> 0.8 | Y65: =P65*(100%-R65-U65) -> 10331.28 | Z65: =K65*Y65 -> 92981.52
A66: =A65+1 -> 9 | B66: Tee pipa PVC 3/4 inch | E66: Wavin type AW | F66: pcs | G66: 3 | H66: 0 | I66: 0 | J66: 0 | K66: =SUM(G66:J66) -> 3 | L66: =ANALISA_Plambing!$F$211 -> 7290 | M66: =ANALISA_Plambing!$E$211 -> 5624.1 | N66: =K66*L66 -> 21870 | O66: =K66*M66 -> 16872.3 | P66: =L66+M66 -> 12914.1 | Q66: =N66+O66 -> 38742.3 | R66: =T66/Q66 -> 0.1 | S66: =P66*10% -> 1291.41 | T66: =K66*S66 -> 3874.23 | U66: =W66/Q66 -> 0.1 | V66: =P66*10% -> 1291.41 | W66: =K66*V66 -> 3874.23 | X66: =Z66/Q66 -> 0.8 | Y66: =P66*(100%-R66-U66) -> 10331.28 | Z66: =K66*Y66 -> 30993.84
A67: =A66+1 -> 10 | B67: Reducer pipa 3/4 inch ke 1/2 inch | E67: Wavin type AW | F67: pcs | G67: 5 | H67: 0 | I67: 0 | J67: 0 | K67: =SUM(G67:J67) -> 5 | L67: =ANALISA_Plambing!$F$223 -> 7290 | M67: =ANALISA_Plambing!$E$223 -> 5624.1 | N67: =K67*L67 -> 36450 | O67: =K67*M67 -> 28120.5 | P67: =L67+M67 -> 12914.1 | Q67: =N67+O67 -> 64570.5 | R67: =T67/Q67 -> 0.1 | S67: =P67*10% -> 1291.41 | T67: =K67*S67 -> 6457.05 | U67: =W67/Q67 -> 0.1 | V67: =P67*10% -> 1291.41 | W67: =K67*V67 -> 6457.05 | X67: =Z67/Q67 -> 0.8 | Y67: =P67*(100%-R67-U67) -> 10331.28 | Z67: =K67*Y67 -> 51656.4
A68: =A67+1 -> 11 | B68: Gate valve pipa 1 inch | E68: Wavin type AW | F68: pcs | G68: 2 | H68: 0 | I68: 0 | J68: 0 | K68: =SUM(G68:J68) -> 2 | L68: =ANALISA_Plambing!$F$247 -> 127575 | M68: =ANALISA_Plambing!$E$247 -> 18854.1 | N68: =K68*L68 -> 255150 | O68: =K68*M68 -> 37708.2 | P68: =L68+M68 -> 146429.1 | Q68: =N68+O68 -> 292858.2 | R68: =T68/Q68 -> 0.1 | S68: =P68*10% -> 14642.91 | T68: =K68*S68 -> 29285.82 | U68: =W68/Q68 -> 0.1 | V68: =P68*10% -> 14642.91 | W68: =K68*V68 -> 29285.82 | X68: =Z68/Q68 -> 0.8 | Y68: =P68*(100%-R68-U68) -> 117143.28 | Z68: =K68*Y68 -> 234286.56
A69: =A68+1 -> 12 | B69: Gate valve pipa 3/4 inch | E69: Wavin type AW | F69: pcs | G69: 5 | H69: 0 | I69: 0 | J69: 0 | K69: =SUM(G69:J69) -> 5 | L69: =ANALISA_Plambing!$F$235 -> 54675 | M69: =ANALISA_Plambing!$E$235 -> 18854.1 | N69: =K69*L69 -> 273375 | O69: =K69*M69 -> 94270.5 | P69: =L69+M69 -> 73529.1 | Q69: =N69+O69 -> 367645.5 | R69: =T69/Q69 -> 0.1 | S69: =P69*10% -> 7352.91 | T69: =K69*S69 -> 36764.55 | U69: =W69/Q69 -> 0.1 | V69: =P69*10% -> 7352.91 | W69: =K69*V69 -> 36764.55 | X69: =Z69/Q69 -> 0.8 | Y69: =P69*(100%-R69-U69) -> 58823.28 | Z69: =K69*Y69 -> 294116.4
A70: =A69+1 -> 13 | B70: Pipa PPR PN 10 dia. 3/4 inch | E70: =$E$173 -> WAVIN KELEN GREEN | F70: btg | G70: 15 | H70: 0 | I70: 0 | J70: 0 | K70: =SUM(G70:J70) -> 15 | L70: =L124 -> 109350 | M70: =M124 -> 24794.1 | N70: =K70*L70 -> 1640250 | O70: =K70*M70 -> 371911.5 | P70: =L70+M70 -> 134144.1 | Q70: =N70+O70 -> 2012161.5 | R70: =T70/Q70 -> 0.1 | S70: =P70*10% -> 13414.41 | T70: =K70*S70 -> 201216.15 | U70: =W70/Q70 -> 0.1 | V70: =P70*10% -> 13414.41 | W70: =K70*V70 -> 201216.15 | X70: =Z70/Q70 -> 0.8 | Y70: =P70*(100%-R70-U70) -> 107315.28 | Z70: =K70*Y70 -> 1609729.2
A71: =A70+1 -> 14 | B71: Pipa PPR PN 10 dia. 1/2 inch | E71: =$E$173 -> WAVIN KELEN GREEN | F71: btg | G71: 3 | H71: 0 | I71: 0 | J71: 0 | K71: =SUM(G71:J71) -> 3 | L71: =L125 -> 82012.5 | M71: =M125 -> 21486.6 | N71: =K71*L71 -> 246037.5 | O71: =K71*M71 -> 64459.8 | P71: =L71+M71 -> 103499.1 | Q71: =N71+O71 -> 310497.3 | R71: =T71/Q71 -> 0.1 | S71: =P71*10% -> 10349.91 | T71: =K71*S71 -> 31049.73 | U71: =W71/Q71 -> 0.1 | V71: =P71*10% -> 10349.91 | W71: =K71*V71 -> 31049.73 | X71: =Z71/Q71 -> 0.8 | Y71: =P71*(100%-R71-U71) -> 82799.28 | Z71: =K71*Y71 -> 248397.84
A72: =A71+1 -> 15 | B72: Knee pipa PPR 3/4 inch | E72: =$E$173 -> WAVIN KELEN GREEN | F72: pcs | G72: 4 | H72: 0 | I72: 0 | J72: 0 | K72: =SUM(G72:J72) -> 4 | L72: =L126 -> 14580 | M72: =M126 -> 5624.1 | N72: =K72*L72 -> 58320 | O72: =K72*M72 -> 22496.4 | P72: =L72+M72 -> 20204.1 | Q72: =N72+O72 -> 80816.4 | R72: =T72/Q72 -> 0.1 | S72: =P72*10% -> 2020.41 | T72: =K72*S72 -> 8081.64 | U72: =W72/Q72 -> 0.1 | V72: =P72*10% -> 2020.41 | W72: =K72*V72 -> 8081.64 | X72: =Z72/Q72 -> 0.8 | Y72: =P72*(100%-R72-U72) -> 16163.28 | Z72: =K72*Y72 -> 64653.12
A73: =A72+1 -> 16 | B73: Tee pipa PPR 3/4 inch | E73: =$E$173 -> WAVIN KELEN GREEN | F73: pcs | G73: 3 | H73: 0 | I73: 0 | J73: 0 | K73: =SUM(G73:J73) -> 3 | L73: =L127 -> 18225 | M73: =M127 -> 5624.1 | N73: =K73*L73 -> 54675 | O73: =K73*M73 -> 16872.3 | P73: =L73+M73 -> 23849.1 | Q73: =N73+O73 -> 71547.3 | R73: =T73/Q73 -> 0.1 | S73: =P73*10% -> 2384.91 | T73: =K73*S73 -> 7154.73 | U73: =W73/Q73 -> 0.1 | V73: =P73*10% -> 2384.91 | W73: =K73*V73 -> 7154.73 | X73: =Z73/Q73 -> 0.8 | Y73: =P73*(100%-R73-U73) -> 19079.28 | Z73: =K73*Y73 -> 57237.84
A74: =A73+1 -> 17 | B74: Reducer pipa 3/4 inch ke 1/2 inch | E74: =$E$173 -> WAVIN KELEN GREEN | F74: pcs | G74: 3 | H74: 0 | I74: 0 | J74: 0 | K74: =SUM(G74:J74) -> 3 | L74: =L128 -> 9112.5 | M74: =M128 -> 5624.1 | N74: =K74*L74 -> 27337.5 | O74: =K74*M74 -> 16872.3 | P74: =L74+M74 -> 14736.6 | Q74: =N74+O74 -> 44209.8 | R74: =T74/Q74 -> 0.1 | S74: =P74*10% -> 1473.66 | T74: =K74*S74 -> 4420.98 | U74: =W74/Q74 -> 0.1 | V74: =P74*10% -> 1473.66 | W74: =K74*V74 -> 4420.98 | X74: =Z74/Q74 -> 0.8 | Y74: =P74*(100%-R74-U74) -> 11789.28 | Z74: =K74*Y74 -> 35367.84
A75: =A74+1 -> 18 | B75: Gate valve pipa ppr 3/4 inch | E75: =$E$173 -> WAVIN KELEN GREEN | F75: pcs | G75: 2 | H75: 0 | I75: 0 | J75: 0 | K75: =SUM(G75:J75) -> 2 | L75: =L129 -> 355387.5 | M75: =M129 -> 41850 | N75: =K75*L75 -> 710775 | O75: =K75*M75 -> 83700 | P75: =L75+M75 -> 397237.5 | Q75: =N75+O75 -> 794475 | R75: =T75/Q75 -> 0.1 | S75: =P75*10% -> 39723.75 | T75: =K75*S75 -> 79447.5 | U75: =W75/Q75 -> 0.1 | V75: =P75*10% -> 39723.75 | W75: =K75*V75 -> 79447.5 | X75: =Z75/Q75 -> 0.8 | Y75: =P75*(100%-R75-U75) -> 317790 | Z75: =K75*Y75 -> 635580
S76: =P76*10% -> 0 | V76: =P76*15% -> 0
A77: IX.B | B77: PEKERJAAN MEKANIKAL, ELEKTRKAL DAN PLUMBING --LANTAI DASAR | Q77: =Q78+Q100+Q114 -> 2.9340609e+08 | S77: =P77*10% -> 0 | V77: =P77*15% -> 0
A78: A | B78: Instalasi | F78: =MEP!D61 -> 0 | G78: 0 | H78: =MEP!F61 -> 0 | K78: =SUM(G78:J78) -> 0 | Q78: =SUM(Q79:Q98) -> 1.2807222e+08 | S78: =P78*10% -> 0 | V78: =P78*15% -> 0
A79: 1 | B79: Kabel NYY 4x10 mm | E79: Suprime | F79: =MEP!D62 -> m1 | G79: 0 | H79: =MEP!F62 -> 10 | I79: 0 | J79: 0 | K79: =SUM(G79:J79) -> 10 | L79: ='ANALISA ME'!$E$520 -> 228622.5 | M79: ='ANALISA ME'!$F$520 -> 42484.5 | N79: =K79*L79 -> 2286225 | O79: =K79*M79 -> 424845 | P79: =L79+M79 -> 271107 | Q79: =N79+O79 -> 2711070 | R79: =T79/Q79 -> 0.1 | S79: =P79*10% -> 27110.7 | T79: =K79*S79 -> 271107 | U79: =W79/Q79 -> 0.1 | V79: =P79*10% -> 27110.7 | W79: =K79*V79 -> 271107 | X79: =Z79/Q79 -> 0.8 | Y79: =P79*(100%-R79-U79) -> 216885.6 | Z79: =K79*Y79 -> 2168856 | AB79: =26540+63470 -> 90010 | AC79: =9230+10960 -> 20190 | AD79: 72000
A80: =A79+1 -> 2 | B80: Kabel NYM 3x2,5 mm 100m/roll | E80: Suprime | F80: =MEP!D63 -> roll | G80: 0 | H80: =MEP!F63 -> 6 | K80: =SUM(G80:J80) -> 6 | L80: ='ANALISA ME'!$E$484 -> 9449730 | M80: ='ANALISA ME'!$F$484 -> 720900 | N80: =K80*L80 -> 56698380 | O80: =K80*M80 -> 4325400 | P80: =L80+M80 -> 10170630 | Q80: =N80+O80 -> 61023780 | R80: =T80/Q80 -> 0.1 | S80: =P80*10% -> 1017063 | T80: =K80*S80 -> 6102378 | U80: =W80/Q80 -> 0.1 | V80: =P80*10% -> 1017063 | W80: =K80*V80 -> 6102378 | X80: =Z80/Q80 -> 0.8 | Y80: =P80*(100%-R80-U80) -> 8136504 | Z80: =K80*Y80 -> 48819024
A81: =A80+1 -> 3 | B81: Kabel NYM 2x1,5 mm 100m/roll | E81: Suprime | F81: =MEP!D64 -> roll | G81: 0 | H81: =MEP!F64 -> 3 | K81: =SUM(G81:J81) -> 3 | L81: ='ANALISA ME'!$E$496 -> 7315920 | M81: ='ANALISA ME'!$F$496 -> 720900 | N81: =K81*L81 -> 21947760 | O81: =K81*M81 -> 2162700 | P81: =L81+M81 -> 8036820 | Q81: =N81+O81 -> 24110460 | R81: =T81/Q81 -> 0.1 | S81: =P81*10% -> 803682 | T81: =K81*S81 -> 2411046 | U81: =W81/Q81 -> 0.1 | V81: =P81*10% -> 803682 | W81: =K81*V81 -> 2411046 | X81: =Z81/Q81 -> 0.8 | Y81: =P81*(100%-R81-U81) -> 6429456 | Z81: =K81*Y81 -> 19288368
A82: =A81+1 -> 4 | B82: Kabel NYM 3x4 mm 100m/roll | E82: Suprime | F82: =MEP!D65 -> roll | G82: 0 | H82: =MEP!F65 -> 1 | K82: =SUM(G82:J82) -> 1 | L82: ='ANALISA ME'!$E$531 -> 3375000 | M82: ='ANALISA ME'!$F$531 -> 720900 | N82: =K82*L82 -> 3375000 | O82: =K82*M82 -> 720900 | P82: =L82+M82 -> 4095900 | Q82: =N82+O82 -> 4095900 | R82: =T82/Q82 -> 0.1 | S82: =P82*10% -> 409590 | T82: =K82*S82 -> 409590 | U82: =W82/Q82 -> 0.1 | V82: =P82*10% -> 409590 | W82: =K82*V82 -> 409590 | X82: =Z82/Q82 -> 0.8 | Y82: =P82*(100%-R82-U82) -> 3276720 | Z82: =K82*Y82 -> 3276720
A83: =A82+1 -> 5 | B83: Pipa conduit | E83: Lokal | F83: =MEP!D66 -> btg | G83: 0 | H83: =MEP!F66 -> 185 | K83: =SUM(G83:J83) -> 185 | L83: ='ANALISA ME'!$E$543 -> 19136.25 | M83: ='ANALISA ME'!$F$543 -> 6966 | N83: =K83*L83 -> 3540206.2 | O83: =K83*M83 -> 1288710 | P83: =L83+M83 -> 26102.25 | Q83: =N83+O83 -> 4828916.2 | R83: =T83/Q83 -> 0.1 | S83: =P83*10% -> 2610.225 | T83: =K83*S83 -> 482891.63 | U83: =W83/Q83 -> 0.1 | V83: =P83*10% -> 2610.225 | W83: =K83*V83 -> 482891.63 | X83: =Z83/Q83 -> 0.8 | Y83: =P83*(100%-R83-U83) -> 20881.8 | Z83: =K83*Y83 -> 3863133
A84: =A83+1 -> 6 | B84: Klem pipa conduit | E84: Lokal | F84: =MEP!D67 -> pcs | G84: 0 | H84: =MEP!F67 -> 95 | K84: =SUM(G84:J84) -> 95 | L84: =L83 -> 19136.25 | M84: =M83 -> 6966 | N84: =K84*L84 -> 1817943.8 | O84: =K84*M84 -> 661770 | P84: =L84+M84 -> 26102.25 | Q84: =N84+O84 -> 2479713.8 | R84: =T84/Q84 -> 0.1 | S84: =P84*10% -> 2610.225 | T84: =K84*S84 -> 247971.38 | U84: =W84/Q84 -> 0.1 | V84: =P84*10% -> 2610.225 | W84: =K84*V84 -> 247971.38 | X84: =Z84/Q84 -> 0.8 | Y84: =P84*(100%-R84-U84) -> 20881.8 | Z84: =K84*Y84 -> 1983771
A85: =A84+1 -> 7 | B85: Sok pipa conduit | E85: Lokal | F85: =MEP!D68 -> pcs | G85: 0 | H85: =MEP!F68 -> 95 | K85: =SUM(G85:J85) -> 95 | L85: ='ANALISA ME'!$E$555 -> 3543.75 | M85: ='ANALISA ME'!$F$555 -> 4610.25 | N85: =K85*L85 -> 336656.25 | O85: =K85*M85 -> 437973.75 | P85: =L85+M85 -> 8154 | Q85: =N85+O85 -> 774630 | R85: =T85/Q85 -> 0.1 | S85: =P85*10% -> 815.4 | T85: =K85*S85 -> 77463 | U85: =W85/Q85 -> 0.1 | V85: =P85*10% -> 815.4 | W85: =K85*V85 -> 77463 | X85: =Z85/Q85 -> 0.8 | Y85: =P85*(100%-R85-U85) -> 6523.2 | Z85: =K85*Y85 -> 619704
A86: =A85+1 -> 8 | B86: Terminal listrik/krustin 10 mm | E86: Lokal | F86: =MEP!D69 -> pack | G86: 0 | H86: =MEP!F69 -> 2 | K86: =SUM(G86:J86) -> 2 | L86: ='ANALISA ME'!$E$567 -> 85050 | M86: ='ANALISA ME'!$F$567 -> 43345.8 | N86: =K86*L86 -> 170100 | O86: =K86*M86 -> 86691.6 | P86: =L86+M86 -> 128395.8 | Q86: =N86+O86 -> 256791.6 | R86: =T86/Q86 -> 0.1 | S86: =P86*10% -> 12839.58 | T86: =K86*S86 -> 25679.16 | U86: =W86/Q86 -> 0.1 | V86: =P86*10% -> 12839.58 | W86: =K86*V86 -> 25679.16 | X86: =Z86/Q86 -> 0.8 | Y86: =P86*(100%-R86-U86) -> 102716.64 | Z86: =K86*Y86 -> 205433.28
A87: =A86+1 -> 9 | B87: Tdus cabang 3 | E87: Lokal | F87: =MEP!D70 -> pcs | G87: 0 | H87: =MEP!F70 -> 115 | K87: =SUM(G87:J87) -> 115 | L87: ='ANALISA ME'!$E$579 -> 19845 | M87: ='ANALISA ME'!$F$579 -> 4610.25 | N87: =K87*L87 -> 2282175 | O87: =K87*M87 -> 530178.75 | P87: =L87+M87 -> 24455.25 | Q87: =N87+O87 -> 2812353.8 | R87: =T87/Q87 -> 0.1 | S87: =P87*10% -> 2445.525 | T87: =K87*S87 -> 281235.38 | U87: =W87/Q87 -> 0.1 | V87: =P87*10% -> 2445.525 | W87: =K87*V87 -> 281235.38 | X87: =Z87/Q87 -> 0.8 | Y87: =P87*(100%-R87-U87) -> 19564.2 | Z87: =K87*Y87 -> 2249883
A88: =A87+1 -> 10 | B88: Tdus cabang 4 | E88: Lokal | F88: =MEP!D71 -> pcs | G88: 0 | H88: =MEP!F71 -> 40 | K88: =SUM(G88:J88) -> 40 | L88: ='ANALISA ME'!$E$591 -> 22680 | M88: ='ANALISA ME'!$F$591 -> 4610.25 | N88: =K88*L88 -> 907200 | O88: =K88*M88 -> 184410 | P88: =L88+M88 -> 27290.25 | Q88: =N88+O88 -> 1091610 | R88: =T88/Q88 -> 0.1 | S88: =P88*10% -> 2729.025 | T88: =K88*S88 -> 109161 | U88: =W88/Q88 -> 0.1 | V88: =P88*10% -> 2729.025 | W88: =K88*V88 -> 109161 | X88: =Z88/Q88 -> 0.8 | Y88: =P88*(100%-R88-U88) -> 21832.2 | Z88: =K88*Y88 -> 873288
A89: =A88+1 -> 11 | B89: Solasi listrik | E89: Lokal | F89: =MEP!D72 -> pcs | G89: 0 | H89: =MEP!F72 -> 15 | K89: =SUM(G89:J89) -> 15 | L89: ='ANALISA ME'!$E$603 -> 9922.5 | M89: ='ANALISA ME'!$F$603 -> 4610.25 | N89: =K89*L89 -> 148837.5 | O89: =K89*M89 -> 69153.75 | P89: =L89+M89 -> 14532.75 | Q89: =N89+O89 -> 217991.25 | R89: =T89/Q89 -> 0.1 | S89: =P89*10% -> 1453.275 | T89: =K89*S89 -> 21799.125 | U89: =W89/Q89 -> 0.1 | V89: =P89*10% -> 1453.275 | W89: =K89*V89 -> 21799.125 | X89: =Z89/Q89 -> 0.8 | Y89: =P89*(100%-R89-U89) -> 11626.2 | Z89: =K89*Y89 -> 174393
A90: =A89+1 -> 12 | B90: Box panel 50x40x20 cm | E90: Lokal | F90: =MEP!D73 -> unit | G90: 0 | H90: =MEP!F73 -> 1 | K90: =SUM(G90:J90) -> 1 | L90: ='ANALISA ME'!$E$615 -> 949725 | M90: ='ANALISA ME'!$F$615 -> 360450 | N90: =K90*L90 -> 949725 | O90: =K90*M90 -> 360450 | P90: =L90+M90 -> 1310175 | Q90: =N90+O90 -> 1310175 | R90: =T90/Q90 -> 0.1 | S90: =P90*10% -> 131017.5 | T90: =K90*S90 -> 131017.5 | U90: =W90/Q90 -> 0.1 | V90: =P90*10% -> 131017.5 | W90: =K90*V90 -> 131017.5 | X90: =Z90/Q90 -> 0.8 | Y90: =P90*(100%-R90-U90) -> 1048140 | Z90: =K90*Y90 -> 1048140
A91: =A90+1 -> 13 | B91: MCB 6A 1 phase | E91: MCB Domae (schneider) | F91: =MEP!D74 -> unit | G91: 0 | H91: =MEP!F74 -> 9 | K91: =SUM(G91:J91) -> 9 | L91: ='ANALISA ME'!$E$627 -> 128638.12 | M91: ='ANALISA ME'!$F$627 -> 64908 | N91: =K91*L91 -> 1157743.1 | O91: =K91*M91 -> 584172 | P91: =L91+M91 -> 193546.12 | Q91: =N91+O91 -> 1741915.1 | R91: =T91/Q91 -> 0.1 | S91: =P91*10% -> 19354.612 | T91: =K91*S91 -> 174191.51 | U91: =W91/Q91 -> 0.1 | V91: =P91*10% -> 19354.612 | W91: =K91*V91 -> 174191.51 | X91: =Z91/Q91 -> 0.8 | Y91: =P91*(100%-R91-U91) -> 154836.9 | Z91: =K91*Y91 -> 1393532.1
A92: =A91+1 -> 14 | B92: MCB 10A 1 phase | E92: MCB Domae (schneider) | F92: =MEP!D75 -> unit | G92: 0 | H92: =MEP!F75 -> 4 | K92: =SUM(G92:J92) -> 4 | L92: ='ANALISA ME'!$E$639 -> 121550.62 | M92: ='ANALISA ME'!$F$639 -> 64908 | N92: =K92*L92 -> 486202.5 | O92: =K92*M92 -> 259632 | P92: =L92+M92 -> 186458.62 | Q92: =N92+O92 -> 745834.5 | R92: =T92/Q92 -> 0.1 | S92: =P92*10% -> 18645.862 | T92: =K92*S92 -> 74583.45 | U92: =W92/Q92 -> 0.1 | V92: =P92*10% -> 18645.862 | W92: =K92*V92 -> 74583.45 | X92: =Z92/Q92 -> 0.8 | Y92: =P92*(100%-R92-U92) -> 149166.9 | Z92: =K92*Y92 -> 596667.6
A93: =A92+1 -> 15 | B93: MCB 16A 3 phase | E93: MCB Domae (schneider) | F93: =MEP!D76 -> unit | G93: 0 | H93: =MEP!F76 -> 3 | K93: =SUM(G93:J93) -> 3 | L93: ='ANALISA ME'!$E$663 -> 558495 | M93: ='ANALISA ME'!$F$663 -> 95283 | N93: =K93*L93 -> 1675485 | O93: =K93*M93 -> 285849 | P93: =L93+M93 -> 653778 | Q93: =N93+O93 -> 1961334 | R93: =T93/Q93 -> 0.1 | S93: =P93*10% -> 65377.8 | T93: =K93*S93 -> 196133.4 | U93: =W93/Q93 -> 0.1 | V93: =P93*10% -> 65377.8 | W93: =K93*V93 -> 196133.4 | X93: =Z93/Q93 -> 0.8 | Y93: =P93*(100%-R93-U93) -> 523022.4 | Z93: =K93*Y93 -> 1569067.2
A94: =A93+1 -> 16 | B94: MCB 32A 3 phase | E94: MCB Domae (schneider) | F94: =MEP!D77 -> unit | G94: 0 | H94: =MEP!F77 -> 1 | K94: =SUM(G94:J94) -> 1 | L94: ='ANALISA ME'!$E$687 -> 649923.75 | M94: ='ANALISA ME'!$F$687 -> 134433 | N94: =K94*L94 -> 649923.75 | O94: =K94*M94 -> 134433 | P94: =L94+M94 -> 784356.75 | Q94: =N94+O94 -> 784356.75 | R94: =T94/Q94 -> 0.1 | S94: =P94*10% -> 78435.675 | T94: =K94*S94 -> 78435.675 | U94: =W94/Q94 -> 0.1 | V94: =P94*10% -> 78435.675 | W94: =K94*V94 -> 78435.675 | X94: =Z94/Q94 -> 0.8 | Y94: =P94*(100%-R94-U94) -> 627485.4 | Z94: =K94*Y94 -> 627485.4
A95: =A94+1 -> 17 | B95: Ampere & volt meter digital | E95: Autonics Digital Panel Meters Ammeter Series M4M1P-AA-5 1pc | F95: =MEP!D78 -> pcs | G95: 0 | H95: =MEP!F78 -> 3 | K95: =SUM(G95:J95) -> 3 | L95: ='ANALISA ME'!$E$723 -> 4599787.5 | M95: ='ANALISA ME'!$F$723 -> 520155 | N95: =K95*L95 -> 13799362 | O95: =K95*M95 -> 1560465 | P95: =L95+M95 -> 5119942.5 | Q95: =N95+O95 -> 15359828 | R95: =T95/Q95 -> 0.1 | S95: =P95*10% -> 511994.25 | T95: =K95*S95 -> 1535982.8 | U95: =W95/Q95 -> 0.1 | V95: =P95*10% -> 511994.25 | W95: =K95*V95 -> 1535982.8 | X95: =Z95/Q95 -> 0.8 | Y95: =P95*(100%-R95-U95) -> 4095954 | Z95: =K95*Y95 -> 12287862
A96: =A95+1 -> 18 | B96: Busbar | F96: =MEP!D79 -> btg | G96: 0 | H96: =MEP!F79 -> 1 | K96: =SUM(G96:J96) -> 1 | L96: ='ANALISA ME'!$E$735 -> 741352.5 | M96: ='ANALISA ME'!$F$735 -> 520155 | N96: =K96*L96 -> 741352.5 | O96: =K96*M96 -> 520155 | P96: =L96+M96 -> 1261507.5 | Q96: =N96+O96 -> 1261507.5 | R96: =T96/Q96 -> 0.1 | S96: =P96*10% -> 126150.75 | T96: =K96*S96 -> 126150.75 | U96: =W96/Q96 -> 0.1 | V96: =P96*10% -> 126150.75 | W96: =K96*V96 -> 126150.75 | X96: =Z96/Q96 -> 0.8 | Y96: =P96*(100%-R96-U96) -> 1009206 | Z96: =K96*Y96 -> 1009206
A97: =A96+1 -> 19 | B97: Sisir MCB | F97: =MEP!D80 -> btg | G97: 0 | H97: =MEP!F80 -> 1 | K97: =SUM(G97:J97) -> 1 | L97: ='ANALISA ME'!$E$747 -> 233887.5 | M97: ='ANALISA ME'!$F$747 -> 188730 | N97: =K97*L97 -> 233887.5 | O97: =K97*M97 -> 188730 | P97: =L97+M97 -> 422617.5 | Q97: =N97+O97 -> 422617.5 | R97: =T97/Q97 -> 0.1 | S97: =P97*10% -> 42261.75 | T97: =K97*S97 -> 42261.75 | U97: =W97/Q97 -> 0.1 | V97: =P97*10% -> 42261.75 | W97: =K97*V97 -> 42261.75 | X97: =Z97/Q97 -> 0.8 | Y97: =P97*(100%-R97-U97) -> 338094 | Z97: =K97*Y97 -> 338094
A98: =A97+1 -> 20 | B98: Bracket MCB | F98: =MEP!D81 -> btg | G98: 0 | H98: =MEP!F81 -> 1 | K98: =SUM(G98:J98) -> 1 | L98: ='ANALISA ME'!$E$759 -> 63787.5 | M98: ='ANALISA ME'!$F$759 -> 17644.5 | N98: =K98*L98 -> 63787.5 | O98: =K98*M98 -> 17644.5 | P98: =L98+M98 -> 81432 | Q98: =N98+O98 -> 81432 | R98: =T98/Q98 -> 0.1 | S98: =P98*10% -> 8143.2 | T98: =K98*S98 -> 8143.2 | U98: =W98/Q98 -> 0.1 | V98: =P98*10% -> 8143.2 | W98: =K98*V98 -> 8143.2 | X98: =Z98/Q98 -> 0.8 | Y98: =P98*(100%-R98-U98) -> 65145.6 | Z98: =K98*Y98 -> 65145.6
S99: =P99*10% -> 0 | V99: =P99*15% -> 0
A100: B | B100: =MEP!C82 -> Armature | Q100: =SUM(Q101:Q112) -> 1.4216972e+08 | S100: =P100*10% -> 0 | V100: =P100*15% -> 0
A101: 1 | B101: =MEP!C83 -> Lampu downlight | F101: =MEP!D83 -> unit | G101: 0 | H101: =MEP!F83 -> 54 | I101: 0 | J101: 0 | K101: =SUM(G101:J101) -> 54 | L101: ='ANALISA ME'!$E$771 -> 226800 | M101: ='ANALISA ME'!$F$771 -> 91057.5 | N101: =K101*L101 -> 12247200 | O101: =K101*M101 -> 4917105 | P101: =L101+M101 -> 317857.5 | Q101: =N101+O101 -> 17164305 | R101: =T101/Q101 -> 0.1 | S101: =P101*10% -> 31785.75 | T101: =K101*S101 -> 1716430.5 | U101: =W101/Q101 -> 0.1 | V101: =P101*10% -> 31785.75 | W101: =K101*V101 -> 1716430.5 | X101: =Z101/Q101 -> 0.8 | Y101: =P101*(100%-R101-U101) -> 254286 | Z101: =K101*Y101 -> 13731444 | AB101: =26540+63470 -> 90010 | AC101: =9230+10960 -> 20190 | AD101: 72000
A102: =A101+1 -> 2 | B102: =MEP!C84 -> Lampu Spotlight | E102: LED Spotlight 6W - BGP 150 Philips - Natural White | F102: =MEP!D84 -> set | G102: 0 | H102: =MEP!F84 -> 15 | K102: =SUM(G102:J102) -> 15 | L102: ='ANALISA ME'!$E$783 -> 297675 | M102: ='ANALISA ME'!$F$783 -> 91057.5 | N102: =K102*L102 -> 4465125 | O102: =K102*M102 -> 1365862.5 | P102: =L102+M102 -> 388732.5 | Q102: =N102+O102 -> 5830987.5 | R102: =T102/Q102 -> 0.1 | S102: =P102*10% -> 38873.25 | T102: =K102*S102 -> 583098.75 | U102: =W102/Q102 -> 0.1 | V102: =P102*10% -> 38873.25 | W102: =K102*V102 -> 583098.75 | X102: =Z102/Q102 -> 0.8 | Y102: =P102*(100%-R102-U102) -> 310986 | Z102: =K102*Y102 -> 4664790
A103: =A102+1 -> 3 | B103: =MEP!C85 -> Lampu track lamp | E103: Philips LED TRACK LIGHT philips ARTALUX PUTIH ar360 komplit | F103: =MEP!D85 -> pcs | G103: 0 | H103: =MEP!F85 -> 22 | K103: =SUM(G103:J103) -> 22 | L103: ='ANALISA ME'!$E$795 -> 637875 | M103: ='ANALISA ME'!$F$795 -> 104179.5 | N103: =K103*L103 -> 14033250 | O103: =K103*M103 -> 2291949 | P103: =L103+M103 -> 742054.5 | Q103: =N103+O103 -> 16325199 | R103: =T103/Q103 -> 0.1 | S103: =P103*10% -> 74205.45 | T103: =K103*S103 -> 1632519.9 | U103: =W103/Q103 -> 0.1 | V103: =P103*10% -> 74205.45 | W103: =K103*V103 -> 1632519.9 | X103: =Z103/Q103 -> 0.8 | Y103: =P103*(100%-R103-U103) -> 593643.6 | Z103: =K103*Y103 -> 13060159
A104: =A103+1 -> 4 | B104: =MEP!C86 -> Rel lampu track 1m/btg | E104: Track 1M 1 Meter Lampu Sorot Rail Tracklight Spotlight Hitam Putih - Hitam | F104: =MEP!D86 -> btg | G104: 0 | H104: =MEP!F86 -> 11 | K104: =SUM(G104:J104) -> 11 | L104: ='ANALISA ME'!$E$807 -> 283500 | M104: ='ANALISA ME'!$F$807 -> 126049.5 | N104: =K104*L104 -> 3118500 | O104: =K104*M104 -> 1386544.5 | P104: =L104+M104 -> 409549.5 | Q104: =N104+O104 -> 4505044.5 | R104: =T104/Q104 -> 0.1 | S104: =P104*10% -> 40954.95 | T104: =K104*S104 -> 450504.45 | U104: =W104/Q104 -> 0.1 | V104: =P104*10% -> 40954.95 | W104: =K104*V104 -> 450504.45 | X104: =Z104/Q104 -> 0.8 | Y104: =P104*(100%-R104-U104) -> 327639.6 | Z104: =K104*Y104 -> 3604035.6
...

Sheet 8. Pekerjaan Lantai Baseman
A1: BILL OF ITEM
A3: Proyek | D3: ='6. Pekerjaan Plafond'!D3 -> : Pembangunan Rumah Tinggal di Pondok Indah Rumah Hunian
A4: Lokasi Proyek | D4: ='6. Pekerjaan Plafond'!D4 -> : Jl. Sekolah Duta 1 Blok 1 TC No.19
A5: Paket Pekerjaan | D5: ='6. Pekerjaan Plafond'!D5 -> : STRUKTUR - ARSITEKTUR - MEP
A6: Kontraktor | D6: ='6. Pekerjaan Plafond'!D6 -> : PT TRIDJASA SIGMA INDONESIA
A7: Catatan | D7: ='6. Pekerjaan Plafond'!D7 -> : Perhitungan ini merujuk pada gambar
D8: ='6. Pekerjaan Plafond'!D8 -> FOR TENDER tanggal 28 Oktober 2023
T9: DEV | U9: PT. TSI | W9: DEV | X9: PT. MBP | Z9: DEV | AA9: VENDOR
Q10: koef | U10: Harga Satuan | V10: Jumlah | X10: Harga Satuan | Y10: Jumlah | AA10: Harga Satuan | AB10: Jumlah
A11: NO | B11: URAIAN PEKERJAAN | E11: SPESIFIKASI | F11: SAT | G11: Uraian Volume | K11: Volume | L11: Harga Satuan | N11: Jumlah | P11: Jumlah | R11: Harga Satuan | S11: Jumlah
G12: Basement | H12: Lt. Dasar | I12: Lt. 1 | J12: Lt. 2 | K12: Total | L12: Material Utama | M12: Mat bantu+upah | N12: Material Utama | O12: Mat bantu+upah | P12: Total
A13: VIII | B13: PEKERJAAN LANTAI BASEMAN
B14: PEKERJAAN LANTAI BASEMAN
B15: Catatan harga :
B16: Pekerjaan dan Pemasangan plafond gypsum | E16: - Material finishing batu Andesite untuk lantai baseman
B17: Harga satuan biaya pemasangan sudah termasuk upah angkut bahan, pemotongan | E17: - Material finishing granite 60x60 untuk ruangan baseman
B18: pembersihan, pemasangan, pemolesan, perapihan, bahan pembantu
B19: upah kerja peralatan dan bahan terbuang (waste)
A21: A | B21: Pekerjaan Lantai Baseman
A22: 1 | B22: Pekerjaan Finishing Lantai Beton Expose, ex skimcoat finish
B23: - Pekerjaan cipping beton/lantai existing & pemasangan finishing lantai kembali | E23: Finishing lantai granit uk. 60x60 setara Granit Valentino Gress GStone Series 60x60 cm - CREAM | F23: M2 | G23: 267.83 | H23: 0 | I23: 0 | J23: 0 | K23: =SUM(G23:J23) -> 267.83 | L23: =ANALISA_LANTAI!$F$24 -> 357495.9 | M23: =ANALISA_LANTAI!$E$24 -> 144468.75 | N23: =K23*L23 -> 95748127 | O23: =K23*M23 -> 38693065 | P23: =N23+O23 -> 1.3444119e+08 | R23: =L23+M23 -> 501964.65 | S23: =K23*R23 -> 1.3444119e+08 | T23: =V23/S23 -> 0.1 | U23: =R23*10% -> 50196.465 | V23: =K23*U23 -> 13444119 | W23: =Y23/S23 -> 0.1 | X23: =R23*10% -> 50196.465 | Y23: =K23*X23 -> 13444119 | Z23: =AB23/S23 -> 0.8 | AA23: =R23*(100%-T23-W23) -> 401571.72 | AB23: =K23*AA23 -> 1.0755295e+08
C24: - SERVICE AREA | R24: =L24+M24 -> 0 | S24: =K24*R24 -> 0
C25: - Tempat Parkir | R25: =L25+M25 -> 0 | S25: =K25*R25 -> 0
C26: - Tempat Genset | R26: =L26+M26 -> 0 | S26: =K26*R26 -> 0
R27: =L27+M27 -> 0 | S27: =K27*R27 -> 0
A28: 2 | B28: Pekerjaan Finishing Lantai Finishing lantai, granit uk. 60 x 60, setara valentino | R28: =L28+M28 -> 0 | S28: =K28*R28 -> 0 | X28: =R28*10% -> 0
B29: - Pekerjaan cipping beton/lantai existing & pemasangan finishing lantai kembali | E29: Finishing lantai granit uk. 60x60 setara Granit Valentino Gress GStone Series 60x60 cm - CREAM | F29: M2 | G29: 134.35 | H29: 0 | I29: 0 | J29: 0 | K29: =SUM(G29:J29) -> 134.35 | L29: =ANALISA_LANTAI!$F$24 -> 357495.9 | M29: =ANALISA_LANTAI!$E$24 -> 144468.75 | N29: =K29*L29 -> 48029574 | O29: =K29*M29 -> 19409377 | P29: =N29+O29 -> 67438951 | R29: =L29+M29 -> 501964.65 | S29: =K29*R29 -> 67438951 | T29: =V29/S29 -> 0.1 | U29: =R29*10% -> 50196.465 | V29: =K29*U29 -> 6743895.1 | W29: =Y29/S29 -> 0.1 | X29: =R29*10% -> 50196.465 | Y29: =K29*X29 -> 6743895.1 | Z29: =AB29/S29 -> 0.8 | AA29: =R29*(100%-T29-W29) -> 401571.72 | AB29: =K29*AA29 -> 53951161
C30: - VOYER | R30: =L30+M30 -> 0 | S30: =K30*R30 -> 0
C31: - STORAGE | R31: =L31+M31 -> 0 | S31: =K31*R31 -> 0
C32: - KITCHEN | R32: =L32+M32 -> 0 | S32: =K32*R32 -> 0
C33: - PRAYER ROOM | R33: =L33+M33 -> 0 | S33: =K33*R33 -> 0
C34: - POOL MAINTENANCE | R34: =L34+M34 -> 0 | S34: =K34*R34 -> 0
C35: - BR. ART 1 | R35: =L35+M35 -> 0 | S35: =K35*R35 -> 0
C36: - BR. ART 2 | R36: =L36+M36 -> 0 | S36: =K36*R36 -> 0
C37: - TOILET
A38: SUB TOTAL VIII | S38: =SUM(S13:S37) -> 2.0188014e+08 | U38: TOTAL | V38: =SUM(V13:V37) -> 20188014 | X38: TOTAL | Y38: =SUM(Y13:Y37) -> 20188014 | AA38: TOTAL | AB38: =SUM(AB13:AB37) -> 1.6150411e+08 | AD38: =S38-AB38 -> 40376029
V39: =S38-V38 -> 1.8169213e+08 | Y39: =V38-Y38 -> 0 | AB39: =Y38-AB38 -> -1.413161e+08 | AD39: =SUM(U39:AB39) -> 40376029
K40: =SUM(K23:K37) -> 402.18 | P40: =SUM(P14:P38)/2 -> 1.0094007e+08 | AD40: =AD38-AD39 -> 0
K41: =P38/K40 -> 0

Sheet 7. Pekerjaan Kolam Renang
A1: BILL OF ITEM
A3: Proyek | D3: ='6. Pekerjaan Plafond'!D3 -> : Pembangunan Rumah Tinggal di Pondok Indah Rumah Hunian
A4: Lokasi Proyek | D4: ='6. Pekerjaan Plafond'!D4 -> : Jl. Sekolah Duta 1 Blok 1 TC No.19
A5: Paket Pekerjaan | D5: ='6. Pekerjaan Plafond'!D5 -> : STRUKTUR - ARSITEKTUR - MEP
A6: Kontraktor | D6: ='6. Pekerjaan Plafond'!D6 -> : PT TRIDJASA SIGMA INDONESIA
A7: Catatan | D7: ='6. Pekerjaan Plafond'!D7 -> : Perhitungan ini merujuk pada gambar
D8: ='6. Pekerjaan Plafond'!D8 -> FOR TENDER tanggal 28 Oktober 2023
P9: DEV | Q9: PT. TSI | S9: DEV | T9: PT. MBP | V9: DEV | W9: VENDOR
A10: NO | B10: URAIAN PEKERJAAN | E10: SPESIFIKASI | F10: SAT | G10: Volume | H10: Harga Satuan | J10: Jumlah | L10: Jumlah | N10: Harga Satuan | O10: Jumlah | Q10: Harga Satuan | R10: Jumlah | T10: Harga Satuan | U10: Jumlah | W10: Harga Satuan | X10: Jumlah
G11: Total | H11: Material Utama | I11: Mat bantu+upah | J11: Material Utama | K11: Mat bantu+upah | L11: Total
A12: VII | B12: PEKERJAAN KOLAM RENANG
A14: A | B14: Pekerjaan Struktur
A15: 1 | B15: Pekerjaan Perbaikan Beton
B16: - Pekerjaan injeksi beton/perbaikan beton | E16: Perbaikan beton lantai | F16: titik | G16: 50 | H16: ='2. Perbaikan Beton'!L29 -> 80000 | I16: ='2. Perbaikan Beton'!M29 -> 20000 | J16: =G16*H16 -> 4000000 | K16: =G16*I16 -> 1000000 | L16: =J16+K16 -> 5000000 | N16: =(H16+I16)*0 -> 0 | O16: =G16*N16*0 -> 0
B17: Perbaikan beton dinding 4 sisi | E17: Perbaikan beton dinding 4 sisi | F17: =F16 -> titik | G17: 200 | H17: ='2. Perbaikan Beton'!L29 -> 80000 | I17: ='2. Perbaikan Beton'!M29 -> 20000 | J17: =G17*H17 -> 16000000 | K17: =G17*I17 -> 4000000 | L17: =J17+K17 -> 20000000 | N17: =(H17+I17)*0 -> 0 | O17: =G17*N17*0 -> 0
A18: =A15+1 -> 2 | B18: Pekerjaan Balancing Tank | N18: =H18+I18 -> 0 | O18: =G18*N18 -> 0
B19: - Pekerjaan Beton Bertulang & Finishing | E19: Pekerjaan Beton bertulang | F19: M3 | G19: 5 | H19: 4500000 | I19: 932000 | J19: =G19*H19 -> 22500000 | K19: =G19*I19 -> 4660000 | L19: =J19+K19 -> 27160000 | N19: =(H19+I19)*0 -> 0 | O19: =G19*N19 -> 0
B20: pekerjaan finishing beton | E20: pekerjaan finishing beton | F20: M2 | G20: =(2*1)*5 -> 10 | H20: ='2. Perbaikan Beton'!L32 -> 80000 | I20: ='2. Perbaikan Beton'!M32 -> 20000 | J20: =G20*H20 -> 800000 | K20: =G20*I20 -> 200000 | L20: =J20+K20 -> 1000000 | N20: =(H20+I20)*0 -> 0 | O20: =G20*N20 -> 0
B21: Pekerjaan Manhole | E21: Pekerjaan Manhole | F21: Unit | G21: 1 | H21: 3472386.6 | I21: 800890 | J21: =G21*H21 -> 3472386.6 | K21: =G21*I21 -> 800890 | L21: =J21+K21 -> 4273276.6 | N21: =(H21+I21)*0 -> 0 | O21: =G21*N21 -> 0
A22: B | B22: Pekerjaan Arsitek
A23: 1 | B23: Pekerjaan waterprofing lantai dan dinding
B24: - Lantai | E24: Waterprofing Lantai | F24: M2 | G24: 463.11 | H24: ='2. Perbaikan Beton'!L38 -> 32857.143 | I24: ='2. Perbaikan Beton'!M38 -> 21000 | J24: =G24*H24 -> 15216471 | K24: =G24*I24 -> 9725310 | L24: =J24+K24 -> 24941781 | N24: =H24+I24 -> 53857.143 | O24: =G24*N24 -> 24941781 | P24: =R24/O24 -> 0.1 | Q24: =N24*10% -> 5385.7143 | R24: =G24*Q24 -> 2494178.1 | S24: =U24/O24 -> 0.1 | T24: =N24*10% -> 5385.7143 | U24: =G24*T24 -> 2494178.1 | V24: =X24/O24 -> 0.8 | W24: =N24*(100%-P24-S24) -> 43085.714 | X24: =G24*W24 -> 19953425
B25: - dinding tampak A | E25: Waterprofing Dinding --> 1 | F25: M2 | G25: 40.59 | H25: ='2. Perbaikan Beton'!L38 -> 32857.143 | I25: ='2. Perbaikan Beton'!M38 -> 21000 | J25: =G25*H25 -> 1333671.4 | K25: =G25*I25 -> 852390 | L25: =J25+K25 -> 2186061.4 | N25: =H25+I25 -> 53857.143 | O25: =G25*N25 -> 2186061.4 | P25: =R25/O25 -> 0.1 | Q25: =N25*10% -> 5385.7143 | R25: =G25*Q25 -> 218606.14 | S25: =U25/O25 -> 0.1 | T25: =N25*10% -> 5385.7143 | U25: =G25*T25 -> 218606.14 | V25: =X25/O25 -> 0.8 | W25: =N25*(100%-P25-S25) -> 43085.714 | X25: =G25*W25 -> 1748849.1
B26: - dinding tampak B | E26: Waterprofing Dinding --> 2 | F26: M2 | G26: 40.59 | H26: ='2. Perbaikan Beton'!L38 -> 32857.143 | I26: ='2. Perbaikan Beton'!M38 -> 21000 | J26: =G26*H26 -> 1333671.4 | K26: =G26*I26 -> 852390 | L26: =J26+K26 -> 2186061.4 | N26: =H26+I26 -> 53857.143 | O26: =G26*N26 -> 2186061.4 | P26: =R26/O26 -> 0.1 | Q26: =N26*10% -> 5385.7143 | R26: =G26*Q26 -> 218606.14 | S26: =U26/O26 -> 0.1 | T26: =N26*10% -> 5385.7143 | U26: =G26*T26 -> 218606.14 | V26: =X26/O26 -> 0.8 | W26: =N26*(100%-P26-S26) -> 43085.714 | X26: =G26*W26 -> 1748849.1
B27: - dinding tampak C | E27: Waterprofing Dinding --> 3 | F27: M2 | G27: 13 | H27: ='2. Perbaikan Beton'!L38 -> 32857.143 | I27: ='2. Perbaikan Beton'!M38 -> 21000 | J27: =G27*H27 -> 427142.86 | K27: =G27*I27 -> 273000 | L27: =J27+K27 -> 700142.86 | N27: =H27+I27 -> 53857.143 | O27: =G27*N27 -> 700142.86 | P27: =R27/O27 -> 0.1 | Q27: =N27*10% -> 5385.7143 | R27: =G27*Q27 -> 70014.286 | S27: =U27/O27 -> 0.1 | T27: =N27*10% -> 5385.7143 | U27: =G27*T27 -> 70014.286 | V27: =X27/O27 -> 0.8 | W27: =N27*(100%-P27-S27) -> 43085.714 | X27: =G27*W27 -> 560114.29
B28: - dinding tampak D | E28: Waterprofing Dinding --> 4 | F28: M2 | G28: 13 | H28: ='2. Perbaikan Beton'!L38 -> 32857.143 | I28: ='2. Perbaikan Beton'!M38 -> 21000 | J28: =G28*H28 -> 427142.86 | K28: =G28*I28 -> 273000 | L28: =J28+K28 -> 700142.86 | N28: =H28+I28 -> 53857.143 | O28: =G28*N28 -> 700142.86 | P28: =R28/O28 -> 0.1 | Q28: =N28*10% -> 5385.7143 | R28: =G28*Q28 -> 70014.286 | S28: =U28/O28 -> 0.1 | T28: =N28*10% -> 5385.7143 | U28: =G28*T28 -> 70014.286 | V28: =X28/O28 -> 0.8 | W28: =N28*(100%-P28-S28) -> 43085.714 | X28: =G28*W28 -> 560114.29
Q29: =N29*10% -> 0 | T29: =N29*10% -> 0 | W29: =N29*(100%-P29-S29) -> 0
A30: 2 | B30: Pekerjaan keramik/finishing lantai dan dinding | Q30: =N30*10% -> 0 | T30: =N30*10% -> 0 | W30: =N30*(100%-P30-S30) -> 0
B31: - Lantai | E31: Lantai | F31: M2 | G31: =16*4 -> 64 | H31: ='ANALISA_KOLAM RENANG'!$F$24 -> 414995.9 | I31: ='ANALISA_KOLAM RENANG'!$E$24 -> 144468.75 | J31: =G31*H31 -> 26559738 | K31: =G31*I31 -> 9246000 | L31: =J31+K31 -> 35805738 | N31: =H31+I31 -> 559464.65 | O31: =G31*N31 -> 35805738 | P31: =R31/O31 -> 0.1 | Q31: =N31*10% -> 55946.465 | R31: =G31*Q31 -> 3580573.8 | S31: =U31/O31 -> 0.1 | T31: =N31*10% -> 55946.465 | U31: =G31*T31 -> 3580573.8 | V31: =X31/O31 -> 0.8 | W31: =N31*(100%-P31-S31) -> 447571.72 | X31: =G31*W31 -> 28644590
B32: - dinding tampak A | E32: Dinding --> 1 | F32: M2 | G32: 40.59 | H32: =$H$31 -> 414995.9 | I32: =$I$31 -> 144468.75 | J32: =G32*H32 -> 16844684 | K32: =G32*I32 -> 5863986.6 | L32: =J32+K32 -> 22708670 | N32: =H32+I32 -> 559464.65 | O32: =G32*N32 -> 22708670 | P32: =R32/O32 -> 0.1 | Q32: =N32*10% -> 55946.465 | R32: =G32*Q32 -> 2270867 | S32: =U32/O32 -> 0.1 | T32: =N32*10% -> 55946.465 | U32: =G32*T32 -> 2270867 | V32: =X32/O32 -> 0.8 | W32: =N32*(100%-P32-S32) -> 447571.72 | X32: =G32*W32 -> 18166936
B33: - dinding tampak B | E33: Dinding --> 2 | F33: M2 | G33: 40.59 | H33: =$H$31 -> 414995.9 | I33: =$I$31 -> 144468.75 | J33: =G33*H33 -> 16844684 | K33: =G33*I33 -> 5863986.6 | L33: =J33+K33 -> 22708670 | N33: =H33+I33 -> 559464.65 | O33: =G33*N33 -> 22708670 | P33: =R33/O33 -> 0.1 | Q33: =N33*10% -> 55946.465 | R33: =G33*Q33 -> 2270867 | S33: =U33/O33 -> 0.1 | T33: =N33*10% -> 55946.465 | U33: =G33*T33 -> 2270867 | V33: =X33/O33 -> 0.8 | W33: =N33*(100%-P33-S33) -> 447571.72 | X33: =G33*W33 -> 18166936
B34: - dinding tampak C | E34: Dinding --> 3 | F34: M2 | G34: 13 | H34: =$H$31 -> 414995.9 | I34: =$I$31 -> 144468.75 | J34: =G34*H34 -> 5394946.7 | K34: =G34*I34 -> 1878093.8 | L34: =J34+K34 -> 7273040.5 | N34: =H34+I34 -> 559464.65 | O34: =G34*N34 -> 7273040.5 | P34: =R34/O34 -> 0.1 | Q34: =N34*10% -> 55946.465 | R34: =G34*Q34 -> 727304.05 | S34: =U34/O34 -> 0.1 | T34: =N34*10% -> 55946.465 | U34: =G34*T34 -> 727304.05 | V34: =X34/O34 -> 0.8 | W34: =N34*(100%-P34-S34) -> 447571.72 | X34: =G34*W34 -> 5818432.4
B35: - dinding tampak D | E35: Dinding --> 4 | F35: M2 | G35: 13 | H35: =$H$31 -> 414995.9 | I35: =$I$31 -> 144468.75 | J35: =G35*H35 -> 5394946.7 | K35: =G35*I35 -> 1878093.8 | L35: =J35+K35 -> 7273040.5 | N35: =H35+I35 -> 559464.65 | O35: =G35*N35 -> 7273040.5 | P35: =R35/O35 -> 0.1 | Q35: =N35*10% -> 55946.465 | R35: =G35*Q35 -> 727304.05 | S35: =U35/O35 -> 0.1 | T35: =N35*10% -> 55946.465 | U35: =G35*T35 -> 727304.05 | V35: =X35/O35 -> 0.8 | W35: =N35*(100%-P35-S35) -> 447571.72 | X35: =G35*W35 -> 5818432.4
A36: C | B36: Pekerjaan Mekanikal & Elektrikal | Q36: =N36*10% -> 0 | T36: =N36*10% -> 0 | W36: =N36*(100%-P36-S36) -> 0
A37: 1 | B37: Pompa sirkulasi | N37: =H37+I37 -> 0 | O37: =G37*N37 -> 0 | Q37: =N37*10% -> 0 | T37: =N37*10% -> 0 | W37: =N37*(100%-P37-S37) -> 0
E38: Pompa sirkulasi 3 HP (Paket Pompa Kolam Renang Venezia 3hp + Sand filter 28in Emaux) | F38: bh | G38: 1 | H38: =(15000000*40%)+15000000 -> 21000000 | I38: 6000000 | J38: =G38*H38 -> 21000000 | K38: =G38*I38 -> 6000000 | L38: =J38+K38 -> 27000000 | N38: =H38+I38 -> 27000000 | O38: =G38*N38 -> 27000000 | P38: =R38/O38 -> 0.1 | Q38: =N38*10% -> 2700000 | R38: =G38*Q38 -> 2700000 | S38: =U38/O38 -> 0.1 | T38: =N38*10% -> 2700000 | U38: =G38*T38 -> 2700000 | V38: =X38/O38 -> 0.8 | W38: =N38*(100%-P38-S38) -> 21600000 | X38: =G38*W38 -> 21600000
A39: 2 | B39: Pompa filter | N39: =H39+I39 -> 0 | O39: =G39*N39 -> 0 | Q39: =N39*10% -> 0 | T39: =N39*10% -> 0 | W39: =N39*(100%-P39-S39) -> 0
E40: Pompa filter S 360 (Sand FIlter Hayward S360 SX ORIGINAL FILTER for 3hp pump MADE IN USA - S360SX) | F40: bh | G40: 1 | H40: =(35000000*40%)+35000000 -> 49000000 | I40: 4000000 | J40: =G40*H40 -> 49000000 | K40: =G40*I40 -> 4000000 | L40: =J40+K40 -> 53000000 | N40: =H40+I40 -> 53000000 | O40: =G40*N40 -> 53000000 | P40: =R40/O40 -> 0.1 | Q40: =N40*10% -> 5300000 | R40: =G40*Q40 -> 5300000 | S40: =U40/O40 -> 0.1 | T40: =N40*10% -> 5300000 | U40: =G40*T40 -> 5300000 | V40: =X40/O40 -> 0.8 | W40: =N40*(100%-P40-S40) -> 42400000 | X40: =G40*W40 -> 42400000
A41: 3 | B41: Pompa sirkulasi | N41: =H41+I41 -> 0 | O41: =G41*N41 -> 0 | Q41: =N41*10% -> 0 | T41: =N41*10% -> 0 | W41: =N41*(100%-P41-S41) -> 0
E42: Pompa sirkulasi 3/4 HP, Shimizu Submersible Pump SPW-500BIT 1unit | F42: bh | G42: 1 | H42: 15000000 | I42: 3500000 | J42: =G42*H42 -> 15000000 | K42: =G42*I42 -> 3500000 | L42: =J42+K42 -> 18500000 | N42: =H42+I42 -> 18500000 | O42: =G42*N42 -> 18500000 | P42: =R42/O42 -> 0.1 | Q42: =N42*10% -> 1850000 | R42: =G42*Q42 -> 1850000 | S42: =U42/O42 -> 0.1 | T42: =N42*10% -> 1850000 | U42: =G42*T42 -> 1850000 | V42: =X42/O42 -> 0.8 | W42: =N42*(100%-P42-S42) -> 14800000 | X42: =G42*W42 -> 14800000
A43: 4 | B43: Biaya Instalasi | N43: =H43+I43 -> 0 | O43: =G43*N43 -> 0 | Q43: =N43*10% -> 0 | T43: =N43*10% -> 0 | W43: =N43*(100%-P43-S43) -> 0
E44: Instalasi Listrik | F44: Ls | G44: 1 | H44: 7500000 | I44: 3500000 | J44: =G44*H44 -> 7500000 | K44: =G44*I44 -> 3500000 | L44: =J44+K44 -> 11000000 | N44: =H44+I44 -> 11000000 | O44: =G44*N44 -> 11000000 | P44: =R44/O44 -> 0.1 | Q44: =N44*10% -> 1100000 | R44: =G44*Q44 -> 1100000 | S44: =U44/O44 -> 0.1 | T44: =N44*10% -> 1100000 | U44: =G44*T44 -> 1100000 | V44: =X44/O44 -> 0.8 | W44: =N44*(100%-P44-S44) -> 8800000 | X44: =G44*W44 -> 8800000
A45: 5 | B45: Lampu Kolam Renang | N45: =H45+I45 -> 0 | O45: =G45*N45 -> 0 | Q45: =N45*10% -> 0 | T45: =N45*10% -> 0 | W45: =N45*(100%-P45-S45) -> 0
