Workbook
Name _\E: #REF!
Name _\F: #REF!
Name _\G: #REF!
Name _\H: #REF!
Name _\I: #REF!
Name _\J: #REF!
Name _\K: #REF!
Name _\L: #REF!
Name _\M: #REF!
Name _\N: #REF!
Name _\O: #REF!
Name _\P: #REF!
Name _\Q: #REF!
Name _\R: #REF!
Name _\S: #REF!
Name _\T: #REF!
Name _\U: #REF!
Name _\V: #REF!
Name _\W: #REF!
Name __\0: [1]Penjumlahan!#REF!
Name __\A: '[2]304-06'!#REF!
Name __\B: #REF!
Name __\C: #REF!
Name __\D: #REF!
Name __\E: #REF!
Name __\F: #REF!
Name __\G: #REF!
Name __\H: #REF!
Name __\I: #REF!
Name __\J: #REF!
Name __\K: #REF!
Name __\L: #REF!
Name __\M: #REF!
Name __\N: #REF!
Name __\O: #REF!
Name __\P: #REF!
Name __\Q: #REF!
Name __\R: #REF!
Name __\S: #REF!
Name __\T: #REF!
Name __\U: #REF!
Name __\V: #REF!
Name __\W: #REF!
Name __\WQ: '[3]BAG-2'!#REF!
Name __\x: [4]Cover1!#REF!
Name __\Y: #REF!
Name __\Z: #REF!
Name ___: [5]ANALIS!#REF!
Name ___: [5]ANALIS!#REF!
Name ___\0: [1]Penjumlahan!#REF!
Name ___\A: '[2]304-06'!#REF!
Name ___\B: #REF!
Name ___\C: #REF!
Name ___\D: #REF!
Name ___\WQ: '[3]BAG-2'!#REF!
Name ___\x: [4]Cover1!#REF!
Name ___\Y: #REF!
Name ___\Z: #REF!
Name ________C: #REF!
Name ________C: #REF!

Sheet COVER
A7: BILL OF QUANTITY
A20: PAKET
A21: PEMBANGUNAN RUMAH TINGGAL TYPE 90 DAN 134
A22: CLUSTER VARANA JAGORAWI GOLF ESTATE
A23: BOGOR - JAWA BARAT
B48: A G U S T U S 2 0 2 2

Sheet Rekap
A1: REKAPITULASI RENCANA ANGGARAN BIAYA
A2: Rumah Standar TIPE 53
A3: Cls. THE AWA 2
A4: JAGORAWI GOLF ESTATE
A5: PEMILIK PROYEK | C5: : PT. SENTOSA ASRI PROPERTINDO
A6: LOKASI | C6: : -
A8: NO. | B8: URAIAN PEKERJAAN | D8: Jumlah Harga ( Rp ) | E8: BOBOT | G8: Balance | H8: Harga Per M2
D9: TYPE 53 | F9: Koef
A12: I | B12: PEKERJAAN PERSIAPAN | D12: ='BQ L7'!O19 -> 3379584.9 | E12: =D12/$D$47 -> 0.010383389 | F12: 0.01 | G12: =F12-E12 -> -0.00038338891 | H12: =D12/$D$52 -> 63765.753
A14: II | B14: PEKERJAAN PONDASI | D14: ='BQ L7'!O41 -> 31923075 | E14: =D14/$D$47 -> 0.098080004 | F14: 0.028 | G14: =F14-E14 -> -0.070080004 | H14: =D14/$D$52 -> 602322.17
A16: III | B16: PEKERJAAN STRUKTUR | D16: ='BQ L7'!O79 -> 54709951 | E16: =D16/$D$47 -> 0.16809008 | F16: 0.23 | G16: =F16-E16 -> 0.06190992 | H16: =D16/$D$52 -> 1032263.2
A18: IV | B18: PEKERJAAN DINDING | D18: ='BQ L7'!O83 -> 26367300 | E18: =D18/$D$47 -> 0.08101052 | F18: 0.1 | G18: =F18-E18 -> 0.01898948 | H18: =D18/$D$52 -> 497496.23
A20: V | B20: PEKERJAAN PELAPIS DINDING | D20: ='BQ L7'!O93 -> 24621718 | E20: =D20/$D$47 -> 0.075647419 | F20: 0.1 | G20: =F20-E20 -> 0.024352581 | H20: =D20/$D$52 -> 464560.72
A22: VI | B22: PEKERJAAN ATAP | D22: ='BQ L7'!O103 -> 22813698 | E22: =D22/$D$47 -> 0.070092482 | F22: 0.1 | G22: =F22-E22 -> 0.029907518 | H22: =D22/$D$52 -> 430447.13
A24: VII | B24: PEKERJAAN PLAFOND | D24: ='BQ L7'!O112 -> 9348280.7 | E24: =D24/$D$47 -> 0.028721526 | F24: 0.03 | G24: =F24-E24 -> 0.0012784745 | H24: =D24/$D$52 -> 176382.65
A26: VIII | B26: PEKERJAAN LANTAI | D26: ='BQ L7'!O133 -> 17355025 | E26: =D26/$D$47 -> 0.053321332 | F26: 0.1 | G26: =F26-E26 -> 0.046678668 | H26: =D26/$D$52 -> 327453.29
A28: IX | B28: PEKERJAAN KUSEN, PINTU DAN JENDELA | D28: ='BQ L7'!O139 -> 33608660 | E28: =D28/$D$47 -> 0.10325877 | F28: 0.08 | G28: =F28-E28 -> -0.023258771 | H28: =D28/$D$52 -> 634125.66
A30: X | B30: PEKERJAAN ENGSEL DAN KUNCI | D30: ='BQ L7'!O141 -> 4650000 | E30: =D30/$D$47 -> 0.014286594 | F30: 0.02 | G30: =F30-E30 -> 0.0057134057 | H30: =D30/$D$52 -> 87735.849
A32: XI | B32: PEKERJAAN FINISHING TANGGA | D32: ='BQ L7'!O147 -> 2564388 | E32: =D32/$D$47 -> 0.0078787894 | F32: 0.04 | G32: =F32-E32 -> 0.032121211 | H32: =D32/$D$52 -> 48384.679
A34: XII | B34: PEKERJAAN PENGECATAN | D34: ='BQ L7'!O153 -> 6952892 | E34: =D34/$D$47 -> 0.021361967 | F34: 0.02 | G34: =F34-E34 -> -0.0013619671 | H34: =D34/$D$52 -> 131186.64
A36: XIII | B36: PEKERJAAN INSTALASI AIR | D36: ='BQ L7'!O168 -> 31832693 | E36: =D36/$D$47 -> 0.097802316 | F36: 0.1 | G36: =F36-E36 -> 0.0021976835 | H36: =D36/$D$52 -> 600616.85
A38: XIV | B38: PEKERJAAN INSTALASI LISTRIK | D38: ='BQ L7'!O190 -> 17821596 | E38: =D38/$D$47 -> 0.05475482 | F38: 0.03 | G38: =F38-E38 -> -0.02475482 | H38: =D38/$D$52 -> 336256.53
A40: XV | B40: PEKERJAAN ACCESSORIES SANITAIR | D40: ='BQ L7'!O203 -> 15182089 | E40: =D40/$D$47 -> 0.046645237 | F40: 0.01 | G40: =F40-E40 -> -0.036645237 | H40: =D40/$D$52 -> 286454.52
A42: XVI | B42: PEKERJAAN LAIN-LAIN | D42: ='BQ L7'!O210 -> 4328000 | E42: =D42/$D$47 -> 0.013297286 | F42: 0.002 | G42: =F42-E42 -> -0.011297286 | H42: =D42/$D$52 -> 81660.377
H43: =D43/$D$52 -> 0
A44: XVII | B44: PEKERJAAN ADDITIONAL (+/-) | D44: ='BQ L7'!O214 -> 18021000 | E44: =D44/$D$47 -> 0.055367466 | H44: =D44/$D$52 -> 340018.87
H45: =D45/$D$52 -> 0
B47: TOTAL | D47: =SUM(D12:D46) -> 3.2547995e+08 | E47: =SUM(E12:E45) -> 1 | F47: =SUM(F12:F45) -> 1 | G47: =SUM(G12:G45) -> 0.055367466 | H47: =D47-'BQ L7'!O216 -> 0 | I47: Unit Rumah
B48: Dibulatkan | D48: =ROUNDDOWN(D47,-4) -> 325470000 | E48: =D48/D52 -> 6140943.4 | G48: =F48/E48 -> 0 | H48: =F48*D52 -> 0 | I48: 187 | J48: =H48*I48 -> 0
B49: Fee & Resiko | C49: 0 | D49: =D47*C49 -> 0 | E49: =D49/D52 -> 0
B50: Biaya Percepatan | C50: 0 | D50: =D48*(C50) -> 0 | E50: =D50/D52 -> 0 | F50: 0.05
B51: Jumlah Total | D51: =SUM(D48:D50) -> 325470000
B52: Type Rumah | D52: 53
B53: Harga M2 | D53: =D51/D52 -> 6140943.4 | F53: Luas Bangunan | G53: Koef | H53: Harga Nilai Kontrak | I53: Harga Jual | J53: Dibulatkan | K53: Jumlah Harga
F54: =D52 -> 53 | G54: 0.9 | H54: =E48 -> 6140943.4 | I54: =G54*H54 -> 5526849.1 | J54: =ROUNDDOWN(I54,-4) -> 5520000 | K54: =F54*J54 -> 292560000 | L54: =1-(K54/D48) -> 0.10111531
B55: PPN 12 % | D55: =D51*0.12 -> 39056400
B56: Grand Total | D56: =D48+D49+D55 -> 364526400
B59: Harga Permeter Interior | D59: =550000000/90 -> 6111111.1 | E59: M2 | F59: =47000000*52 -> 2444000000
B60: Luas Bangunan | D60: =D52 -> 53 | E60: M2 | H60: Harga Per M2 | I60: Harga Jual | J60: Dibulatkan | K60: Jumlah Harga
B61: Jumlah Harga | D61: =D59*D60 -> 3.2388889e+08 | F61: Harga Civil & MEP | G61: 52 | H61: 4600000 | I61: =G61*H61 -> 239200000 | J61: =ROUNDDOWN(I61,-4) -> 239200000 | K61: =F61*J61 -> #VALUE! | L61: =1-(K61/D55) -> #VALUE!
B62: Grand Total | D62: =D51+D61 -> 6.4935889e+08 | F62: Harga SBO | G62: 1 | H62: =D48-I61 -> 86270000 | I62: =G62*H62 -> 86270000
I63: =SUM(I61:I62) -> 325470000

Sheet BQ L7
A1: RENCANA ANGGARAN BIAYA KONTRAK
A2: PROYEK PEMBANGUNAN RUMAH STANDAR CLS. VARANA
A3: Tipe 6 X 14 | F3: 0.07 | G3: 1.09523 | H3: =H219 -> 414680000 | N3: 1.09523
A4: No. | B4: Uraian Pekerjaan | D4: Spesifikasi Ringkas | E4: Sat | F4: Volume | G4: Harga Satuan | H4: Jumlah Harga | K4: Harga Permeter | M4: THE AWA 2 Type 53
J5: Harga Varana Type 90 | L5: Harga The Awa 2 Type 53 | M5: Volume | N5: Harga Satuan | O5: Jumlah Harga | P5: Harga SBO | Q5: Harga Permeter | R5: Koef Eskalasi
A7: I. | B7: PEKERJAAN PERSIAPAN : | I7: Koef Type Bangunan | J7: =-(1-(90/53)) -> 0.69811321 | K7: =1-(53/90) -> 0.41111111
A8: 1 | B8: Direksi Keet & Gudang | D8: Metal / Bahan yang tidak mudah terbakar | E8: Ls | F8: 1 | G8: 750000 | H8: =F8*G8 -> 750000 | J8: =H8 -> 750000 | L8: =$J$7*J8 -> 523584.91 | M8: 1 | N8: =$L$8 -> 523584.91 | O8: =M8*N8 -> 523584.91
A9: 2 | B9: Pas. Bouwplank & Pengukuran | D9: Kayu Borneo 2/20 & Kaso 5/7 | E9: M1 | F9: 42 | G9: 16500 | H9: =F9*G9 -> 693000 | J9: =H9 -> 693000 | L9: =$J$7*J9 -> 483792.45 | M9: =(14+8)*2 -> 44 | N9: 16500 | O9: =M9*N9 -> 726000
A10: 3 | B10: Pembersihan | D10: Di Dalam Kavling | E10: M2 | F10: 98 | G10: 7500 | H10: =F10*G10 -> 735000 | J10: =H10 -> 735000 | L10: =$J$7*J10 -> 513113.21 | M10: =14*6 -> 84 | N10: 7500 | O10: =M10*N10 -> 630000
A11: 4 | B11: Air Kerja & Listrik Kerja | D11: Selama Kerja | E11: Ls | F11: 1 | G11: 95000 | H11: =F11*G11 -> 95000 | J11: =H11 -> 95000 | L11: =$J$7*J11 -> 66320.755 | M11: 1 | N11: =1500000 -> 1500000 | O11: =M11*N11 -> 1500000
A12: 5 | B12: Pengadaan & Pelaksanaan K3 (Keselamatan & Kesehatan | E12: Ls | F12: 1 | G12: 1250000 | H12: =F12*G12 -> 1250000 | J12: =H12 -> 1250000 | L12: =$J$7*J12 -> 872641.51 | M12: 1 | N12: =$L$12*0 -> 0 | O12: =M12*N12 -> 0
B13: Kerja) sesuai dengan standard safety Modernland termasuk | J13: =H13 -> 0 | L13: =$J$7*J13 -> 0 | O13: =M13*N13 -> 0
B14: pengadaan alat-alat safety seperti helm, safety shoes, | J14: =H14 -> 0 | L14: =$J$7*J14 -> 0 | O14: =M14*N14 -> 0
B15: rambu-rambu/signage metal, safety net, full body harnes, | J15: =H15 -> 0 | L15: =$J$7*J15 -> 0 | O15: =M15*N15 -> 0
B16: tabung APAR, cara penyambungan kabel, dll | J16: =H16 -> 0 | L16: =$J$7*J16 -> 0 | O16: =M16*N16 -> 0
A17: 6 | B17: Biaya Fee untuk Material MOU/PC Rate/SBO | E17: Ls | F17: 1 | H17: =F17*G17 -> 0 | J17: =H17 -> 0 | L17: =$J$7*J17 -> 0 | O17: =M17*N17 -> 0
A18: 7 | B18: Keamanan | D18: Selama Kerja | E18: Ls | F18: 1 | G18: 1250000 | H18: =F18*G18 -> 1250000 | J18: =H18 -> 1250000 | L18: =$J$7*J18 -> 872641.51 | M18: 1 | N18: =$L$18*0 -> 0 | O18: =M18*N18 -> 0
D19: Sub Total I. | H19: =SUM(H8:H18) -> 4773000 | I19: =SUM(I8:I18) -> 0 | J19: =SUM(J8:J18) -> 4773000 | K19: =H19/$H$223 -> 53033.333 | L19: =SUM(L8:L18) -> 3332094.3 | O19: =SUM(O8:O18) -> 3379584.9 | Q19: =O19/$O$223 -> 63765.753 | R19: =1-(K19/Q19)*100% -> 0.16831009
A20: II. | B20: PEKERJAAN PONDASI : | L20: =$J$7*J20 -> 0 | O20: =M20*N20 -> 0
A21: 1 | B21: Galian Tanah | D21: Manual/Excavator | E21: M3 | F21: 64.59165 | G21: 48660 | H21: =F21*G21 -> 3143029.7 | J21: =H21 -> 3143029.7 | L21: =$J$7*J21 -> 2194190.5 | M21: =Volume!Q39 -> 52.28 | N21: 48660 | O21: =M21*N21 -> 2543944.8
A22: 2 | B22: Urug Pasir Di Bawah Pondasi Pile Cap, Pondasi Rolag Bata,Pondasi tapak, Tie Beam | D22: Pasir pasang t = 5 cm | E22: M3 | F22: 1.039 | G22: 277700 | H22: =F22*G22 -> 288530.3 | J22: =H22 -> 288530.3 | L22: =$J$7*J22 -> 201426.81 | M22: =$K$7*F22 -> 0.42714444 | N22: 277700 | O22: =M22*N22 -> 118618.01
A23: 3 | B23: Lantai Kerja Di bawah Pondasi Pile Cap, Pondasi Tapak dan Tie Beam | D23: B0, t = 5 cm | E23: M3 | F23: 1.039 | G23: 638400 | H23: =F23*G23 -> 663297.6 | J23: =H23 -> 663297.6 | L23: =$J$7*J23 -> 463056.82 | M23: =$K$7*F23 -> 0.42714444 | N23: 638400 | O23: =M23*N23 -> 272689.01
A24: 4 | B24: Pondasi Tapak | D24: 0 | J24: =H24 -> 0 | L24: =$J$7*J24 -> 0 | O24: =M24*N24 -> 0
B25: - Beton | D25: K-250 Readymix | E25: M3 | F25: 2.261 | G25: 918200 | H25: =F25*G25 -> 2076050.2 | J25: =H25 -> 2076050.2 | L25: =$J$7*J25 -> 1449318.1 | M25: =Volume!$P$27 -> 2.544 | N25: =780000+150000 -> 930000 | O25: =M25*N25 -> 2365920
B26: - Besi Tulangan Ø8 | D26: BJTP 24 | E26: Kg | F26: 256.52565 | G26: 16120 | H26: =F26*G26 -> 4135193.5 | J26: =H26 -> 4135193.5 | L26: =$J$7*J26 -> 2886833.2 | M26: =M25*120 -> 305.28 | N26: =11000+5000 -> 16000 | O26: =M26*N26 -> 4884480
B27: - Bekisting | D27: 0 | E27: M2 | F27: 8.12 | G27: 82500 | H27: =F27*G27 -> 669900 | J27: =H27 -> 669900 | K27: =F27/F25 -> 3.5913313 | L27: =$J$7*J27 -> 467666.04 | M27: =M25*K27 -> 9.1363467 | N27: 105000 | O27: =M27*N27 -> 959316.41 | S27: =1.2*2.44 -> 2.928 | T27: 90000 | U27: =T27/S27 -> 30737.705 | V27: =4*13000 -> 52000 | W27: 7000 | X27: 25000
A28: 5 | B28: Pondasi Batu kali | D28: 0 | E28: M3 | F28: 21.615 | G28: 706620 | H28: =F28*G28 -> 15273591 | J28: =H28 -> 15273591 | L28: =$J$7*J28 -> 10662696 | M28: =Volume!$R$39 -> 12.666 | N28: 850000 | O28: =M28*N28 -> 10766100
A29: 6 | B29: Pedestal | D29: 0 | J29: =H29 -> 0 | L29: =$J$7*J29 -> 0 | O29: =M29*N29 -> 0
B30: - Beton | D30: K-250 Readymix | E30: M3 | F30: 0.37065 | G30: 918200 | H30: =F30*G30 -> 340330.83 | J30: =H30 -> 340330.83 | L30: =$J$7*J30 -> 237589.45 | M30: =$K$7*F30 -> 0.15237833 | N30: =$N$25 -> 930000 | O30: =M30*N30 -> 141711.85
B31: - Besi Tulangan Ø8 | D31: BJTP 24 | E31: Kg | F31: 148.06998 | G31: 16120 | H31: =F31*G31 -> 2386888.1 | J31: =H31 -> 2386888.1 | L31: =$J$7*J31 -> 1666318.1 | M31: =M30*120 -> 18.2854 | N31: =N26 -> 16000 | O31: =M31*N31 -> 292566.4
B32: - Bekisting | D32: 0 | E32: M2 | F32: 7.448 | G32: 117700 | H32: =F32*G32 -> 876629.6 | J32: =H32 -> 876629.6 | L32: =$J$7*J32 -> 611986.7 | M32: =$K$7*F32 -> 3.0619556 | N32: =N27 -> 105000 | O32: =M32*N32 -> 321505.33
A33: 7 | B33: Tie Beam | D33: 0 | J33: =H33 -> 0 | L33: =$J$7*J33 -> 0 | O33: =M33*N33 -> 0
B34: - Beton | D34: K-250 Readymix | E34: M3 | F34: 1.89375 | G34: 918200 | H34: =F34*G34 -> 1738841.2 | J34: =H34 -> 1738841.2 | L34: =$J$7*J34 -> 1213908 | M34: =Volume!L46 -> 2.13 | N34: =N30 -> 930000 | O34: =M34*N34 -> 1980900
B35: - Besi Tulangan Utama D13 | D35: BJTD 40 | E35: Kg | F35: 307.77283 | G35: 16120 | H35: =F35*G35 -> 4961298 | J35: =H35 -> 4961298 | L35: =$J$7*J35 -> 3463547.7 | M35: =M34*120 -> 255.6 | N35: =N36 -> 16000 | O35: =M35*N35 -> 4089600
B36: - Besi Sengkang Ø8 | D36: BJTP 24 | E36: Kg | F36: 60.801696 | G36: 16120 | H36: =F36*G36 -> 980123.34 | J36: =H36 -> 980123.34 | L36: =$J$7*J36 -> 684237.05 | M36: =$K$7*F36 -> 24.996253 | N36: =N26 -> 16000 | O36: =M36*N36 -> 399940.04
B37: - Bekisting | D37: 0 | E37: M2 | F37: 25.25 | G37: 117700 | H37: =F37*G37 -> 2971925 | J37: =H37 -> 2971925 | L37: =$J$7*J37 -> 2074740.1 | M37: =$K$7*F37 -> 10.380556 | N37: =N27 -> 105000 | O37: =M37*N37 -> 1089958.3
A38: 8 | B38: Pondasi Rollag batas kavling dan carport dan Teras | D38: Bata Press 1 PC : 3 PS | E38: M1 | F38: 14.96 | G38: 50296.511 | H38: =F38*G38 -> 752435.81 | J38: =H38 -> 752435.81 | L38: =$J$7*J38 -> 525285.38 | M38: =$K$7*F38 -> 6.1502222 | N38: 50296.511 | O38: =M38*N38 -> 309334.72 | T38: =300000 -> 300000
A39: 9 | B39: Pondasi Dinding penahan tanah ( Disesuaikan lapangan ) | D39: Pondasi batu kali ===> Akan menjadi kerja tambah | E39: M3 | F39: 0 | H39: =F39*G39 -> 0 | J39: =H39 -> 0 | L39: =$J$7*J39 -> 0 | O39: =M39*N39 -> 0 | T39: =3.5*1*2.5 -> 8.75
A40: 10 | B40: Urugan Tanah Kembali & Buang Tanah keluar Lokasi | D40: 0 | E40: M3 | F40: 58.3589 | G40: 35000 | H40: =F40*G40 -> 2042561.5 | J40: =H40 -> 2042561.5 | L40: =$J$7*J40 -> 1425939.2 | M40: =Volume!S39 -> 39.614 | N40: 35000 | O40: =M40*N40 -> 1386490 | T40: =T38/T39 -> 34285.714
D41: Sub Total II. | H41: =SUM(H21:H40) -> 43300626 | I41: =SUM(I21:I40) -> 0 | J41: =SUM(J21:J40) -> 43300626 | K41: =H41/$H$223 -> 481118.07 | L41: =SUM(L21:L40) -> 30228739 | O41: =SUM(O21:O40) -> 31923075 | Q41: =O41/$O$223 -> 602322.17 | R41: =1-(K41/Q41)*100% -> 0.20122803
A42: III. | B42: PEKERJAAN STRUKTUR : | L42: =$J$7*J42 -> 0 | O42: =M42*N42 -> 0
A43: 1 | B43: Kolom Struktur Lt. Dasar + Kolom Pedestal | L43: =$J$7*J43 -> 0 | O43: =M43*N43 -> 0
B44: - Beton | D44: K-250 Readymix | E44: M3 | F44: 1.769885 | G44: 918200 | H44: =F44*G44 -> 1625108.4 | J44: =H44 -> 1625108.4 | L44: =$J$7*J44 -> 1134509.6 | M44: =$K$7*F44 -> 0.72761939 | N44: =N34 -> 930000 | O44: =M44*N44 -> 676686.03
B45: - Besi Tulangan Utama D13 | D45: BJTD 40 | E45: Kg | F45: 326.44341 | G45: 16120 | H45: =F45*G45 -> 5262267.7 | J45: =H45 -> 5262267.7 | L45: =$J$7*J45 -> 3673658.6 | M45: =$K$7*F45 -> 134.20451 | N45: =N47 -> 16000 | O45: =M45*N45 -> 2147272.2
B46: - Besi Tulangan Utama D10 | D46: BJTD 40 | E46: Kg | F46: 0 | H46: =F46*G46 -> 0 | J46: =H46 -> 0 | L46: =$J$7*J46 -> 0 | M46: =$K$7*F46 -> 0 | O46: =M46*N46 -> 0
B47: - Besi Sengkang Ø8 | D47: BJTP 24 | E47: Kg | F47: 130.29949 | G47: 16120 | H47: =F47*G47 -> 2100427.8 | J47: =H47 -> 2100427.8 | L47: =$J$7*J47 -> 1466336.4 | M47: =$K$7*F47 -> 53.56757 | N47: =N36 -> 16000 | O47: =M47*N47 -> 857081.12
B48: - Bekisting | E48: M2 | F48: 37.8968 | G48: 117700 | H48: =F48*G48 -> 4460453.4 | J48: =H48 -> 4460453.4 | L48: =$J$7*J48 -> 3113901.4 | M48: =$K$7*F48 -> 15.579796 | N48: =N37 -> 105000 | O48: =M48*N48 -> 1635878.5
A49: 2 | B49: Kolom Struktur Lt. Atas | J49: =H49 -> 0 | L49: =$J$7*J49 -> 0 | M49: =$K$7*F49 -> 0 | O49: =M49*N49 -> 0
B50: - Beton | D50: K-250 Readymix | E50: M3 | F50: 1.28921 | G50: 918200 | H50: =F50*G50 -> 1183752.6 | J50: =H50 -> 1183752.6 | L50: =$J$7*J50 -> 826393.34 | M50: =$K$7*F50 -> 0.53000856 | N50: =N44 -> 930000 | O50: =M50*N50 -> 492907.96
B51: - Besi Tulangan Utama D13 | D51: BJTD 40 | E51: Kg | F51: 306.89765 | G51: 16120 | H51: =F51*G51 -> 4947190 | J51: =H51 -> 4947190 | L51: =$J$7*J51 -> 3453698.7 | M51: =$K$7*F51 -> 126.16903 | N51: =N47 -> 16000 | O51: =M51*N51 -> 2018704.5
B52: - Besi Sengkang D10 | D52: BJTD 40 | E52: Kg | F52: 0 | H52: =F52*G52 -> 0 | J52: =H52 -> 0 | L52: =$J$7*J52 -> 0 | M52: =$K$7*F52 -> 0 | O52: =M52*N52 -> 0
B53: - Besi Sengkang Ø8 | D53: BJTP 24 | E53: Kg | F53: 84.017606 | G53: 16120 | H53: =F53*G53 -> 1354363.8 | J53: =H53 -> 1354363.8 | L53: =$J$7*J53 -> 945499.27 | M53: =$K$7*F53 -> 34.540572 | N53: =N51 -> 16000 | O53: =M53*N53 -> 552649.14
B54: - Bekisting | E54: M2 | F54: 30.806 | G54: 117700 | H54: =F54*G54 -> 3625866.2 | J54: =H54 -> 3625866.2 | L54: =$J$7*J54 -> 2531265.1 | M54: =$K$7*F54 -> 12.664689 | N54: =$N$48 -> 105000 | O54: =M54*N54 -> 1329792.3
A55: 3 | B55: Kolom Praktis | H55: =F55*G55 -> 0 | J55: =H55 -> 0 | L55: =$J$7*J55 -> 0 | M55: =$K$7*F55 -> 0 | O55: =M55*N55 -> 0
B56: - Beton | D56: K-175 Readymix | E56: M3 | F56: 0.8004 | G56: 883200 | H56: =F56*G56 -> 706913.28 | J56: =H56 -> 706913.28 | L56: =$J$7*J56 -> 493505.5 | M56: =$K$7*F56 -> 0.32905333 | N56: =N50 -> 930000 | O56: =M56*N56 -> 306019.6
B57: - Besi Tulangan Utama D13 | D57: BJTD 40 | E57: Kg | F57: 0 | H57: =F57*G57 -> 0 | J57: =H57 -> 0 | L57: =$J$7*J57 -> 0 | M57: =$K$7*F57 -> 0 | O57: =M57*N57 -> 0
B58: - Besi Sengkang D10 | D58: BJTD 40 | E58: Kg | F58: 36.99 | G58: 16120 | H58: =F58*G58 -> 596278.8 | J58: =H58 -> 596278.8 | L58: =$J$7*J58 -> 416270.11 | M58: =$K$7*F58 -> 15.207 | N58: =N53 -> 16000 | O58: =M58*N58 -> 243312
B59: - Besi Sengkang Ø8 | D59: BJTP 24 | E59: Kg | F59: 214.19873 | G59: 16120 | H59: =F59*G59 -> 3452883.6 | J59: =H59 -> 3452883.6 | L59: =$J$7*J59 -> 2410503.6 | M59: =$K$7*F59 -> 88.059479 | N59: =N53 -> 16000 | O59: =M59*N59 -> 1408951.7
B60: - Bekisting | E60: M2 | F60: 32.016 | G60: 117700 | H60: =F60*G60 -> 3768283.2 | J60: =H60 -> 3768283.2 | L60: =$J$7*J60 -> 2630688.3 | M60: =$K$7*F60 -> 13.162133 | N60: =N54 -> 105000 | O60: =M60*N60 -> 1382024
A61: 4 | B61: Balok Lantai Atas, Balok Canopy, Balok Tangga , Ring Balk | H61: =F61*G61 -> 0 | J61: =H61 -> 0 | L61: =$J$7*J61 -> 0 | M61: =$K$7*F61 -> 0 | O61: =M61*N61 -> 0
B62: - Beton | D62: K-250 Readymix | E62: M3 | F62: 5.747305 | G62: 918200 | H62: =F62*G62 -> 5277175.5 | J62: =H62 -> 5277175.5 | L62: =$J$7*J62 -> 3684065.9 | M62: =$K$7*F62 -> 2.3627809 | N62: =N50 -> 930000 | O62: =M62*N62 -> 2197386.3
B63: - Besi Tulangan Utama D13 | D63: BJTD 40 | E63: Kg | F63: 584.86214 | G63: 16120 | H63: =F63*G63 -> 9427977.8 | J63: =H63 -> 9427977.8 | L63: =$J$7*J63 -> 6581795.8 | M63: =$K$7*F63 -> 240.44333 | N63: =N58 -> 16000 | O63: =M63*N63 -> 3847093.2
B64: - Besi Sengkang Ø8 | D64: BJTP 24 | E64: Kg | F64: 566.41554 | G64: 16120 | H64: =F64*G64 -> 9130618.5 | J64: =H64 -> 9130618.5 | L64: =$J$7*J64 -> 6374205.4 | M64: =$K$7*F64 -> 232.85972 | N64: =N59 -> 16000 | O64: =M64*N64 -> 3725755.6
B65: - Bekisting | E65: M2 | F65: 116.1076 | G65: 117700 | H65: =F65*G65 -> 13665865 | J65: =H65 -> 13665865 | L65: =$J$7*J65 -> 9540320.5 | M65: =$K$7*F65 -> 47.733124 | N65: =N60 -> 105000 | O65: =M65*N65 -> 5011978.1
A66: 5 | B66: Slab On Ground (S1) Lantai Dasar t = 8 cm (Incl. Carport) | H66: =F66*G66 -> 0 | J66: =H66 -> 0 | L66: =$J$7*J66 -> 0 | M66: =$K$7*F66 -> 0 | O66: =M66*N66 -> 0
B67: - Beton | D67: K-175 Site Mix | E67: M3 | F67: 6.48 | G67: 883200 | H67: =F67*G67 -> 5723136 | J67: =H67 -> 5723136 | L67: =$J$7*J67 -> 3995396.8 | M67: =Volume!$L$86 -> 4.0193922 | N67: 690000 | O67: =M67*N67 -> 2773380.6
B68: - Besi Sengkang Ø8 | D68: Wermesh M8 | E68: Kg | F68: 419.81184 | G68: 16120 | H68: =F68*G68 -> 6767366.9 | J68: =H68 -> 6767366.9 | L68: =$J$7*J68 -> 4724388.2 | M68: =M67*30 -> 120.58176 | N68: =N64 -> 16000 | O68: =M68*N68 -> 1929308.2
A69: 6 | B69: Plat Beton (S2) Lantai Atas t = 12 cm | H69: =F69*G69 -> 0 | J69: =H69 -> 0 | L69: =$J$7*J69 -> 0 | M69: =$K$7*F69 -> 0 | O69: =M69*N69 -> 0
B70: - Beton | D70: K-250 Readymix | E70: M3 | F70: 5.945 | G70: 918200 | H70: =F70*G70 -> 5458699 | J70: =H70 -> 5458699 | L70: =$J$7*J70 -> 3810789.9 | M70: =(25+3.05 +1.22+1.04+5.17)*0.12 -> 4.2576 | N70: =N62 -> 930000 | O70: =M70*N70 -> 3959568
B71: - Besi Tulangan Utama Ø8 | D71: U50 | E71: Kg | F71: 761.75726 | G71: 16120 | H71: =F71*G71 -> 12279527 | J71: =H71 -> 12279527 | L71: =$J$7*J71 -> 8572500 | M71: =M70*120 -> 510.912 | N71: =N68 -> 16000 | O71: =M71*N71 -> 8174592
B72: - Bekisting | E72: M2 | F72: 51.68 | G72: 117700 | H72: =F72*G72 -> 6082736 | J72: =H72 -> 6082736 | L72: =$J$7*J72 -> 4246438.3 | M72: =(25+3.05 +1.22+1.04+5.17) -> 35.48 | N72: =N65 -> 105000 | O72: =M72*N72 -> 3725400
A73: 7 | B73: Tangga | D73: Beton K-250 Readymix, Besi BJTD 40 ( sesuai gambar ) | H73: =F73*G73 -> 0 | J73: =H73 -> 0 | L73: =$J$7*J73 -> 0 | M73: =$K$7*F73 -> 0 | O73: =M73*N73 -> 0
B74: - Beton | D74: K-250 Readymix | E74: M3 | F74: 1.8885 | G74: 918200 | H74: =F74*G74 -> 1734020.7 | J74: =H74 -> 1734020.7 | L74: =$J$7*J74 -> 1210542.8 | M74: =(1.4*0.92)+(0.4*0.92)+(0.29*0.92) -> 1.9228 | N74: =N70 -> 930000 | O74: =M74*N74 -> 1788204
B75: - Besi Ø8 dan D10 | D75: BJTP 24 | E75: Kg | F75: 154.77849 | G75: 16120 | H75: =F75*G75 -> 2495029.3 | J75: =H75 -> 2495029.3 | L75: =$J$7*J75 -> 1741812.9 | M75: =M74*120 -> 230.736 | N75: =N71 -> 16000 | O75: =M75*N75 -> 3691776
B76: - Bekisting | E76: M2 | F76: 11.82 | G76: 117700 | H76: =F76*G76 -> 1391214 | J76: =H76 -> 1391214 | L76: =$J$7*J76 -> 971224.87 | M76: =$K$7*F76 -> 4.8593333 | N76: =N72 -> 105000 | O76: =M76*N76 -> 510230
A77: 8 | B77: Meja Beton Dapur | H77: =F77*G77 -> 0 | J77: =H77 -> 0 | L77: =$J$7*J77 -> 0 | M77: =$K$7*F77 -> 0 | O77: =M77*N77 -> 0
B78: - Beton | D78: K-175 Site Mix | E78: M3 | F78: 0.288 | G78: 883200 | H78: =F78*G78 -> 254361.6 | J78: =H78 -> 254361.6 | L78: =$J$7*J78 -> 177573.19 | M78: =0.9*0.08 -> 0.072 | N78: 4500000 | O78: =M78*N78 -> 324000
D79: Sub Total III. | H79: =SUM(H44:H78) -> 1.1277152e+08 | I79: =SUM(I44:I78) -> 0 | J79: =SUM(J44:J78) -> 1.1277152e+08 | K79: =H79/$H$223 -> 1253016.8 | L79: =SUM(L44:L78) -> 78727285 | O79: =SUM(O44:O78) -> 54709951 | Q79: =O79/$O$223 -> 1032263.2 | R79: =1-(K79/Q79)*100% -> -0.21385399
A80: IV. | B80: PEKERJAAN DINDING : | L80: =$J$7*J80 -> 0 | O80: =M80*N80 -> 0
A81: 1 | B81: Pas. Bata Ringan | D81: Menggunakan Thinbed | E81: M2 | F81: 300.46 | G81: 101930 | H81: =F81*G81 -> 30625888 | J81: =H81 -> 30625888 | L81: =$J$7*J81 -> 21380337 | M81: =10.59+1.14+4.58+0.9+4.08+4.57+1.14+3.75+5 +9.67+6.01+1.11+7.49+4.76+9.43 +3.02+7.05+3.63+8.55+3.28+1.98+6.25+1+59.91+55.81+14.82+3.28+2.66 -> 245.46 | N81: 105000 | O81: =M81*N81 -> 25773300
A82: 2 | B82: Pas. Bata Krawangan/Roster | D82: Menggunakan Thinbed | E82: M2 | F82: 9 | G82: 240360 | H82: =F82*G82 -> 2163240 | J82: =H82 -> 2163240 | K82: =1/(0.2*0.2) -> 25 | L82: =$J$7*J82 -> 1510186.4 | M82: =0.9*2.4 -> 2.16 | N82: =((25*10000)+25000) -> 275000 | O82: =M82*N82 -> 594000
D83: Sub Total IV. | H83: =SUM(H81:H82) -> 32789128 | I83: =SUM(I81:I82) -> 0 | J83: =SUM(J81:J82) -> 32789128 | K83: =H83/$H$223 -> 364323.64 | L83: =SUM(L81:L82) -> 22890523 | O83: =SUM(O81:O82) -> 26367300 | Q83: =O83/$O$223 -> 497496.23 | R83: =1-(K83/Q83)*100% -> 0.26768562
A84: V. | B84: PEKERJAAN PELAPIS DINDING : | L84: =$J$7*J84 -> 0 | O84: =M84*N84 -> 0
A85: 1 | B85: Plester & Acian Dinding | D85: 1 PC : 4 Psr & 1 PC : 2 Psr (Acian dgn Mortindo, Dry mix, Powerbond, Mortar Indonesia) | E85: M2 | F85: 427.85125 | G85: 67000 | H85: =F85*G85 -> 28666034 | J85: =H85 -> 28666034 | L85: =$J$7*J85 -> 20012137 | M85: =$K$7*F85 -> 175.8944 | N85: 95000 | O85: =M85*N85 -> 16709968
A86: 2 | B86: Pasangan Keramik Lantai | J86: =H86 -> 0 | L86: =$J$7*J86 -> 0 | O86: =M86*N86 -> 0
A87: a | B87: Lantai Dasar | J87: =H87 -> 0 | L87: =$J$7*J87 -> 0 | O87: =M87*N87 -> 0
C88: KM/WC Lt. Bawah | D88: Bulgari Dark Grey (polished) 60x60 Ex Valentino | E88: M2 | F88: 27.52 | G88: 213700 | H88: =F88*G88 -> 5881024 | J88: =H88 -> 5881024 | L88: =$J$7*J88 -> 4105620.5 | M88: 14.25 | N88: =(1.1*105000)+(45000)+(45000) -> 205500 | O88: =M88*N88 -> 2928375
C89: Dinding Dapur | D89: Bulgari Dark Grey (polished) 60x60 Ex Valentino | E89: M2 | F89: 6 | G89: 213700 | H89: =F89*G89 -> 1282200 | J89: =H89 -> 1282200 | L89: =$J$7*J89 -> 895120.75 | M89: 6 | N89: =N88 -> 205500 | O89: =M89*N89 -> 1233000
C90: Meja Dapur | D90: Portofino Light Grey (polished) 60x60 Ex Valentino | E90: M2 | F90: 4 | G90: 214800 | H90: =F90*G90 -> 859200 | J90: =H90 -> 859200 | L90: =$J$7*J90 -> 599818.87 | M90: 4 | N90: =N89 -> 205500 | O90: =M90*N90 -> 822000
A91: b | B91: Lantai Atas | H91: =F91*G91 -> 0 | J91: =H91 -> 0 | L91: =$J$7*J91 -> 0 | M91: =$K$7*F91 -> 0 | O91: =M91*N91 -> 0
C92: KM/WC Lt. Atas Utama | D92: Bulgari Dark Grey (polished) 60x60 Ex Valentino | E92: M2 | F92: 27.52 | G92: 213700 | H92: =F92*G92 -> 5881024 | J92: =H92 -> 5881024 | L92: =$J$7*J92 -> 4105620.5 | M92: 14.25 | N92: =N90 -> 205500 | O92: =M92*N92 -> 2928375
D93: Sub Total V. | H93: =SUM(H85:H92) -> 42569482 | I93: =SUM(I85:I92) -> 0 | J93: =SUM(J85:J92) -> 42569482 | K93: =H93/$H$223 -> 472994.24 | L93: =SUM(L85:L92) -> 29718317 | O93: =SUM(O85:O92) -> 24621718 | Q93: =O93/$O$223 -> 464560.72 | R93: =1-(K93/Q93)*100% -> -0.018153751
A94: VI. | B94: PEKERJAAN ATAP : | L94: =$J$7*J94 -> 0 | O94: =M94*N94 -> 0
A95: 1 | B95: Rangka Atap Baja Ringan ( Incl. Aluminium Foil, Flashing) | D95: Zincalume AZ 100-150 75-0,75 | E95: M2 | F95: 27.665 | G95: 235000 | H95: =F95*G95 -> 6501275 | J95: =H95 -> 6501275 | L95: =$J$7*J95 -> 4538625.9 | M95: 49.55 | N95: =113000+45000+45000 -> 203000 | O95: =M95*N95 -> 10058650 | S95: =16.85+3.22+13.4+16.1 -> 49.57 | T95: 113000 | U95: 50000
A96: 2 | B96: Penutup Atap Genteng Beton Flat | D96: Victoria Onyx ex Cisangkan | E96: M2 | F96: 27.665 | G96: 91850 | H96: =F96*G96 -> 2541030.2 | J96: =H96 -> 2541030.2 | L96: =$J$7*J96 -> 1773926.8 | M96: =M95 -> 49.55 | N96: =(1.1*65000)+35000 -> 106500 | O96: =M96*N96 -> 5277075
A97: 3 | B97: Nok Genteng Beton | D97: Ex. Cisangkan | E97: M1 | F97: 8.7 | G97: 163713.78 | H97: =F97*G97 -> 1424309.9 | J97: =H97 -> 1424309.9 | L97: =$J$7*J97 -> 994329.54 | M97: 12.9 | N97: 163000 | O97: =M97*N97 -> 2102700
A98: 4 | B98: Penutup Atap Beton | D98: Beton site mix 1:2:3 | E98: M2 | F98: 15.015 | G98: 250000 | H98: =F98*G98 -> 3753750 | J98: =H98 -> 3753750 | K98: =M98*0.1 -> 0 | L98: =$J$7*J98 -> 2620542.5 | M98: 0 | N98: =N78*0.12 -> 540000 | O98: =M98*N98 -> 0
A99: 5 | B99: Listplank GRC | E99: M1 | F99: 25 | G99: 55000 | H99: =F99*G99 -> 1375000 | J99: =H99 -> 1375000 | L99: =$J$7*J99 -> 959905.66 | M99: =L99/G99 -> 17.45283 | N99: =85000/4 -> 21250 | O99: =M99*N99 -> 370872.64
A100: 6 | B100: Ban-Banan 100 x 50 mm | D100: Area Atap Lt 2 & Area Dak Beton (Sesuai Gambar A.2.1) | E100: M1 | F100: 12 | G100: 57299.823 | H100: =F100*G100 -> 687597.88 | J100: =H100 -> 687597.88 | L100: =$J$7*J100 -> 480021.16 | M100: =M95 -> 49.55 | N100: 65000 | O100: =M100*N100 -> 3220750
A101: 7 | B101: Alumunium Foil | D101: Single (Karung) | E101: M2 | F101: 0 | H101: =F101*G101 -> 0 | J101: =H101 -> 0 | L101: =$J$7*J101 -> 0 | O101: =M101*N101 -> 0
...

Sheet Sheet4
J9: 22000000 | K9: 52 | L9: =J9/K9 -> 423076.92
N11: 2.2 | O11: m2 | P11: =N11*120 -> 264 | Q11: 11000 | R11: =P11*Q11 -> 2904000

Sheet Sheet3
K6: Harga Mang aceng | L6: 4100000 | M6: 52 | N6: =L6*M6 -> 213200000
N7: =N6+M13 -> 229880000 | O7: =N7/M6 -> 4420769.2
N8: 75000000
N9: =SUM(N7:N8) -> 304880000 | O9: =N9/M6 -> 5863076.9
K10: Plafond | L10: 90000 | M10: M2
K11: Listrik & Armatur | L11: 12000000 | M11: 52 | N11: =L11/M11 -> 230769.23 | O11: m2
M13: =N13*M11 -> 16680000 | N13: =L10+N11 -> 320769.23
K17: SBO
K18: Kusen, Jendela, Pintu, Ralling, Saniter (Toilet, Wastafel, Shower, Kran)
K22: Kusen, Jendela | L22: 20000000
K23: Pintu | L23: 20000000
K24: Saniter | L24: 21000000
K25: Ralling | L25: 5000000

Sheet HITUNGAN VOLUME
C1: FORM | G1: No. Dokumen
G2: Tgl Berlaku
C3: HITUNGAN VOLUME | G3: No Revisi
G4: Halaman
A6: PEKERJAAN | C6: : PEMBANGUNAN RUMAH TINGGAL TYPE 90
A7: LOKASI | C7: : CLUSTER VARANA JGE BOGOR - JAWA BARAT
A8: KONTRAKTOR | C8: : PT. PUTRA SUNDA MANDIRISEJAHTERA
A10: NO | B10: URAIAN | D10: UKURAN | N10: VOLUME | P10: SAT | Q10: KET
D11: P | E11: L | F11: T | G11: N1 | H11: N2 | I11: N3 | J11: N4 | K11: N5 | L11: N6 | M11: N7
A13: I. | B13: PEKERJAAN TANAH & PONDASI
A14: 1 | B14: Galian Tanah
A15: a. | B15: Galian Tanah Pilecape
C16: F1 | D16: 1.4 | E16: 1.4 | F16: =0.1+1+0.35 -> 1.45 | G16: 1 | N16: = | O16: =D16*E16*F16*G16 -> 2.842 | P16: M3
C17: F3 | D17: 1.3 | E17: 1.3 | F17: =F16 -> 1.45 | G17: 1 | N17: = | O17: =D17*E17*F17*G17 -> 2.4505
C18: F5 | D18: 0.9 | E18: 0.9 | F18: =F16 -> 1.45 | G18: 1 | N18: = | O18: =D18*E18*F18*G18 -> 1.1745
C19: F7 | D19: 1.3 | E19: 1.3 | F19: =F17 -> 1.45 | G19: 1 | N19: = | O19: =D19*E19*F19*G19 -> 2.4505
C20: F2A | D20: 1.35 | E20: 1.35 | F20: =F18 -> 1.45 | G20: 1 | N20: = | O20: =D20*E20*F20*G20 -> 2.642625
C21: F4A | D21: 1.1 | E21: 1.1 | F21: =F19 -> 1.45 | G21: 1 | N21: = | O21: =D21*E21*F21*G21 -> 1.7545
C22: F5A | D22: 0.9 | E22: 0.9 | F22: =F20 -> 1.45 | G22: 4 | N22: = | O22: =D22*E22*F22*G22 -> 4.698
C23: F6A | D23: 0.8 | E23: 0.8 | F23: =F21 -> 1.45 | G23: 1 | N23: = | O23: =D23*E23*F23*G23 -> 0.928
O24: =SUM(O16:O23) -> 18.940625 | P24: M3
A25: b. | B25: Galian Tanah Pondasi
B26: - Pondasi P1
C27: 2 | D27: =2.85-0.9-0.65 -> 1.3 | E27: 0.8 | F27: =0.1+0.7+0.35 -> 1.15 | N27: = | O27: =D27*E27*F27 -> 1.196 | P27: M3
C28: 3 | D28: =4.15-0.65-0.8 -> 2.7 | E28: =E27 -> 0.8 | F28: =F27 -> 1.15 | N28: = | O28: =D28*E28*F28 -> 2.484
C29: 6 | D29: =3-0.65-0.7 -> 1.65 | E29: =E28 -> 0.8 | F29: =F28 -> 1.15 | N29: = | O29: =D29*E29*F29 -> 1.518
C30: 8 | D30: =2.85-0.55-0.7 -> 1.6 | E30: =E29 -> 0.8 | F30: =F29 -> 1.15 | N30: = | O30: =D30*E30*F30 -> 1.472
C31: 9 | D31: =4.15-0.7-0.675 -> 2.775 | E31: =E30 -> 0.8 | F31: =F30 -> 1.15 | N31: = | O31: =D31*E31*F31 -> 2.553
C32: 11 | D32: =1.45-0.7 -> 0.75 | E32: =E31 -> 0.8 | F32: =F31 -> 1.15 | N32: = | O32: =D32*E32*F32 -> 0.69
C33: 13 | D33: =2.85 -> 2.85 | E33: =E32 -> 0.8 | F33: =F32 -> 1.15 | N33: = | O33: =D33*E33*F33 -> 2.622
C34: 15 | D34: =2.25-0.45 -> 1.8 | E34: =E33 -> 0.8 | F34: =F33 -> 1.15 | N34: = | O34: =D34*E34*F34 -> 1.656
C35: 16 | D35: =1.65-0.65 -> 1 | E35: =E34 -> 0.8 | F35: =F34 -> 1.15 | N35: = | O35: =D35*E35*F35 -> 0.92
C36: 17 | D36: 1.2 | E36: =E35 -> 0.8 | F36: =F35 -> 1.15 | N36: = | O36: =D36*E36*F36 -> 1.104
C37: 18 | D37: =2.5 -> 2.5 | E37: =E36 -> 0.8 | F37: =F36 -> 1.15 | N37: = | O37: =D37*E37*F37 -> 2.3
O38: =SUM(O27:O37) -> 18.515 | P38: M3
B39: - Pondasi P2
C40: 1 | D40: =1-0.65 -> 0.35 | E40: 0.8 | F40: =0.1+0.7+0.35 -> 1.15 | N40: = | O40: =D40*E40*F40 -> 0.322 | P40: M3
C41: 4 | D41: =2-0.45 -> 1.55 | E41: =E40 -> 0.8 | F41: =F40 -> 1.15 | N41: = | O41: =D41*E41*F41 -> 1.426
C42: 5 | D42: =3-0.45-0.675 -> 1.875 | E42: =E41 -> 0.8 | F42: =F41 -> 1.15 | N42: = | O42: =D42*E42*F42 -> 1.725
C43: 7 | D43: =3-0.45-0.4 -> 2.15 | E43: =E42 -> 0.8 | F43: =F42 -> 1.15 | N43: = | O43: =D43*E43*F43 -> 1.978
C44: 10 | D44: =2.5-0.675-0.45 -> 1.375 | E44: =E43 -> 0.8 | F44: =F43 -> 1.15 | N44: = | O44: =D44*E44*F44 -> 1.265
C45: 12 | D45: =1.45-0.55 -> 0.9 | E45: =E44 -> 0.8 | F45: =F44 -> 1.15 | N45: = | O45: =D45*E45*F45 -> 0.828
C46: 14 | D46: =2.25-0.45 -> 1.8 | E46: =E45 -> 0.8 | F46: =F45 -> 1.15 | N46: = | O46: =D46*E46*F46 -> 1.656
C47: 19 | D47: =1.2-0.45 -> 0.75 | E47: =E46 -> 0.8 | F47: =F46 -> 1.15 | N47: = | O47: =D47*E47*F47 -> 0.69
O48: =SUM(O40:O47) -> 9.89 | P48: M3
B49: - Pondasi P3
C50: 20 | D50: 2.3 | E50: 0.6 | F50: 0.6 | N50: = | O50: =D50*E50*F50 -> 0.828 | P50: M3
C51: 21 | D51: 3.5 | E51: =E50 -> 0.6 | F51: =F50 -> 0.6 | N51: = | O51: =D51*E51*F51 -> 1.26
C52: 22 | D52: 3.5 | E52: =E51 -> 0.6 | F52: =F51 -> 0.6 | N52: = | O52: =D52*E52*F52 -> 1.26
C53: 23 | D53: 2.3 | E53: =E52 -> 0.6 | F53: =F52 -> 0.6 | N53: = | O53: =D53*E53*F53 -> 0.828
O54: =SUM(O50:O53) -> 4.176 | P54: M3
D55: JUMLAH TOTAL GALIAN TANAH | O55: =SUM(O16:O54)/2 -> 51.521625 | P55: M3
A57: 1 | B57: Pasangan Pondasi batu belah
B58: - Pondasi Bangunan Utama
C59: 1 | D59: =2.85+1.45 -> 4.3 | E59: =(0.75+0.35)/2 -> 0.55 | F59: 0.7 | N59: = | O59: =D59*E59*F59 -> 1.6555 | P59: M3
C60: =C59+1 -> 2 | D60: =1.45+1.55 -> 3 | E60: =E59 -> 0.55 | F60: =F59 -> 0.7 | N60: = | O60: =D60*E60*F60 -> 1.155
C61: =C60+1 -> 3 | D61: =2.2+2.5 -> 4.7 | E61: =E60 -> 0.55 | F61: =F60 -> 0.7 | N61: = | O61: =D61*E61*F61 -> 1.8095
C62: =C61+1 -> 4 | D62: 2.5 | E62: =E61 -> 0.55 | F62: =F61 -> 0.7 | N62: = | O62: =D62*E62*F62 -> 0.9625
C63: =C62+1 -> 5 | D63: 0.7 | E63: =E62 -> 0.55 | F63: =F62 -> 0.7 | N63: = | O63: =D63*E63*F63 -> 0.2695
C64: =C63+1 -> 6 | D64: 2.2 | E64: =E63 -> 0.55 | F64: =F63 -> 0.7 | N64: = | O64: =D64*E64*F64 -> 0.847
C65: =C64+1 -> 7 | D65: =2.05+0.7 -> 2.75 | E65: =E64 -> 0.55 | F65: =F64 -> 0.7 | N65: = | O65: =D65*E65*F65 -> 1.05875
C66: =C65+1 -> 8 | D66: =1.45+2.85 -> 4.3 | E66: =E65 -> 0.55 | F66: =F65 -> 0.7 | N66: = | O66: =D66*E66*F66 -> 1.6555
C67: =C66+1 -> 9 | D67: 2.85 | E67: =E66 -> 0.55 | F67: =F66 -> 0.7 | N67: = | O67: =D67*E67*F67 -> 1.09725
C68: =C67+1 -> 10 | D68: 1.45 | E68: =E67 -> 0.55 | F68: =F67 -> 0.7 | N68: = | O68: =D68*E68*F68 -> 0.55825
C69: =C68+1 -> 11 | D69: =1.45+2.85 -> 4.3 | E69: =E68 -> 0.55 | F69: =F68 -> 0.7 | N69: = | O69: =D69*E69*F69 -> 1.6555
O70: =SUM(O59:O69) -> 12.72425 | P70: M3
B71: - Pondasi P2
C72: 4 | D72: =0.3+1.45+1.55 -> 3.3 | E72: =(0.75+0.35)/2 -> 0.55 | F72: 0.7 | N72: = | O72: =D72*E72*F72 -> 1.2705 | P72: M3
C73: 5 | D73: =1.45+2.25+0.7 -> 4.4 | E73: =E72 -> 0.55 | F73: =F72 -> 0.7 | N73: = | O73: =D73*E73*F73 -> 1.694
C74: 12 | D74: =1.45+2.85 -> 4.3 | E74: =E73 -> 0.55 | F74: =F73 -> 0.7 | N74: = | O74: =D74*E74*F74 -> 1.6555
C75: 13 | D75: =2.05+0.7 -> 2.75 | E75: =E74 -> 0.55 | F75: =F74 -> 0.7 | N75: = | O75: =D75*E75*F75 -> 1.05875
C76: 15 | D76: =2.25 -> 2.25 | E76: =E75 -> 0.55 | F76: =F75 -> 0.7 | N76: = | O76: =D76*E76*F76 -> 0.86625
C77: 18 | D77: =1.45 -> 1.45 | E77: =E76 -> 0.55 | F77: =F76 -> 0.7 | N77: = | O77: =D77*E77*F77 -> 0.55825
C78: 20 | D78: =1.55+1.45+1 -> 4 | E78: =E77 -> 0.55 | F78: =F77 -> 0.7 | N78: = | O78: =D78*E78*F78 -> 1.54
O79: =SUM(O72:O78) -> 8.64325 | P79: M3
B80: - Pondasi P3
C81: 6 | D81: =2.05 -> 2.05 | E81: =(0.5+0.25)/2 -> 0.375 | F81: 0.5 | N81: = | O81: =D81*E81*F81 -> 0.384375 | P81: M3
C82: 7 | D82: =2.5+2.2 -> 4.7 | E82: =E81 -> 0.375 | F82: =F81 -> 0.5 | N82: = | O82: =D82*E82*F82 -> 0.88125
O83: =SUM(O81:O82) -> 1.265625 | P83: M3
D84: JUMLAH TOTAL PONDASI BATU KALI | O84: =SUM(O59:O83)/2 -> 22.633125 | P84: M3
A86: =A57+1 -> 2 | B86: Urugan Pasir dibawah Pondasi batu belah
B87: - Pile cape
C88: F1 | D88: 1.4 | E88: 1.4 | F88: 0.05 | G88: 1 | N88: = | O88: =D88*E88*F88*G88 -> 0.098 | P88: M3
C89: F2 | D89: 1.35 | E89: 1.35 | F89: =F88 -> 0.05 | G89: 1 | N89: = | O89: =D89*E89*F89*G89 -> 0.091125
C90: F3 | D90: 1.3 | E90: 1.3 | F90: =F89 -> 0.05 | G90: 1 | O90: =D90*E90*F90*G90 -> 0.0845
C91: F3A | D91: 1.3 | E91: 1.3 | F91: =F90 -> 0.05 | G91: 2 | O91: =D91*E91*F91*G91 -> 0.169
C92: F4A | D92: 1.2 | E92: 1.2 | F92: =F91 -> 0.05 | G92: 3 | O92: =D92*E92*F92*G92 -> 0.216
C93: F5A | D93: 1 | E93: 1 | F93: =F92 -> 0.05 | G93: 1 | O93: =D93*E93*F93*G93 -> 0.05
C94: F6 | D94: 0.9 | E94: 0.9 | F94: =F93 -> 0.05 | G94: 1 | O94: =D94*E94*F94*G94 -> 0.0405
C95: F6A | D95: 0.9 | E95: 0.9 | F95: =F94 -> 0.05 | G95: 2 | O95: =D95*E95*F95*G95 -> 0.081
C96: F6B | D96: 0.9 | E96: 0.9 | F96: =F95 -> 0.05 | G96: 1 | O96: =D96*E96*F96*G96 -> 0.0405
D97: =SUM(D88:D89) -> 2.75 | O97: =SUM(O88:O96) -> 0.870625 | P97: M3
B98: - Pondasi P1
C99: 1 | D99: =2.85+1.45 -> 4.3 | E99: =0.75 -> 0.75 | F99: 0.05 | N99: = | O99: =D99*E99*F99 -> 0.16125 | P99: M3
C100: 2 | D100: =1.45+1.55 -> 3 | E100: =E99 -> 0.75 | F100: =F99 -> 0.05 | N100: = | O100: =D100*E100*F100 -> 0.1125
C101: 3 | D101: =2.2+2.5 -> 4.7 | E101: =E100 -> 0.75 | F101: =F100 -> 0.05 | N101: = | O101: =D101*E101*F101 -> 0.17625
C102: 8 | D102: 2.5 | E102: =E101 -> 0.75 | F102: =F101 -> 0.05 | N102: = | O102: =D102*E102*F102 -> 0.09375
C103: 9 | D103: 0.7 | E103: =E102 -> 0.75 | F103: =F102 -> 0.05 | N103: = | O103: =D103*E103*F103 -> 0.02625
C104: 10 | D104: 2.2 | E104: =E103 -> 0.75 | F104: =F103 -> 0.05 | N104: = | O104: =D104*E104*F104 -> 0.0825
C105: 11 | D105: =2.05+0.7 -> 2.75 | E105: =E104 -> 0.75 | F105: =F104 -> 0.05 | N105: = | O105: =D105*E105*F105 -> 0.103125
...

Sheet Harga Kusen & Pintu
B11: Harga Varana
I12: Harga Non Diskon | K12: Harga Diskon
B13: No | C13: Uraian | D13: Dimensi (M) | I13: Harga Satuan | J13: Harga Per M2 | K13: Harga Satuan | L13: Harga Per M2
B14: 1 | C14: Kusen Pintu Jendela | D14: 2.2 | E14: x | F14: 2.4 | G14: = | H14: =D14*F14 -> 5.28 | I14: 3686415 | J14: =I14/H14 -> 698184.66 | K14: 3133453 | L14: =K14/H14 -> 593457.01
B15: 2 | C15: Kusen jendela casement | D15: 1.65 | E15: x | F15: 2.4 | G15: = | H15: =D15*F15 -> 3.96 | I15: 3301230 | J15: =I15/H15 -> 833643.94 | K15: 2806046 | L15: =K15/H15 -> 708597.47
I18: Harga Non Diskon | K18: Harga Diskon
B19: No | C19: Uraian | D19: Dimensi (M) | I19: Harga Satuan | J19: Harga Per M2 | K19: Harga Satuan | L19: Harga Per M2 | N19: Qty
B20: 1 | C20: Kusen + Pintu Type PJ 1 | D20: 2.175 | E20: x | F20: 2.4 | G20: = | H20: =D20*F20 -> 5.22 | I20: 3686415 | J20: =J14 -> 698184.66 | K20: 3133453 | L20: =L14 -> 593457.01 | M20: =H20*J20 -> 3644523.9 | N20: 1 | P20: =M20*N20 -> 3644523.9
B21: =B20+1 -> 2 | C21: Kusen + Pintu Type PJ 2 | D21: 2.99 | E21: x | F21: 2.4 | G21: = | H21: =D21*F21 -> 7.176 | I21: 3301230 | J21: =J20 -> 698184.66 | K21: 2806046 | L21: =$L$20 -> 593457.01 | M21: =H21*J21 -> 5010173.1 | N21: 1 | P21: =M21*N21 -> 5010173.1
B22: =B21+1 -> 3 | C22: Kusen jendela casement J1 | D22: 2.075 | E22: x | F22: 2.3 | G22: = | H22: =D22*F22 -> 4.7725 | I22: 3301230 | J22: =J15 -> 833643.94 | K22: 2806046 | L22: =L15 -> 708597.47 | M22: =H22*J22 -> 3978565.7 | N22: 1 | P22: =M22*N22 -> 3978565.7
B23: =B22+1 -> 4 | C23: Kusen jendela casement J2 | D23: 0.8 | E23: x | F23: 0.25 | G23: = | H23: =D23*F23 -> 0.2 | I23: 3301230 | J23: =J22 -> 833643.94 | K23: 2806046 | L23: =L22 -> 708597.47 | M23: =H23*J23 -> 166728.79 | N23: 1 | P23: =M23*N23 -> 166728.79
B24: =B23+1 -> 5 | C24: Kusen jendela casement J3 | D24: 0.7 | E24: x | F24: 1.4 | G24: = | H24: =D24*F24 -> 0.98 | J24: =J23 -> 833643.94 | L24: =L23 -> 708597.47 | M24: =H24*J24 -> 816971.06 | N24: 1 | P24: =M24*N24 -> 816971.06
B25: =B24+1 -> 6 | C25: Kusen jendela casement J4 | D25: 1.548 | E25: x | F25: 2.75 | G25: = | H25: =D25*F25 -> 4.257 | J25: =J24 -> 833643.94 | L25: =L24 -> 708597.47 | M25: =H25*J25 -> 3548822.2 | N25: 1 | P25: =M25*N25 -> 3548822.2
B26: =B25+1 -> 7 | C26: Kusen jendela casement J5 | D26: 0.9 | E26: x | F26: 2.3 | G26: = | H26: =D26*F26 -> 2.07 | J26: =J25 -> 833643.94 | L26: =L25 -> 708597.47 | M26: =H26*J26 -> 1725643 | N26: 1 | P26: =M26*N26 -> 1725643
B27: =B26+1 -> 8 | C27: Kusen jendela casement J6 | D27: 1.3 | E27: x | F27: 1.4 | G27: = | H27: =D27*F27 -> 1.82 | J27: =J26 -> 833643.94 | L27: =L26 -> 708597.47 | M27: =H27*J27 -> 1517232 | N27: 1 | P27: =M27*N27 -> 1517232
P28: =SUM(P20:P27) -> 20408660
B31: No | C31: Uraian | D31: Dimensi (M) | I31: Harga Satuan
B32: 1 | C32: Daun Pintu | D32: 6 | E32: x | F32: 1 | G32: = | H32: =D32*F32 -> 6 | I32: 2200000 | J32: =H32*I32 -> 13200000
J33: =SUM(J32) -> 13200000
B34: No | C34: Uraian | D34: Vol | I34: Harga Satuan | J34: Jumlah Harga
B35: 1 | C35: Engsel Pintu | D35: 4 | E35: x | F35: 3 | G35: = | H35: =D35*F35 -> 12 | I35: 75000 | J35: =H35*I35 -> 900000
B36: 2 | C36: Kunci Pintu Utama | D36: 1 | E36: x | F36: 1 | G36: = | H36: =D36*F36 -> 1 | I36: 2700000 | J36: =H36*I36 -> 2700000
B37: 2 | C37: Kunci Pintu Indor | D37: 3 | E37: x | F37: 1 | G37: = | H37: =D37*F37 -> 3 | I37: 350000 | J37: =H37*I37 -> 1050000
J39: =SUM(J35:J38) -> 4650000

Sheet Volume
B2: LEMBAR PERHITUNGAN VOLUME PEKERJAAN
B3: PROYEK | C3: : | D3: RENOVASI A1-05
B4: LOKASI | C4: :
B5: TAHUN ANGGARAN | C5: : | D5: 2023-2024
B6: BANGUNAN | C6: : | D6: RUMAH TINGGAL JAGORAWI VARANA L7 x14
B7: GAMBAR SKET | E7: DIMENSI/PERHITUNGAN
B9: CODE | C9: : | D9: PEKERJAAN PERSIAPAN | E9: 1 | F9: Direksi Keet & Gudang | G9: = | H9: 4 | I9: x
E10: =E9+1 -> 2 | F10: Pas. Bouwplank & Pengukuran | G10: =
E11: =E10+1 -> 3 | F11: Pembersihan | G11: =
E12: =E11+1 -> 4 | F12: Air Kerja & Listrik Kerja | G12: =
E13: =E12+1 -> 5 | F13: Pengadaan & Pelaksanaan K3 (Keselamatan & Kesehatan | G13: =
F14: Kerja) sesuai dengan standard safety Modernland termasuk | G14: =
F15: pengadaan alat-alat safety seperti helm, safety shoes,
F16: rambu-rambu/signage metal, safety net, full body harnes,
F17: tabung APAR, cara penyambungan kabel, dll
E18: =E13+1 -> 6 | F18: Biaya Fee untuk Material MOU/PC Rate/SBO
E19: =E18+1 -> 7 | F19: Keamanan | G19: =
B21: CODE | C21: : | D21: PEKERJAAN FONDASI | E21: 1 | F21: Pekerjaan Fondasi
E22: A | F22: Tabel Pondasi Tapak
F23: Type Pondasi | H23: Dimensi (M) | K23: Penulangan
H24: B | I24: H | J24: T | K24: A1 | L24: A2 | M24: B1 | N24: B2 | O24: Qty
F25: F1 | H25: 1.2 | I25: 1.2 | J25: 0.15 | K25: D10-200 | L25: D10-201 | M25: D10-202 | N25: D10-203 | O25: 10 | P25: =H25*I25*J25*O25 -> 2.16 | R25: 3500
F26: F2 | H26: 0.8 | I26: 0.8 | J26: 0.15 | K26: =K25 -> D10-200 | L26: =L25 -> D10-201 | M26: =M25 -> D10-202 | N26: =N25 -> D10-203 | O26: 4 | P26: =H26*I26*J26*O26 -> 0.384 | R26: =R25/120 -> 29.166667
P27: =SUM(P25:P26) -> 2.544
E33: B | F33: Tabel Pondasi Batukali
F34: Type Pondasi | H34: Dimensi (M) | Q34: Vol Galian | R34: Vol Pond | S34: Vol Aanstampng
H35: A | I35: B | J35: H | K35: a1 | L35: a2 | M35: a3 | N35: a4 | O35: Px | P35: Py
F36: P1 | H36: 0.7 | I36: =H36/2 -> 0.35 | J36: =H36 -> 0.7 | K36: 0.2 | L36: 0.2 | M36: =L36 -> 0.2 | N36: =M36 -> 0.2 | O36: =6+1.75+1.75+6 -> 15.5 | P36: =1.2+1.5+3 -> 5.7 | Q36: =(H36+K36+L36+M36+N36)*(J36+K36)*(O36+P36) -> 28.62 | R36: =((H36+I36)/2)*J36*(O36+P36) -> 7.791
F37: P2 | H37: 0.5 | I37: =H37/2 -> 0.25 | J37: =H37 -> 0.5 | K37: 0.2 | L37: 0.2 | M37: =L37 -> 0.2 | N37: =M37 -> 0.2 | P37: =(5+4+1)*2 -> 20 | Q37: =(H37+K37+L37+M37+N37)*(J37+K37)*(O37+P37) -> 18.2 | R37: =((H37+I37)/2)*J37*(O37+P37) -> 3.75
F38: P3 | H38: =H37 -> 0.5 | I38: =I37 -> 0.25 | J38: =H38 -> 0.5 | K38: 0.2 | L38: 0.2 | M38: =L38 -> 0.2 | N38: =M38 -> 0.2 | O38: 6 | Q38: =(H38+K38+L38+M38+N38)*(J38+K38)*(O38+P38) -> 5.46 | R38: =((H38+I38)/2)*J38*(O38+P38) -> 1.125
Q39: =SUM(Q36:Q38) -> 52.28 | R39: =SUM(R36:R38) -> 12.666 | S39: =Q39-R39 -> 39.614
E40: C | F40: Tabel Sloof
F41: Type Pondasi | H41: Dimensi (M) | L41: Vol
H42: B | I42: H | J42: Px | K42: Py
F43: S1 | H43: 0.15 | I43: 0.25 | J43: =6+6+3+1.5 -> 16.5 | K43: =5.75+5.75+6 -> 17.5 | L43: =H43*I43*(J43+K43) -> 1.275
F44: S2 | H44: 0.15 | I44: 0.2 | J44: 6 | K44: =3.75+3.75+6+4.5+4.5 -> 22.5 | L44: =H44*I44*(J44+K44) -> 0.855
L46: =SUM(L43:L44) -> 2.13
E49: C | F49: Tabel Kolom
F50: Type Pondasi | H50: Dimensi (M) | L50: Vol
H51: B | I51: H | J51: t.1 | K51: t.2
F52: K3 | H52: 0.15 | I52: 0.25 | J52: =6+6+3+1.5 -> 16.5 | K52: =5.75+5.75+6 -> 17.5 | L52: =H52*I52*(J52+K52) -> 1.275
F53: S2 | H53: 0.15 | I53: 0.2 | J53: 6 | K53: =3.75+3.75+6+4.5+4.5 -> 22.5 | L53: =H53*I53*(J53+K53) -> 0.855
L55: =SUM(L52:L53) -> 2.13
F83: Volume Slab On Ground | H83: Luas | J83: Tebal
F84: Carpot | G84: = | H84: =23564975/1000000 -> 23.564975 | I84: x | J84: 0.08 | K84: = | L84: =H84*J84 -> 1.885198 | M84: M3
F85: Lantai Utama | G85: = | H85: 26.677427 | I85: x | J85: 0.08 | K85: = | L85: =H85*J85 -> 2.1341942 | M85: M3
L86: =SUM(L84:L85) -> 4.0193922

Sheet Sheet5

Sheet Sheet2
J6: 6000000 | K6: 52 | L6: =J6*K6 -> 312000000

Sheet ANALISA PERMEN
A1: ANALISA HARGA SATUAN PEKERJAAN
A2: PERATURAN MENTERI PEKERJAAN UMUM NO. 28/PRT/M/2016 | K2: =#REF! -> #REF!
A4: A.2.2.1. HARGA SATUAN PEKERJAAN PERSIAPAN
A5: Jenis Pekerjaan | C5: : | D5: A.2.2.1.8. (K3) Pembuatan 1m2 direksi keet, los kerja dan gudang
A6: Satuan | C6: : | D6: m2
A7: NO. | B7: URAIAN | E7: Kode | F7: SATUAN | G7: Koefisien | H7: HARGA SATUAN | I7: JUMLAH HARGA
H8: (Rp.) | I8: (Rp.)
A10: 1 | B10: UPAH
C11: - | D11: Pekerja | E11: L.01 | F11: O/H | G11: 1 | H11: 133600 | I11: =G11*H11 -> 133600
C12: - | D12: Tukang Kayu | E12: L.02 | F12: O/H | G12: 2 | H12: 167000 | I12: =G12*H12 -> 334000
C13: - | D13: Kepala Tukang | E13: L.03 | F13: O/H | G13: 0.2 | H13: 200300 | I13: =G13*H13 -> 40060
C14: - | D14: Mandor | E14: L.04 | F14: O/H | G14: 0.05 | H14: 234000 | I14: =G14*H14 -> 11700
A16: 2 | B16: BAHAN
C17: - Kayu Balok 6 x 12 x 400 cm | F17: Btg | G17: 1.25 | H17: 310000 | I17: =G17*H17 -> 387500
C18: - Kayu kelas III meranti 5/7 | F18: m³ | G18: 0.186 | H18: 3500000 | I18: =G18*H18 -> 651000
C19: - Paku 5-7 | F19: kg | G19: 0.3 | H19: 18000 | I19: =G19*H19 -> 5400
C20: - PC | F20: Kg | G20: 18 | H20: 1250 | I20: =G20*H20 -> 22500
C21: - Pasir Beton | F21: m³ | G21: 0.03 | H21: 336466 | I21: =G21*H21 -> 10093.98
C22: - Split | F22: m³ | G22: 0.05 | H22: 184800 | I22: =G22*H22 -> 9240
C23: - Seng gelombang | F23: Lbr | G23: 1.5 | H23: 35000 | I23: =G23*H23 -> 52500
C24: - Triplek 4 mm | F24: Lbr | G24: 1.35 | H24: 55000 | I24: =G24*H24 -> 74250
B26: A. JUMLAH | I26: =SUM(I9:I25) -> 1731844
B27: B. BIAYA UMUM DAN KEUNTUNGAN | F27: 0 | I27: =I26*F27 -> 0
B28: C. JUMLAH (A + B) | I28: =I26+I27 -> 1731844
A31: Jenis Pekerjaan | C31: : | D31: A.2.2.1.2. (K3) Pembuatan 1m2 Pagar Sementara dari Seng Setinggi 2 m
A32: Satuan | C32: : | D32: m2
A33: NO. | B33: URAIAN | E33: Kode | F33: SATUAN | G33: Koefisien | H33: HARGA SATUAN | I33: JUMLAH HARGA
H34: (Rp.) | I34: (Rp.)
A36: 1 | B36: UPAH
C37: - | D37: Pekerja | E37: L.01 | F37: O/H | G37: 0.2 | H37: 133600 | I37: =G37*H37 -> 26720
C38: - | D38: Tukang Kayu | E38: L.02 | F38: O/H | G38: 0.4 | H38: 167000 | I38: =G38*H38 -> 66800
C39: - | D39: Kepala Tukang | E39: L.03 | F39: O/H | G39: 0.02 | H39: 200300 | I39: =G39*H39 -> 4006
C40: - | D40: Mandor | E40: L.04 | F40: O/H | G40: 0.02 | H40: 234000 | I40: =G40*H40 -> 4680
A42: 2 | B42: BAHAN
C43: - | D43: Dolken Kayu 8-10/400 cm | F43: Batang | G43: 1.25 | H43: 27500 | I43: =G43*H43 -> 34375
C44: - | D44: Semen Portland | F44: Kg | G44: 2.5 | H44: 1250 | I44: =G44*H44 -> 3125
C45: - | D45: Seng Gelombang | F45: Lbr | G45: 1.2 | H45: 35000 | I45: =G45*H45 -> 42000
C46: - | D46: Pasir Beton | F46: m3 | G46: 0.005 | H46: 336466 | I46: =G46*H46 -> 1682.33
C47: - | D47: Kerikil Beton | F47: m3 | G47: 0.009 | H47: 360000 | I47: =G47*H47 -> 3240
C48: - | D48: Kayu 5/7 | F48: m3 | G48: 0.072 | H48: 8500000 | I48: =G48*H48 -> 612000
C49: - | D49: Paku Biasa 2 - 5 cm | F49: Kg | G49: 0.06 | H49: 30000 | I49: =G49*H49 -> 1800
C50: - | D50: Meni Besi | F50: kg | G50: 0.45 | H50: 55000 | I50: =G50*H50 -> 24750
B52: A. JUMLAH | I52: =SUM(I35:I51) -> 825178.33
B53: B. BIAYA UMUM DAN KEUNTUNGAN | F53: 0 | I53: =I52*F53 -> 0
B54: C. JUMLAH (A + B) | I54: =I52+I53 -> 825178.33
A55: PERMEN PUPR NO.28/PRT/M/2016, KOEFISIEN AHSP BIDANG UMUM DAN SDA
A57: Jenis Pekerjaan | C57: : | D57: A.2.2.1.4. Pengukuran dan Pemasangan 1 m' Bouwplank
A58: Satuan | C58: : | D58: m'
A59: NO. | B59: URAIAN | E59: Kode | F59: SATUAN | G59: Koefisien | H59: HARGA SATUAN | I59: JUMLAH HARGA
H60: (Rp.) | I60: (Rp.)
A62: 1 | B62: UPAH
C63: - | D63: Pekerja | E63: L.01 | F63: O/H | G63: 0.1 | H63: 133600 | I63: =G63*H63 -> 13360
C64: - | D64: Tukang Batu | E64: L.02 | F64: O/H | G64: 0.1 | H64: 167000 | I64: =G64*H64 -> 16700
C65: - | D65: Kepala Tukang Batu | E65: L.03 | F65: O/H | G65: 0.01 | H65: 200300 | I65: =G65*H65 -> 2003
C66: - | D66: Mandor | E66: L.04 | F66: O/H | G66: 0.005 | H66: 234000 | I66: =G66*H66 -> 1170
A68: 2 | B68: BAHAN
C69: - | D69: Kayu kaso 5/7 | F69: m3 | G69: 0.012 | H69: 3500000 | I69: =G69*H69 -> 42000
C70: - | D70: Paku 2" - 3" | F70: Kg | G70: 0.02 | H70: 30000 | I70: =G70*H70 -> 600
C71: - | D71: Kayu Papan 3/20 | F71: m3 | G71: 0.007 | H71: 10000000 | I71: =G71*H71 -> 70000
B73: A. JUMLAH | I73: =SUM(I63:I72) -> 145833
B74: B. BIAYA UMUM DAN KEUNTUNGAN | F74: 0 | I74: =I73*F74 -> 0
B75: C. JUMLAH (A + B) | I75: =I73+I74 -> 145833
A76: PERMEN PUPR NO.28/PRT/M/2016, KOEFISIEN AHSP BIDANG UMUM DAN SDA
A78: Jenis Pekerjaan | C78: : | D78: LA.03 Pembuatan papan nama pekerjaan
A79: Satuan | C79: : | D79: unit
A80: NO. | B80: URAIAN | E80: Kode | F80: SATUAN | G80: Koefisien | H80: HARGA SATUAN | I80: JUMLAH HARGA
H81: (Rp.) | I81: (Rp.)
A83: 1 | B83: UPAH
C84: - | D84: Pekerja | E84: L.01 | F84: O/H | G84: 1 | H84: =H63 -> 133600 | I84: =G84*H84 -> 133600
C85: - | D85: Tukang Kayu | E85: L.02 | F85: O/H | G85: 1 | H85: =H64 -> 167000 | I85: =G85*H85 -> 167000
C86: - | D86: Kepala Tukang Kayu | E86: L.03 | F86: O/H | G86: 0.1 | H86: =H65 -> 200300 | I86: =G86*H86 -> 20030
C87: - | D87: Mandor | E87: L.04 | F87: O/H | G87: 0.1 | H87: =H66 -> 234000 | I87: =G87*H87 -> 23400
A89: 2 | B89: BAHAN
C90: - | D90: Multiplek tebal 12 mm | F90: lembar | G90: 0.35 | H90: 135000 | I90: =G90*H90 -> 47250
C91: - | D91: Tiang kayu 8/12 kelas II, tinggi 4m | F91: m3 | G91: 0.077 | H91: =H69 -> 3500000 | I91: =G91*H91 -> 269500
C92: - | D92: Paku campuran | F92: Kg | G92: 1.25 | H92: =H70 -> 30000 | I92: =G92*H92 -> 37500
C93: - | D93: Cat kayu | F93: m3 | G93: 2.5 | H93: 75000 | I93: =G93*H93 -> 187500
B95: A. JUMLAH | I95: =SUM(I84:I94) -> 885780
B96: B. BIAYA UMUM DAN KEUNTUNGAN | F96: 0 | I96: =I95*F96 -> 0
B97: C. JUMLAH (A + B) | I97: =I95+I96 -> 885780
A98: PERMEN PUPR NO.28/PRT/M/2016, KOEFISIEN AHSP BIDANG UMUM DAN SDA
A100: Jenis Pekerjaan | C100: : | D100: LA.03.b1 Buah papan nama pekerjaan menggunakan multiflex 10 mm,frame allumunium siku dan tiang kayu 5/7, printing banner plastik
A102: Satuan | C102: : | D102: unit
A103: NO. | B103: URAIAN | E103: Kode | F103: SATUAN | G103: Koefisien | H103: HARGA SATUAN | I103: JUMLAH HARGA
H104: (Rp.) | I104: (Rp.)
A106: 1 | B106: UPAH
C107: - | D107: Pekerja | E107: L.01 | F107: O/H | G107: =0.75*2 -> 1.5 | H107: =H84 -> 133600 | I107: =G107*H107 -> 200400
C108: - | D108: Tukang Kayu | E108: L.02 | F108: O/H | G108: =0.75*2 -> 1.5 | H108: =H85 -> 167000 | I108: =G108*H108 -> 250500
C109: - | D109: Kepala Tukang Kayu | E109: L.03 | F109: O/H | G109: =0.1*2 -> 0.2 | H109: =H86 -> 200300 | I109: =G109*H109 -> 40060
C110: - | D110: Mandor | E110: L.04 | F110: O/H | G110: =0.075*2 -> 0.15 | H110: =H87 -> 234000 | I110: =G110*H110 -> 35100
A112: 2 | B112: BAHAN
C113: - | D113: Multiplek tebal 9 mm | F113: lembar | G113: =0.18*2 -> 0.36 | H113: 135000 | I113: =G113*H113 -> 48600
C114: - | D114: Tiang kayu 5/7 kelas II, tinggi 3m | F114: m3 | G114: =0.021*2 -> 0.042 | H114: 4250000 | I114: =G114*H114 -> 178500
C115: - | D115: Frame allumuniumL.10.10.1 ***) | F115: Kg | G115: =0.1*2 -> 0.2 | H115: 19500 | I115: =G115*H115 -> 3900
C116: - | D116: Banner plastik ukuran 0,6 x 0,8 m2 | F116: m2 | G116: =0.48*2 -> 0.96 | H116: 50000 | I116: =G116*H116 -> 48000
C117: - | D117: Paku campuran 5 cm dan 7 cm | F117: Kg | G117: =1.25*2 -> 2.5 | H117: 18000 | I117: =G117*H117 -> 45000
C118: - | D118: Cat kayu | F118: m3 | G118: =1.5*2 -> 3 | H118: 15800 | I118: =G118*H118 -> 47400
B120: A. JUMLAH | I120: =SUM(I107:I119) -> 897460
B121: B. BIAYA UMUM DAN KEUNTUNGAN | F121: 0 | I121: =I120*F121 -> 0
B122: C. JUMLAH (A + B) | I122: =I120+I121 -> 897460
...
